Type,Name,Request Count,Failure Count,Median Response Time,Average Response Time,Min Response Time,Max Response Time,Average Content Size,Requests/s,Failures/s,50%,66%,75%,80%,90%,95%,98%,99%,99.9%,99.99%,100%
GET,/productpage?u=normal,4772,0,590.0,627.8593881387231,192.90171199827455,2474.854068015702,4941.068734283319,40.76401368484413,0.0,590,650,700,740,850,970,1200,1400,2300,2500,2500
GET,/productpage?u=test,4591,0,590.0,619.6869896645978,241.48855500970967,1596.138004999375,4942.4443476366805,39.21785138875092,0.0,590,660,710,740,840,950,1100,1200,1500,1600,1600
,Aggregated,9363,0,590.0,623.8521808980188,192.90171199827455,2474.854068015702,4941.743244686532,79.98186507359506,0.0,590,650,710,740,850,960,1100,1300,2200,2500,2500
