Type,Name,Request Count,Failure Count,Median Response Time,Average Response Time,Min Response Time,Max Response Time,Average Content Size,Requests/s,Failures/s,50%,66%,75%,80%,90%,95%,98%,99%,99.9%,99.99%,100%
GET,/productpage?u=normal,4650,0,590.0,639.1057602418804,207.2378720040433,2193.73175301007,4945.426236559139,39.73427553940553,0.0,590,640,680,720,870,1100,1500,1600,2100,2200,2200
GET,/productpage?u=test,4538,0,590.0,630.3896644189474,214.53657699748874,1699.0972500061616,4933.085940943147,38.77723492426286,0.0,590,640,680,720,850,1000,1300,1500,1600,1700,1700
,Aggregated,9188,0,590.0,634.8008361186264,207.2378720040433,2193.73175301007,4939.331301697866,78.51151046366839,0.0,590,640,680,720,860,1000,1400,1500,2000,2200,2200
