Type,Name,Request Count,Failure Count,Median Response Time,Average Response Time,Min Response Time,Max Response Time,Average Content Size,Requests/s,Failures/s,50%,66%,75%,80%,90%,95%,98%,99%,99.9%,99.99%,100%
GET,/productpage?u=normal,4648,0,570.0,638.2744404978108,236.19583598338068,2546.575070009567,4936.701376936317,39.70419881705178,0.0,570,630,680,710,890,1200,1500,1700,2500,2500,2500
GET,/productpage?u=test,4647,0,570.0,618.0956632319504,267.2235029749572,2014.3026880105026,4928.836238433398,39.69565660560233,0.0,570,620,670,710,850,1100,1300,1400,1700,2000,2000
,Aggregated,9295,0,570.0,628.1861373289628,236.19583598338068,2546.575070009567,4932.7692307692305,79.39985542265411,0.0,570,630,670,710,870,1100,1400,1600,2300,2500,2500
