Type,Name,Request Count,Failure Count,Median Response Time,Average Response Time,Min Response Time,Max Response Time,Average Content Size,Requests/s,Failures/s,50%,66%,75%,80%,90%,95%,98%,99%,99.9%,99.99%,100%
GET,/productpage?u=normal,4843,0,560.0,613.5783563585842,193.95459300721996,1876.0035159939434,4935.466033450341,41.368833501156374,0.0,560,620,660,700,840,1000,1300,1600,1800,1900,1900
GET,/productpage?u=test,4775,0,560.0,600.2482354947589,226.98442300315946,1819.638541986933,4941.037486910995,40.78797851910421,0.0,560,610,660,690,810,960,1200,1400,1700,1800,1800
,Aggregated,9618,0,560.0,606.9604184167305,193.95459300721996,1876.0035159939434,4938.232064878353,82.15681202026059,0.0,560,620,660,690,820,980,1200,1500,1800,1900,1900
