Type,Name,Request Count,Failure Count,Median Response Time,Average Response Time,Min Response Time,Max Response Time,Average Content Size,Requests/s,Failures/s,50%,66%,75%,80%,90%,95%,98%,99%,99.9%,99.99%,100%
GET,/productpage?u=normal,4445,0,600.0,654.9296444500429,244.91727698477916,3245.2424119983334,4936.98042744657,37.975166032977334,0.0,600,660,720,770,890,1000,1400,1900,2900,3200,3200
GET,/productpage?u=test,4552,0,600.0,643.2857102741165,262.2653620201163,2110.505518008722,4935.051845342707,38.889303887989385,0.0,600,660,720,760,870,980,1200,1500,2100,2100,2100
,Aggregated,8997,0,600.0,649.0384375623228,244.91727698477916,3245.2424119983334,4936.004668222741,76.86446992096671,0.0,600,660,720,770,880,1000,1300,1600,2600,3200,3200
