Type,Name,Request Count,Failure Count,Median Response Time,Average Response Time,Min Response Time,Max Response Time,Average Content Size,Requests/s,Failures/s,50%,66%,75%,80%,90%,95%,98%,99%,99.9%,99.99%,100%
GET,/productpage?u=normal,4405,0,610.0,668.4172130949581,261.511265009176,1975.3840480116196,4951.92417707151,37.631808844135726,0.0,610,670,720,760,940,1100,1500,1600,1900,2000,2000
GET,/productpage?u=test,4409,0,610.0,656.3512610727477,265.1170100143645,2196.9841810059734,4930.27489226582,37.66598074773994,0.0,610,660,710,750,900,1100,1400,1500,1800,2200,2200
,Aggregated,8814,0,610.0,662.3814991777934,261.511265009176,2196.9841810059734,4941.094622191968,75.29778959187567,0.0,610,670,720,750,920,1100,1400,1500,1900,2200,2200
