Type,Name,Request Count,Failure Count,Median Response Time,Average Response Time,Min Response Time,Max Response Time,Average Content Size,Requests/s,Failures/s,50%,66%,75%,80%,90%,95%,98%,99%,99.9%,99.99%,100%
GET,/productpage?u=normal,4172,0,650.0,716.7898906131119,248.42469100258313,3118.161634018179,4930.300095877277,35.63938001530217,0.0,650,720,780,830,1000,1300,1700,2000,2600,3100,3100
GET,/productpage?u=test,4065,0,640.0,698.427702510228,245.67433798802085,3019.2493950016797,4940.726691266913,34.725330719607705,0.0,640,710,760,810,990,1200,1400,1800,2500,3000,3000
,Aggregated,8237,0,640.0,707.7280605004246,245.67433798802085,3118.161634018179,4935.445671967949,70.36471073490988,0.0,640,720,770,820,1000,1200,1500,1900,2600,3100,3100
