Type,Name,Request Count,Failure Count,Median Response Time,Average Response Time,Min Response Time,Max Response Time,Average Content Size,Requests/s,Failures/s,50%,66%,75%,80%,90%,95%,98%,99%,99.9%,99.99%,100%
GET,/productpage?u=normal,4701,0,580.0,636.0573058976554,211.4989629772026,2176.0890550212935,4939.581791108275,40.15256618133458,0.0,580,630,680,720,870,1100,1500,1700,2100,2200,2200
GET,/productpage?u=test,4627,0,570.0,616.0236230750288,274.2651360167656,1967.0142079994548,4939.555219364599,39.520511321215714,0.0,570,620,660,690,830,990,1400,1600,1800,2000,2000
,Aggregated,9328,0,570.0,626.1199291373321,211.4989629772026,2176.0890550212935,4939.568610634648,79.67307750255029,0.0,570,630,670,710,850,1000,1500,1600,2000,2200,2200
