Type,Name,Request Count,Failure Count,Median Response Time,Average Response Time,Min Response Time,Max Response Time,Average Content Size,Requests/s,Failures/s,50%,66%,75%,80%,90%,95%,98%,99%,99.9%,99.99%,100%
GET,/productpage?u=normal,4796,0,570.0,624.3400590835579,190.35706200520508,2169.5951770234387,4951.738115095914,40.96528416785055,0.0,570,640,690,730,850,1000,1400,1500,2000,2200,2200
GET,/productpage?u=test,4594,0,580.0,620.1844184177965,247.2632440039888,1866.7522959876806,4935.955594253374,39.23989063117294,0.0,580,640,690,730,850,990,1300,1400,1700,1900,1900
,Aggregated,9390,0,580.0,622.3069373350494,190.35706200520508,2169.5951770234387,4944.01661341853,80.20517479902348,0.0,580,640,690,730,850,1000,1300,1500,1900,2200,2200
