Type,Name,Request Count,Failure Count,Median Response Time,Average Response Time,Min Response Time,Max Response Time,Average Content Size,Requests/s,Failures/s,50%,66%,75%,80%,90%,95%,98%,99%,99.9%,99.99%,100%
GET,/productpage?u=normal,4390,0,610.0,668.3047940932483,272.4162180093117,2896.688404987799,4940.297949886105,37.49978419237463,0.0,610,670,720,750,900,1100,1400,1900,2700,2900,2900
GET,/productpage?u=test,4447,0,620.0,650.7837187750459,276.1854090203997,1943.7900829943828,4929.810209129751,37.98668344043052,0.0,620,670,710,740,860,1000,1300,1400,1800,1900,1900
,Aggregated,8837,0,610.0,659.4877496279279,272.4162180093117,2896.688404987799,4935.020255742899,75.48646763280514,0.0,610,670,710,740,880,1100,1300,1500,2600,2900,2900
