Type,Name,Request Count,Failure Count,Median Response Time,Average Response Time,Min Response Time,Max Response Time,Average Content Size,Requests/s,Failures/s,50%,66%,75%,80%,90%,95%,98%,99%,99.9%,99.99%,100%
GET,/productpage?u=normal,4900,0,590.0,606.4740420386967,215.2661730069667,2940.9699800016824,4950.300408163265,41.856592554338114,0.0,590,640,670,690,750,810,920,1600,2900,2900,2900
GET,/productpage?u=test,4826,0,580.0,593.4257730548605,212.8922319971025,1281.782703998033,4943.60961458765,41.22447258515015,0.0,580,640,670,700,750,790,870,920,1200,1300,1300
,Aggregated,9726,0,590.0,599.9995462422754,212.8922319971025,2940.9699800016824,4946.980464733703,83.08106513948827,0.0,590,640,670,690,750,800,890,980,2900,2900,2900
