Type,Name,Request Count,Failure Count,Median Response Time,Average Response Time,Min Response Time,Max Response Time,Average Content Size,Requests/s,Failures/s,50%,66%,75%,80%,90%,95%,98%,99%,99.9%,99.99%,100%
GET,/productpage?u=normal,4043,0,680.0,739.7820196143812,260.36546399700455,2792.5069379853085,4939.781845164482,34.556784078922114,0.0,680,760,810,860,1000,1200,1700,2300,2800,2800,2800
GET,/productpage?u=test,3937,0,670.0,721.6718640495087,233.01447601988912,2532.0710869855247,4936.086868173737,33.65076896332336,0.0,670,760,810,860,990,1200,1500,1600,2400,2500,2500
,Aggregated,7980,0,680.0,730.8472223137647,233.01447601988912,2792.5069379853085,4937.9588972431075,68.20755304224546,0.0,680,760,810,860,1000,1200,1500,1900,2700,2800,2800
