Type,Name,Request Count,Failure Count,Median Response Time,Average Response Time,Min Response Time,Max Response Time,Average Content Size,Requests/s,Failures/s,50%,66%,75%,80%,90%,95%,98%,99%,99.9%,99.99%,100%
GET,/productpage?u=normal,2,0,3925.4134990042076,3958.5290149989305,3925.4134990042076,3991.6445309936535,4794.0,0.4979323770416389,0.0,4000,4000,4000,4000,4000,4000,4000,4000,4000,4000,4000
,Aggregated,2,0,3925.4134990042076,3958.5290149989305,3925.4134990042076,3991.6445309936535,4794.0,0.4979323770416389,0.0,4000,4000,4000,4000,4000,4000,4000,4000,4000,4000,4000
