Type,Name,Request Count,Failure Count,Median Response Time,Average Response Time,Min Response Time,Max Response Time,Average Content Size,Requests/s,Failures/s,50%,66%,75%,80%,90%,95%,98%,99%,99.9%,99.99%,100%
GET,/productpage?u=normal,4483,0,600.0,648.616936934055,207.657640974503,3187.8542759804986,4944.282400178452,38.29438671112664,0.0,600,660,720,760,880,1100,1300,1700,2400,3200,3200
GET,/productpage?u=test,4552,0,600.0,642.9338812638707,91.52281499700621,2542.259556008503,4936.818980667838,38.88379395695929,0.0,600,660,710,750,870,1000,1200,1400,2200,2500,2500
,Aggregated,9035,0,600.0,645.7537084436653,91.52281499700621,3187.8542759804986,4940.5221914775875,77.17818066808593,0.0,600,660,710,760,880,1000,1300,1500,2300,3200,3200
