Type,Name,Request Count,Failure Count,Median Response Time,Average Response Time,Min Response Time,Max Response Time,Average Content Size,Requests/s,Failures/s,50%,66%,75%,80%,90%,95%,98%,99%,99.9%,99.99%,100%
GET,/productpage?u=normal,29,0,8400.0,8057.533668343114,1236.1383399984334,10746.176462998847,4707.793103448276,1.208319253141841,0.0,8400,9900,10000,10000,11000,11000,11000,11000,11000,11000,11000
GET,/productpage?u=test,1,0,5438.346342009027,5438.346342009027,5438.346342009027,5438.346342009027,5294.0,0.0416661811428221,0.0,5400,5400,5400,5400,5400,5400,5400,5400,5400,5400,5400
,Aggregated,30,0,8300.0,7970.227424131978,1236.1383399984334,10746.176462998847,4727.333333333333,1.249985434284663,0.0,8400,9800,10000,10000,11000,11000,11000,11000,11000,11000,11000
