Type,Name,Request Count,Failure Count,Median Response Time,Average Response Time,Min Response Time,Max Response Time,Average Content Size,Requests/s,Failures/s,50%,66%,75%,80%,90%,95%,98%,99%,99.9%,99.99%,100%
GET,/productpage?u=normal,19746,14711,1100.0,1977.629666171991,8.320791006553918,58333.834777004085,1329.787248050238,164.7653045049075,122.75207103067427,1100,1500,2100,2500,3600,5400,14000,19000,55000,57000,58000
GET,/productpage?u=test,18303,13871,980.0,1794.579988992377,12.411169009283185,57963.62017298816,1266.7062776594,152.72457046254036,115.7429119207724,980,1400,1900,2200,3200,4200,14000,16000,56000,57000,58000
,Aggregated,38049,28582,1000.0,1889.5758870603654,8.320791006553918,58333.834777004085,1299.4429288548977,317.48987496744786,238.49498295144667,1000,1500,2000,2400,3400,4900,14000,18000,56000,57000,58000
