Type,Name,Request Count,Failure Count,Median Response Time,Average Response Time,Min Response Time,Max Response Time,Average Content Size,Requests/s,Failures/s,50%,66%,75%,80%,90%,95%,98%,99%,99.9%,99.99%,100%
GET,/productpage?u=normal,21646,16606,1100.0,2151.3501847023977,6.673313997453079,111891.4895769849,1221.0062829160122,184.01081987192478,141.1662050629762,1100,1600,2100,2300,3400,5100,14000,27000,111000,112000,112000
GET,/productpage?u=test,19542,15144,980.0,1783.1216517810747,5.9670680202543736,111650.573780993,1181.9828062634326,166.12489337231608,128.73786640212643,980,1500,1900,2200,2900,4000,7200,16000,58000,111000,112000
,Aggregated,41188,31750,1000.0,1976.6409977948547,5.9670680202543736,111891.4895769849,1202.491259590172,350.13571324424083,269.9040714651026,1000,1500,2000,2300,3200,4500,9400,18000,111000,112000,112000
