Type,Name,Request Count,Failure Count,Median Response Time,Average Response Time,Min Response Time,Max Response Time,Average Content Size,Requests/s,Failures/s,50%,66%,75%,80%,90%,95%,98%,99%,99.9%,99.99%,100%
GET,/productpage?u=normal,2,0,1600.0,1594.3203405186068,1573.276869021356,1615.3638120158575,4792.0,1.2192873558106068,0.0,1600,1600,1600,1600,1600,1600,1600,1600,1600,1600,1600
,Aggregated,2,0,1600.0,1594.3203405186068,1573.276869021356,1615.3638120158575,4792.0,1.2192873558106068,0.0,1600,1600,1600,1600,1600,1600,1600,1600,1600,1600,1600
