Type,Name,Request Count,Failure Count,Median Response Time,Average Response Time,Min Response Time,Max Response Time,Average Content Size,Requests/s,Failures/s,50%,66%,75%,80%,90%,95%,98%,99%,99.9%,99.99%,100%
GET,/productpage?u=normal,20516,15313,1100.0,2924.2651596858564,6.139022996649146,112765.56732598692,1321.916016767401,170.7028469835005,127.41142015297054,1100,1900,2200,2500,3700,5800,15000,55000,112000,113000,113000
GET,/productpage?u=test,18240,13875,1000.0,2043.1829870655822,7.5468680006451905,112502.57692398736,1248.1157346491227,151.7654478933052,115.44657837278561,1000,1700,2100,2300,3200,4100,13000,15000,111000,112000,113000
,Aggregated,38756,29188,1000.0,2509.595461352882,6.139022996649146,112765.56732598692,1287.1828878109195,322.4682948768057,242.85799852575613,1000,1800,2100,2400,3500,4800,14000,27000,112000,113000,113000
