Type,Name,Request Count,Failure Count,Median Response Time,Average Response Time,Min Response Time,Max Response Time,Average Content Size,Requests/s,Failures/s,50%,66%,75%,80%,90%,95%,98%,99%,99.9%,99.99%,100%
GET,/productpage?u=normal,20131,15935,1000.0,3027.404657752367,8.548370009521022,112344.07590999035,1100.6189955789578,168.0022122867388,132.98471277081032,1000,1700,2200,2500,3900,6400,17000,55000,112000,112000,112000
GET,/productpage?u=test,17938,14215,970.0,2278.6332074009642,13.726626988500357,112286.14867400029,1097.4215074144274,149.70064497538723,118.6305423305346,970,1600,2000,2300,3300,4600,14000,28000,111000,112000,112000
,Aggregated,38069,30150,990.0,2674.5857689871546,8.548370009521022,112344.07590999035,1099.112348630119,317.70285726212603,251.61525510134493,990,1600,2100,2400,3600,5400,16000,30000,112000,112000,112000
