Type,Name,Request Count,Failure Count,Median Response Time,Average Response Time,Min Response Time,Max Response Time,Average Content Size,Requests/s,Failures/s,50%,66%,75%,80%,90%,95%,98%,99%,99.9%,99.99%,100%
GET,/productpage?u=normal,19844,15544,970.0,2480.5298011900522,6.551475002197549,110587.07967001828,1140.8967950010078,168.58494024588902,132.05423862034363,970,1700,2400,2700,4100,6300,15000,27000,111000,111000,111000
GET,/productpage?u=test,18137,14355,910.0,1933.616562951916,9.453717997530475,110515.06080199033,1104.0622484424105,154.08310125174808,121.95307484528001,910,1400,2200,2500,3300,4600,13000,16000,110000,111000,111000
,Aggregated,37981,29899,940.0,2219.363286302998,6.551475002197549,110587.07967001828,1123.3072588926043,322.6680414976371,254.00731346562364,940,1600,2300,2600,3700,5500,14000,27000,111000,111000,111000
