Type,Name,Request Count,Failure Count,Median Response Time,Average Response Time,Min Response Time,Max Response Time,Average Content Size,Requests/s,Failures/s,50%,66%,75%,80%,90%,95%,98%,99%,99.9%,99.99%,100%
GET,/productpage?u=normal,20946,15733,1100.0,2231.977888217701,9.063254023203626,111996.1389079981,1294.8179604697793,178.16612000448637,133.8244803795753,1100,1800,2200,2400,3600,5200,14000,27000,112000,112000,112000
GET,/productpage?u=test,18962,14298,1000.0,1797.7581226656491,10.243267024634406,111850.24866499589,1282.9504271701298,161.29026866824552,121.61840847055029,1000,1700,2000,2300,3200,4200,8400,15000,54000,112000,112000
,Aggregated,39908,30031,1100.0,2025.6614806203,9.063254023203626,111996.1389079981,1289.1791871304,339.4563886727319,255.4428888501256,1100,1700,2100,2400,3300,4700,14000,16000,111000,112000,112000
