Type,Name,Request Count,Failure Count,Median Response Time,Average Response Time,Min Response Time,Max Response Time,Average Content Size,Requests/s,Failures/s,50%,66%,75%,80%,90%,95%,98%,99%,99.9%,99.99%,100%
GET,/productpage?u=normal,21156,16478,1100.0,3206.518311921335,9.618266019970179,111548.17092299345,1161.4357156362262,176.47883210536048,137.4559555413183,1100,1900,2400,2700,4100,6400,20000,107000,112000,112000,112000
GET,/productpage?u=test,19274,15158,980.0,2161.5121146956067,14.87187299062498,111386.92336698296,1124.8559717754488,160.77959018712036,126.44479755402979,980,1600,2100,2400,3400,4700,13000,27000,111000,111000,111000
,Aggregated,40430,31636,1100.0,2708.337519308698,9.618266019970179,111548.17092299345,1143.9972297798665,337.2584222924809,263.90075309534814,1100,1700,2200,2600,3800,5800,15000,31000,112000,112000,112000
