Type,Name,Request Count,Failure Count,Median Response Time,Average Response Time,Min Response Time,Max Response Time,Average Content Size,Requests/s,Failures/s,50%,66%,75%,80%,90%,95%,98%,99%,99.9%,99.99%,100%
GET,/productpage?u=normal,18781,14112,1100.0,2470.917074436146,8.774918998824432,113062.9818099842,1296.5378840317342,159.54383385894803,119.88086808037242,1100,1800,2200,2500,3800,5700,14000,28000,112000,113000,113000
GET,/productpage?u=test,16810,12695,1000.0,1995.2216746348604,10.486526996828616,112801.87974,1277.5130874479476,142.80026873802868,107.84351050739285,1000,1700,2000,2300,3300,4500,14000,27000,111000,113000,113000
,Aggregated,35591,26807,1100.0,2246.241182478657,8.774918998824432,113062.9818099842,1287.5522744514062,302.3441025969767,227.72437858776527,1100,1700,2100,2400,3500,5200,14000,27000,111000,113000,113000
