Type,Name,Request Count,Failure Count,Median Response Time,Average Response Time,Min Response Time,Max Response Time,Average Content Size,Requests/s,Failures/s,50%,66%,75%,80%,90%,95%,98%,99%,99.9%,99.99%,100%
GET,/productpage?u=normal,18357,14062,1200.0,2324.469677237177,8.759650983847678,112216.09612900647,1224.6203628043797,153.13791691775924,117.3081324670442,1200,1800,2400,2800,3900,5800,15000,27000,107000,112000,112000
GET,/productpage?u=test,16491,12811,990.0,1915.3688620443515,4.892165015917271,111700.97102699219,1175.891152749985,137.57135631588864,106.87202994135282,990,1700,2000,2500,3400,4200,7400,16000,107000,112000,112000
,Aggregated,34848,26873,1100.0,2130.872295942838,4.892165015917271,112216.09612900647,1201.560405188246,290.7092732336479,224.18016240839702,1100,1800,2200,2600,3600,5300,13000,27000,107000,112000,112000
