Type,Name,Request Count,Failure Count,Median Response Time,Average Response Time,Min Response Time,Max Response Time,Average Content Size,Requests/s,Failures/s,50%,66%,75%,80%,90%,95%,98%,99%,99.9%,99.99%,100%
GET,/productpage?u=normal,21123,16801,950.0,1979.3227415560805,13.219087006291375,60649.17675999459,1084.6140699711216,179.36434616017664,142.6644122443369,950,1600,2100,2400,3800,5500,14000,27000,56000,58000,61000
GET,/productpage?u=test,19219,15518,880.0,1720.726305205093,11.48943297448568,58163.44104797463,1024.943857640876,163.19667513385576,131.76991543405867,880,1300,1900,2200,3200,4300,9100,16000,54000,58000,58000
,Aggregated,40342,32319,920.0,1856.1269428790436,11.48943297448568,60649.17675999459,1056.187075504437,342.5610212940324,274.43432767839556,920,1400,2000,2300,3500,5000,13000,17000,55000,58000,61000
