Type,Name,Request Count,Failure Count,Median Response Time,Average Response Time,Min Response Time,Max Response Time,Average Content Size,Requests/s,Failures/s,50%,66%,75%,80%,90%,95%,98%,99%,99.9%,99.99%,100%
GET,/productpage?u=normal,19850,15243,1000.0,2558.8014078411,6.469123007263988,111197.6940970053,1217.950780856423,165.6280950477835,127.18735782435083,1000,1800,2200,2500,3800,5700,14000,29000,111000,111000,111000
GET,/productpage?u=test,18046,13720,950.0,2005.2741240075363,10.68854599725455,111112.57257300895,1253.5021611437437,150.57554676233255,114.47946922194406,950,1600,2000,2300,3300,4500,10000,17000,107000,111000,111000
,Aggregated,37896,28963,980.0,2295.2128136870956,6.469123007263988,111197.6940970053,1234.8802776018576,316.20364181011604,241.66682704629488,980,1700,2100,2500,3500,5300,14000,27000,111000,111000,111000
