Type,Name,Request Count,Failure Count,Median Response Time,Average Response Time,Min Response Time,Max Response Time,Average Content Size,Requests/s,Failures/s,50%,66%,75%,80%,90%,95%,98%,99%,99.9%,99.99%,100%
GET,/productpage?u=normal,4803,0,550.0,602.3744278572086,215.64691100502387,2407.3522410180885,4942.5030189464915,41.02606407577536,0.0,550,590,630,670,840,1100,1400,1500,2100,2400,2400
GET,/productpage?u=test,5021,0,540.0,587.2163140208302,220.9082640183624,1667.2216549923178,4930.459669388568,42.88816733801126,0.0,540,590,620,660,810,970,1300,1400,1600,1700,1700
,Aggregated,9824,0,540.0,594.6271874691364,215.64691100502387,2407.3522410180885,4936.347719869706,83.91423141378661,0.0,540,590,630,670,820,1000,1300,1400,2000,2400,2400
