Type,Name,Request Count,Failure Count,Median Response Time,Average Response Time,Min Response Time,Max Response Time,Average Content Size,Requests/s,Failures/s,50%,66%,75%,80%,90%,95%,98%,99%,99.9%,99.99%,100%
GET,/productpage?u=normal,4709,0,570.0,631.0924654818486,200.31688100425526,2732.481874001678,4950.358462518581,40.22588102483279,0.0,570,630,670,710,890,1100,1400,1900,2300,2700,2700
GET,/productpage?u=test,4639,0,570.0,618.1141223183258,219.83494301093742,1908.592468011193,4934.064669109722,39.62791719562525,0.0,570,630,670,700,840,1100,1300,1500,1900,1900,1900
,Aggregated,9348,0,570.0,624.6518863274216,200.31688100425526,2732.481874001678,4942.272571673085,79.85379822045803,0.0,570,630,670,710,870,1100,1400,1600,2300,2700,2700
