Type,Name,Request Count,Failure Count,Median Response Time,Average Response Time,Min Response Time,Max Response Time,Average Content Size,Requests/s,Failures/s,50%,66%,75%,80%,90%,95%,98%,99%,99.9%,99.99%,100%
GET,/productpage?u=normal,4402,0,630.0,679.7114323578121,263.106118014548,3435.2296240103897,4933.104043616538,37.60053338661465,0.0,630,700,750,790,960,1100,1500,1700,2200,3400,3400
GET,/productpage?u=test,4301,0,620.0,660.4978159196334,255.16924398834817,1954.3622320052236,4943.971634503604,36.73782237524525,0.0,620,690,740,770,920,1100,1200,1500,1900,2000,2000
,Aggregated,8703,0,630.0,670.2161130080888,255.16924398834817,3435.2296240103897,4938.474778811904,74.3383557618599,0.0,630,690,740,780,940,1100,1300,1600,2100,3400,3400
