Type,Name,Request Count,Failure Count,Median Response Time,Average Response Time,Min Response Time,Max Response Time,Average Content Size,Requests/s,Failures/s,50%,66%,75%,80%,90%,95%,98%,99%,99.9%,99.99%,100%
GET,/productpage?u=normal,19928,13837,1200.0,3416.7786078497643,6.109518988523632,111210.70950801368,1572.1740766760338,166.28274191669874,115.45836510946208,1200,1900,2400,2700,3800,5500,27000,109000,111000,111000,111000
GET,/productpage?u=test,18075,12735,1100.0,2437.8081093088526,7.417874003294855,111105.41402798845,1529.7832918395575,150.82098354798924,106.26308301430943,1100,1700,2200,2500,3400,4500,14000,28000,110000,111000,111000
,Aggregated,38003,26572,1200.0,2951.160320842773,6.109518988523632,111210.70950801368,1552.0121569349787,317.103725464688,221.72144812377152,1200,1800,2300,2600,3600,4900,16000,56000,111000,111000,111000
