Type,Name,Request Count,Failure Count,Median Response Time,Average Response Time,Min Response Time,Max Response Time,Average Content Size,Requests/s,Failures/s,50%,66%,75%,80%,90%,95%,98%,99%,99.9%,99.99%,100%
GET,/productpage?u=normal,4192,0,630.0,706.3049953563979,201.70415099710226,3218.522479000967,4940.8187022900765,35.805784888269834,0.0,630,700,750,790,1000,1300,1700,2000,3000,3200,3200
GET,/productpage?u=test,4152,0,630.0,691.5293663399983,216.9990160036832,2461.2477719783783,4928.339113680154,35.464126635519165,0.0,630,690,750,790,1000,1200,1500,1600,2000,2500,2500
,Aggregated,8344,0,630.0,698.9525970251345,201.70415099710226,3218.522479000967,4934.608820709492,71.26991152378899,0.0,630,690,750,790,1000,1300,1600,1800,2800,3200,3200
