Type,Name,Request Count,Failure Count,Median Response Time,Average Response Time,Min Response Time,Max Response Time,Average Content Size,Requests/s,Failures/s,50%,66%,75%,80%,90%,95%,98%,99%,99.9%,99.99%,100%
GET,/productpage?u=normal,5008,0,560.0,602.7870104688081,177.3855880019255,2373.828167008469,4939.039137380191,42.77512282042354,0.0,560,610,650,680,800,1000,1300,1400,2300,2400,2400
GET,/productpage?u=test,4745,0,560.0,594.374616185285,215.50270498846658,1724.1836379980668,4945.151106427818,40.52874556368005,0.0,560,620,650,680,780,940,1100,1300,1600,1700,1700
,Aggregated,9753,0,560.0,598.6942378988003,177.3855880019255,2373.828167008469,4942.012714036707,83.30386838410358,0.0,560,610,650,680,790,970,1200,1400,2200,2400,2400
