Type,Name,Request Count,Failure Count,Median Response Time,Average Response Time,Min Response Time,Max Response Time,Average Content Size,Requests/s,Failures/s,50%,66%,75%,80%,90%,95%,98%,99%,99.9%,99.99%,100%
GET,/productpage?u=normal,4955,0,550.0,596.3031205558839,193.62982900929637,2042.9365080199204,4941.342885973764,42.327099873884336,0.0,550,590,630,670,830,1000,1300,1500,2000,2000,2000
GET,/productpage?u=test,4869,0,550.0,592.2108249232218,241.21295800432563,1779.8898509936407,4930.832203737934,41.592462015326504,0.0,550,600,640,670,810,980,1200,1400,1700,1800,1800
,Aggregated,9824,0,550.0,594.2748848641662,193.62982900929637,2042.9365080199204,4936.133550488599,83.91956188921084,0.0,550,600,640,670,820,990,1300,1500,2000,2000,2000
