Type,Name,Request Count,Failure Count,Median Response Time,Average Response Time,Min Response Time,Max Response Time,Average Content Size,Requests/s,Failures/s,50%,66%,75%,80%,90%,95%,98%,99%,99.9%,99.99%,100%
GET,/productpage?u=normal,5019,0,540.0,586.4367784427242,268.538439006079,2041.101979004452,4946.423191870891,42.87772135851615,0.0,540,590,630,660,790,990,1200,1400,1800,2000,2000
GET,/productpage?u=test,4957,0,540.0,583.192474965693,238.48072398686782,1678.6518289882224,4940.0689933427475,42.34805036345179,0.0,540,600,630,660,790,970,1200,1300,1500,1700,1700
,Aggregated,9976,0,540.0,584.8247082406731,238.48072398686782,2041.101979004452,4943.265838011227,85.22577172196793,0.0,540,590,630,660,790,980,1200,1300,1700,2000,2000
