Type,Name,Request Count,Failure Count,Median Response Time,Average Response Time,Min Response Time,Max Response Time,Average Content Size,Requests/s,Failures/s,50%,66%,75%,80%,90%,95%,98%,99%,99.9%,99.99%,100%
GET,/productpage?u=normal,5729,0,490.0,508.2991928441034,100.5537010205444,1376.4551890199073,4940.272647931576,48.93412731633938,0.0,490,530,560,570,630,690,800,1000,1300,1400,1400
GET,/productpage?u=test,5781,0,490.0,505.9047188402302,132.16753900633194,1404.0820890222676,4946.371562013493,49.37828417101727,0.0,490,530,550,570,630,690,770,850,1300,1400,1400
,Aggregated,11510,0,490.0,507.09654695215244,100.5537010205444,1404.0820890222676,4943.3358818418765,98.31241148735666,0.0,490,530,550,570,630,690,780,880,1300,1400,1400
