Type,Name,Request Count,Failure Count,Median Response Time,Average Response Time,Min Response Time,Max Response Time,Average Content Size,Requests/s,Failures/s,50%,66%,75%,80%,90%,95%,98%,99%,99.9%,99.99%,100%
GET,/productpage?u=normal,4089,0,690.0,739.2137991128028,237.064877001103,2811.8876360240392,4939.321594521888,34.9276600104085,0.0,690,760,810,850,980,1200,1500,2200,2600,2800,2800
GET,/productpage?u=test,3862,0,690.0,729.3977441139061,259.308066975791,1996.209834003821,4936.70326255826,32.98865809738264,0.0,690,760,820,860,990,1200,1400,1500,1900,2000,2000
,Aggregated,7951,0,690.0,734.4458951503191,237.064877001103,2811.8876360240392,4938.049805055968,67.91631810779114,0.0,690,760,810,850,980,1200,1500,1600,2600,2800,2800
