Type,Name,Request Count,Failure Count,Median Response Time,Average Response Time,Min Response Time,Max Response Time,Average Content Size,Requests/s,Failures/s,50%,66%,75%,80%,90%,95%,98%,99%,99.9%,99.99%,100%
GET,/productpage?u=normal,3752,0,730.0,777.8491725731574,292.3984119843226,2321.349804988131,4921.712153518124,32.05474481752286,0.0,730,800,850,890,1000,1300,1600,1800,2200,2300,2300
GET,/productpage?u=test,3783,0,730.0,769.9879164676697,305.78248799429275,1945.6569089961704,4941.401533174729,32.3195894575397,0.0,730,800,840,880,1000,1300,1600,1700,1900,1900,1900
,Aggregated,7535,0,730.0,773.9023733897405,292.3984119843226,2321.349804988131,4931.597345719973,64.37433427506257,0.0,730,800,850,880,1000,1300,1600,1800,2100,2300,2300
