Type,Name,Request Count,Failure Count,Median Response Time,Average Response Time,Min Response Time,Max Response Time,Average Content Size,Requests/s,Failures/s,50%,66%,75%,80%,90%,95%,98%,99%,99.9%,99.99%,100%
GET,/productpage?u=normal,4886,0,550.0,601.4423623778763,222.6814369787462,1878.7488930101972,4946.757265656979,41.73735309609551,0.0,550,600,640,670,820,1100,1300,1600,1800,1900,1900
GET,/productpage?u=test,4856,0,550.0,596.0390666075276,241.20819597737864,1642.9095389903523,4942.224052718287,41.48108608977483,0.0,550,600,630,660,820,1000,1300,1400,1600,1600,1600
,Aggregated,9742,0,550.0,598.7490340817528,222.6814369787462,1878.7488930101972,4944.497639088483,83.21843918587034,0.0,550,600,630,670,820,1000,1300,1500,1800,1900,1900
