Type,Name,Request Count,Failure Count,Median Response Time,Average Response Time,Min Response Time,Max Response Time,Average Content Size,Requests/s,Failures/s,50%,66%,75%,80%,90%,95%,98%,99%,99.9%,99.99%,100%
GET,/productpage?u=normal,3892,0,690.0,757.9387240641997,255.87186301709153,2553.701440017903,4946.871531346352,33.24520498881511,0.0,690,770,840,880,1100,1300,1700,1900,2200,2600,2600
GET,/productpage?u=test,3865,0,690.0,747.4094747726912,230.50985200097784,2552.6262570056133,4950.374644243208,33.0145727856553,0.0,690,770,830,870,1000,1200,1600,1700,2300,2600,2600
,Aggregated,7757,0,690.0,752.6924241400437,230.50985200097784,2553.701440017903,4948.616991104808,66.25977777447041,0.0,690,770,840,870,1100,1300,1600,1800,2200,2600,2600
