Type,Name,Request Count,Failure Count,Median Response Time,Average Response Time,Min Response Time,Max Response Time,Average Content Size,Requests/s,Failures/s,50%,66%,75%,80%,90%,95%,98%,99%,99.9%,99.99%,100%
GET,/productpage?u=normal,2,0,1200.0,1425.759427002049,1176.768160017673,1674.7506939864252,5292.0,1.1723782655593704,0.0,1700,1700,1700,1700,1700,1700,1700,1700,1700,1700,1700
,Aggregated,2,0,1200.0,1425.759427002049,1176.768160017673,1674.7506939864252,5292.0,1.1723782655593704,0.0,1700,1700,1700,1700,1700,1700,1700,1700,1700,1700,1700
