Type,Name,Request Count,Failure Count,Median Response Time,Average Response Time,Min Response Time,Max Response Time,Average Content Size,Requests/s,Failures/s,50%,66%,75%,80%,90%,95%,98%,99%,99.9%,99.99%,100%
GET,/productpage?u=normal,18,0,990.0,853.7689868874926,23.287628981051967,1783.3253919961862,4959.111111111111,8.607357290937962,0.0,990,1000,1500,1600,1700,1800,1800,1800,1800,1800,1800
GET,/productpage?u=test,8,0,48,53.60843512244173,21.88999400823377,83.51849799510092,4669.0,3.825492129305761,0.0,62,73,75,75,84,84,84,84,84,84,84
,Aggregated,26,0,150.0,607.5657401905538,21.88999400823377,1783.3253919961862,4869.846153846154,12.432849420243723,0.0,180,990,1000,1100,1700,1700,1800,1800,1800,1800,1800
