Type,Name,Request Count,Failure Count,Median Response Time,Average Response Time,Min Response Time,Max Response Time,Average Content Size,Requests/s,Failures/s,50%,66%,75%,80%,90%,95%,98%,99%,99.9%,99.99%,100%
GET,/productpage?u=normal,18803,13819,1100.0,2294.465945885869,7.054957008222118,113245.64487300813,1377.0909429346382,156.899493862917,115.31107300386374,1100,1800,2300,2700,4000,5800,13000,27000,112000,113000,113000
GET,/productpage?u=test,16977,12557,980.0,1820.7466600480886,7.883704995037988,57414.59833001136,1352.2002120515992,141.66264464770205,104.78045760977763,980,1600,2100,2400,3400,4800,8900,17000,55000,56000,57000
,Aggregated,35780,26376,1000.0,2069.6942210209327,7.054957008222118,113245.64487300813,1365.2807154835104,298.56213851061904,220.09153061364137,1000,1700,2200,2500,3700,5300,9800,18000,111000,113000,113000
