Type,Name,Request Count,Failure Count,Median Response Time,Average Response Time,Min Response Time,Max Response Time,Average Content Size,Requests/s,Failures/s,50%,66%,75%,80%,90%,95%,98%,99%,99.9%,99.99%,100%
GET,/productpage?u=normal,17995,13269,950.0,3183.3281028826577,10.537386988289654,111614.32099700323,1366.646235065296,152.87830043738245,112.72810050034053,950,1700,2400,2800,4000,5800,19000,110000,111000,112000,112000
GET,/productpage?u=test,16457,12230,890.0,2082.9649843244006,12.62084799236618,111258.30847900943,1336.1662514431548,139.81206948030024,103.90117334532856,890,1400,2100,2500,3500,4500,14000,27000,111000,111000,111000
,Aggregated,34452,25499,910.0,2657.7076500174194,10.537386988289654,111614.32099700323,1352.086584233136,292.6903699176827,216.62927384566908,910,1600,2300,2600,3700,5300,16000,30000,111000,112000,112000
