Type,Name,Request Count,Failure Count,Median Response Time,Average Response Time,Min Response Time,Max Response Time,Average Content Size,Requests/s,Failures/s,50%,66%,75%,80%,90%,95%,98%,99%,99.9%,99.99%,100%
GET,/productpage?u=normal,19206,14227,1200.0,2127.819582849116,8.084133005468175,57318.13992498792,1351.104186191815,163.21342861042214,120.90166868897614,1200,1900,2400,2800,3900,5400,14000,27000,33000,57000,57000
GET,/productpage?u=test,17102,12806,1100.0,1988.3334196506576,9.687648009276018,57262.41662100074,1310.9368494912876,145.3335445223076,108.82594849448434,1100,1800,2200,2600,3600,4500,14000,27000,56000,57000,57000
,Aggregated,36308,27033,1100.0,2062.118019474095,8.084133005468175,57318.13992498792,1332.1843395394953,308.54697313272976,229.72761718346047,1100,1900,2300,2700,3700,5100,14000,27000,54000,57000,57000
