Type,Name,Request Count,Failure Count,Median Response Time,Average Response Time,Min Response Time,Max Response Time,Average Content Size,Requests/s,Failures/s,50%,66%,75%,80%,90%,95%,98%,99%,99.9%,99.99%,100%
GET,/productpage?u=normal,19642,14838,950.0,1943.7629865816978,6.807828001910821,112512.47960899491,1282.375420018328,163.91516848982974,123.8251333902909,950,1600,2200,2500,3600,5300,9500,17000,57000,59000,113000
GET,/productpage?u=test,17911,13694,920.0,1729.9011259940066,8.80023799254559,59244.06605298282,1234.6095695382726,149.4697374412657,114.27829738823584,920,1600,2000,2400,3200,4300,6700,15000,53000,57000,59000
,Aggregated,37553,28532,930.0,1841.761021759002,6.807828001910821,112512.47960899491,1259.5933746970948,313.38490593109543,238.10343077852676,930,1600,2100,2500,3400,4800,8500,16000,55000,59000,113000
