Type,Name,Request Count,Failure Count,Median Response Time,Average Response Time,Min Response Time,Max Response Time,Average Content Size,Requests/s,Failures/s,50%,66%,75%,80%,90%,95%,98%,99%,99.9%,99.99%,100%
GET,/productpage?u=normal,19310,13038,1200.0,2097.947774485317,10.57429300271906,110444.517972006,1664.0877265665458,160.6668208625182,108.48130556217049,1200,1900,2300,2700,3700,5000,14000,15000,56000,58000,110000
GET,/productpage?u=test,17547,12100,1000.0,1786.4731855539305,9.099093003896996,110658.03404900362,1598.2243118481792,145.99796507895425,100.67677537216314,1000,1700,2100,2400,3300,4400,8500,15000,32000,58000,111000
,Aggregated,36857,25138,1100.0,1949.6599428121162,9.099093003896996,110658.03404900362,1632.7312586482894,306.6647859414725,209.1580809343336,1100,1800,2200,2500,3500,4700,13000,15000,56000,58000,111000
