Type,Name,Request Count,Failure Count,Median Response Time,Average Response Time,Min Response Time,Max Response Time,Average Content Size,Requests/s,Failures/s,50%,66%,75%,80%,90%,95%,98%,99%,99.9%,99.99%,100%
GET,/productpage?u=normal,18921,13648,1000.0,1945.438473314149,7.226620014989749,110811.1804049986,1441.1852439088843,157.9114047395839,113.90385560413515,1000,1800,2200,2500,3600,5300,9400,16000,57000,111000,111000
GET,/productpage?u=test,16703,12225,920.0,1709.3531635288043,9.450648009078577,109894.40029597608,1389.2840208345806,139.40035903838432,102.02774287518699,920,1600,2000,2300,3200,4200,7400,14000,55000,59000,110000
,Aggregated,35624,25873,970.0,1834.7453189983908,7.226620014989749,110811.1804049986,1416.8503536941387,297.3117637779682,215.93159847932213,970,1700,2100,2400,3400,4800,8900,15000,57000,110000,111000
