Type,Name,Request Count,Failure Count,Median Response Time,Average Response Time,Min Response Time,Max Response Time,Average Content Size,Requests/s,Failures/s,50%,66%,75%,80%,90%,95%,98%,99%,99.9%,99.99%,100%
GET,/productpage?u=normal,21283,16317,960.0,2646.239263002193,9.033643000293523,112202.67371297814,1221.795940421933,177.59253998495777,136.1545587997254,960,1500,2000,2400,3400,5100,15000,52000,110000,111000,112000
GET,/productpage?u=test,19609,15145,900.0,1845.1368491304634,7.625678990734741,111003.23547501466,1198.1603855372532,163.62411861885246,126.37499497590497,900,1300,1900,2200,3000,4100,8700,16000,110000,111000,111000
,Aggregated,40892,31462,930.0,2262.0854619259253,7.625678990734741,112202.67371297814,1210.4619485473931,341.21665860381023,262.52955377563035,930,1400,2000,2300,3200,4600,14000,27000,110000,111000,112000
