Type,Name,Request Count,Failure Count,Median Response Time,Average Response Time,Min Response Time,Max Response Time,Average Content Size,Requests/s,Failures/s,50%,66%,75%,80%,90%,95%,98%,99%,99.9%,99.99%,100%
GET,/productpage?u=normal,19953,14520,1000.0,2263.379763437473,4.84594699810259,113577.35995401163,1410.3580413972836,166.11604373587727,120.88432591815456,1000,1700,2100,2400,3400,5200,14000,28000,111000,111000,114000
GET,/productpage?u=test,17889,13054,950.0,1853.3722417097913,6.68439400033094,112203.77588900737,1403.3703393146627,148.93248666321398,108.6793381911563,950,1600,2000,2200,3000,3900,6400,16000,107000,111000,112000
,Aggregated,37842,27574,1000.0,2069.5574349086896,4.84594699810259,113577.35995401163,1407.0547539770625,315.04853039909125,229.56366410931088,1000,1700,2000,2300,3200,4500,9300,27000,107000,111000,114000
