Type,Name,Request Count,Failure Count,Median Response Time,Average Response Time,Min Response Time,Max Response Time,Average Content Size,Requests/s,Failures/s,50%,66%,75%,80%,90%,95%,98%,99%,99.9%,99.99%,100%
GET,/productpage?u=normal,361,0,7200.0,6720.524881582013,66.16210800711997,12706.446391995996,4952.060941828255,13.628208339574503,0.0,7200,8800,9900,10000,11000,11000,11000,12000,13000,13000,13000
GET,/productpage?u=test,51,0,3000.0,4397.892306432671,247.05184600315988,11153.745892981533,4978.862745098039,1.9253147515742373,0.0,3000,4600,7700,8600,11000,11000,11000,11000,11000,11000,11000
,Aggregated,412,0,7000.0,6433.0145385416845,66.16210800711997,12706.446391995996,4955.378640776699,15.553523091148739,0.0,7100,8700,9700,10000,11000,11000,11000,12000,13000,13000,13000
