Type,Name,Request Count,Failure Count,Median Response Time,Average Response Time,Min Response Time,Max Response Time,Average Content Size,Requests/s,Failures/s,50%,66%,75%,80%,90%,95%,98%,99%,99.9%,99.99%,100%
GET,/productpage?u=normal,21405,15932,1100.0,2906.0529824007126,9.122800984187052,111927.13701800676,1331.0277972436347,177.99585154377192,132.48446189186518,1100,1700,2200,2500,3600,5500,16000,57000,112000,112000,112000
GET,/productpage?u=test,19218,14536,1000.0,1946.45149670733,5.151076999027282,111864.65795399272,1277.611822249974,159.80959004756875,120.87585601683105,1000,1400,1900,2200,2900,3800,8800,27000,110000,112000,112000
,Aggregated,40623,30468,1100.0,2452.0830305986397,5.151076999027282,111927.13701800676,1305.7576742239619,337.80544159134064,253.36031790869623,1100,1600,2100,2400,3300,4900,14000,29000,112000,112000,112000
