Type,Name,Request Count,Failure Count,Median Response Time,Average Response Time,Min Response Time,Max Response Time,Average Content Size,Requests/s,Failures/s,50%,66%,75%,80%,90%,95%,98%,99%,99.9%,99.99%,100%
GET,/productpage?u=normal,19563,14378,1100.0,3390.5136081129754,8.56779600144364,112462.08180699614,1378.1738997086336,163.24150245408055,119.975787061533,1100,1700,2200,2500,3600,5900,27000,110000,112000,112000,112000
GET,/productpage?u=test,17446,12796,1000.0,2295.9238414266474,6.185820995597169,112182.7512489981,1384.369826894417,145.57640708551293,106.77494583665157,1000,1600,2000,2300,3300,4300,14000,28000,111000,112000,112000
,Aggregated,37009,27174,1000.0,2874.5252520479803,6.185820995597169,112462.08180699614,1381.0946526520577,308.8179095395935,226.75073289818457,1000,1700,2100,2400,3400,5200,16000,55000,112000,112000,112000
