Type,Name,Request Count,Failure Count,Median Response Time,Average Response Time,Min Response Time,Max Response Time,Average Content Size,Requests/s,Failures/s,50%,66%,75%,80%,90%,95%,98%,99%,99.9%,99.99%,100%
GET,/productpage?u=normal,988,0,10000.0,8943.633311245121,18.93640501657501,17845.9129879775,4927.323886639676,27.520964217759357,0.0,10000,12000,13000,13000,14000,15000,16000,16000,18000,18000,18000
GET,/productpage?u=test,200,0,6300.0,6879.1876528269495,61.9492809928488,15664.861168013886,4882.76,5.571045388210396,0.0,6400,9000,11000,12000,13000,14000,15000,15000,16000,16000,16000
,Aggregated,1188,0,9400.0,8596.083537100649,18.93640501657501,17845.9129879775,4919.821548821549,33.09200960596975,0.0,9400,12000,13000,13000,14000,14000,15000,16000,18000,18000,18000
