Type,Name,Request Count,Failure Count,Median Response Time,Average Response Time,Min Response Time,Max Response Time,Average Content Size,Requests/s,Failures/s,50%,66%,75%,80%,90%,95%,98%,99%,99.9%,99.99%,100%
POST,compose_post,10357,296,3400.0,3372.214393720538,6.557576940394938,22132.811932009645,26.35676354156609,58.0449618774774,1.6589078609378498,3400,3900,4200,4400,5000,5500,6200,6900,13000,21000,22000
GET,index,2000,0,1200.0,1413.5573649887228,49.30694401264191,4508.539068046957,2583.0,11.208836898228714,0.0,1200,1900,2400,2600,3300,3500,3900,3900,4500,4500,4500
GET,read_home_timeline,62325,930,3200.0,3298.3364760563036,2.479218994267285,41986.51131102815,4469.262559165664,349.29537984105235,5.212109157676353,3200,3800,4100,4400,5200,6000,7100,8100,15000,35000,42000
GET,read_user_timeline,30939,426,2700.0,2707.860361293175,2.400972996838391,30684.840278932825,258.23139080125407,173.39510239714912,2.3874822593227165,2700,3200,3500,3700,4300,4800,5400,6300,12000,24000,31000
,Aggregated,105621,1652,3100.0,3096.926291116333,2.400972996838391,41986.51131102815,2764.3668115242235,591.9442810139076,9.258499277936918,3100,3600,3900,4200,4900,5600,6700,7700,14000,31000,42000
