Type,Name,Request Count,Failure Count,Median Response Time,Average Response Time,Min Response Time,Max Response Time,Average Content Size,Requests/s,Failures/s,50%,66%,75%,80%,90%,95%,98%,99%,99.9%,99.99%,100%
POST,compose_post,6269,37,160.0,205.7916358947119,7.593207992613316,962.3410539934412,25.118041154889138,35.37945973073263,0.2088116142984698,160,210,280,300,400,480,570,640,850,960,960
GET,index,50,0,57,55.12971687829122,27.03704102896154,68.18423909135163,2583.0,0.2821778571600943,0.0,58,61,64,65,67,67,68,68,68,68,68
GET,read_home_timeline,37236,0,130.0,181.5600205416305,4.3181650107726455,954.8201099969447,5545.8644859813085,210.14349378426544,0.0,130,210,270,300,380,440,520,600,800,920,950
GET,read_user_timeline,18604,0,31,39.881519759970935,2.854504040442407,257.0847379975021,113.0180068802408,104.9927370921279,0.0,31,44,56,64,84,98,120,140,190,230,260
,Aggregated,62159,37,92,141.49823790232287,2.854504040442407,962.3410539934412,3360.655930758217,350.79786846428607,0.2088116142984698,92,150,200,250,340,410,500,580,790,920,960
