Type,Name,Request Count,Failure Count,Median Response Time,Average Response Time,Min Response Time,Max Response Time,Average Content Size,Requests/s,Failures/s,50%,66%,75%,80%,90%,95%,98%,99%,99.9%,99.99%,100%
POST,compose_post,7381,0,4300.0,4355.80195470059,62.43314000312239,148292.5615980057,25.0,41.49606302915035,0.0,4300,5100,5700,6000,6700,7400,8300,9400,55000,148000,148000
GET,index,1992,0,1200.0,6527.8813920250805,64.65991702862084,157711.8774059927,2583.0,11.199045868319672,0.0,1200,2000,2400,2600,32000,47000,52000,93000,155000,158000,158000
GET,read_home_timeline,45233,6,4100.0,4198.212175007864,21.107519045472145,152607.8250609571,7888.546017288263,254.3004225711364,0.03373206586843275,4100,4900,5600,5800,6600,7300,8500,9500,55000,118000,153000
GET,read_user_timeline,22448,3,3900.0,4021.3805033035,3.2436420442536473,143946.6379819205,153.02334283677834,126.20290243576305,0.016866032934216374,3900,4800,5300,5600,6400,7000,7800,8600,55000,131000,144000
,Aggregated,77054,9,4000.0,4222.018257466754,3.2436420442536473,157711.8774059927,4744.562657357178,433.1984339043695,0.05059809880264912,4000,4900,5500,5800,6500,7300,8400,9800,58000,144000,158000
