Type,Name,Request Count,Failure Count,Median Response Time,Average Response Time,Min Response Time,Max Response Time,Average Content Size,Requests/s,Failures/s,50%,66%,75%,80%,90%,95%,98%,99%,99.9%,99.99%,100%
POST,compose_post,4026,0,290.0,298.0808000292472,28.153912047855556,1001.692145015113,25.0,22.716686623294223,0.0,290,370,400,440,510,600,690,750,890,1000,1000
GET,index,50,0,64,62.54414538387209,35.335679072886705,82.06990303006023,2583.0,0.2821247717746426,0.0,64,72,73,75,80,81,82,82,82,82,82
GET,read_home_timeline,24084,0,310.0,303.41519933957494,4.689794033765793,1137.0604080148041,6053.411891712341,135.89386006840985,0.0,310,390,420,450,540,610,700,750,890,1100,1100
GET,read_user_timeline,11954,0,20,24.76770720697317,2.8475179569795728,175.74503493960947,59.84950644135854,67.45039043588156,0.0,20,30,35,38,50,62,78,88,110,170,180
,Aggregated,40114,0,200.0,219.54243757873638,2.8475179569795728,1137.0604080148041,3657.9651243954727,226.34306189936026,0.0,200,310,380,400,500,590,680,730,870,1100,1100
