Type,Name,Request Count,Failure Count,Median Response Time,Average Response Time,Min Response Time,Max Response Time,Average Content Size,Requests/s,Failures/s,50%,66%,75%,80%,90%,95%,98%,99%,99.9%,99.99%,100%
POST,compose_post,4097,0,46,53.983270494949984,9.098796988837421,551.2846690253355,25.0,34.97293705869446,0.0,46,60,71,79,96,110,130,140,460,550,550
GET,index,50,0,96,90.5404962983448,56.93506298121065,138.15379602601752,2583.0,0.42681153354520945,0.0,97,100,100,110,130,140,140,140,140,140,140
GET,read_home_timeline,20878,0,270.0,255.18486983295094,6.557799002621323,1142.8757529938594,3.0,178.21942394713767,0.0,270,310,370,390,470,510,600,690,840,1100,1100
GET,read_user_timeline,12459,0,18,20.460103142768332,3.0976610141806304,153.69609597837552,52.93980255237178,106.35289792879529,0.0,18,24,28,31,38,45,56,65,120,150,150
,Aggregated,37484,0,54,154.95567766142338,3.0976610141806304,1142.8757529938594,25.445149930637072,319.9720704681726,0.0,54,200,280,300,400,480,550,610,810,1100,1100
