Type,Name,Request Count,Failure Count,Median Response Time,Average Response Time,Min Response Time,Max Response Time,Average Content Size,Requests/s,Failures/s,50%,66%,75%,80%,90%,95%,98%,99%,99.9%,99.99%,100%
POST,compose_post,3481,0,40,46.56203254386868,8.949813025537878,421.58466996625066,25.0,29.73819784210676,0.0,40,49,56,62,85,100,120,150,320,420,420
GET,index,50,0,95,91.85216141515411,57.26873001549393,107.02094901353121,2583.0,0.42715021318739965,0.0,96,99,100,100,100,110,110,110,110,110,110
GET,read_home_timeline,17541,0,300.0,311.8640956857353,11.392754968255758,1071.3993970421143,3.0,149.85283779040353,0.0,300,370,400,410,500,590,670,710,940,1000,1100
GET,read_user_timeline,10471,0,15,16.955860360492107,3.0294519965536892,139.91005398565903,43.80393467672619,89.45379764570524,0.0,15,19,22,24,31,39,50,59,110,140,140
,Aggregated,31543,0,150.0,184.33972544190942,3.0294519965536892,1071.3993970421143,23.062771454839424,269.4719834914029,0.0,150,270,310,350,430,510,610,680,860,1000,1100
