Type,Name,Request Count,Failure Count,Median Response Time,Average Response Time,Min Response Time,Max Response Time,Average Content Size,Requests/s,Failures/s,50%,66%,75%,80%,90%,95%,98%,99%,99.9%,99.99%,100%
POST,compose_post,3508,0,38,43.43745097865554,8.28810001257807,358.7706950493157,25.0,29.950113187962845,0.0,38,47,54,58,75,91,110,120,300,360,360
GET,index,50,0,95,89.85644880332984,59.03811001917347,117.37640702631325,2583.0,0.42688302719445337,0.0,97,100,110,110,120,120,120,120,120,120,120
GET,read_home_timeline,17724,0,300.0,309.1876057675477,9.48477303609252,922.3245530156419,3.0,151.32149547988982,0.0,300,370,400,410,500,590,680,720,870,920,920
GET,read_user_timeline,10568,0,15,17.00453620847194,3.0223680078051984,181.73693597782403,43.987982588947766,90.22599662781965,0.0,15,19,23,25,32,38,47,55,130,180,180
,Aggregated,31850,0,140.0,182.62532068284014,3.0223680078051984,922.3245530156419,23.073375196232337,271.9244883228668,0.0,140,270,310,360,430,510,600,690,830,910,920
