Type,Name,Request Count,Failure Count,Median Response Time,Average Response Time,Min Response Time,Max Response Time,Average Content Size,Requests/s,Failures/s,50%,66%,75%,80%,90%,95%,98%,99%,99.9%,99.99%,100%
POST,compose_post,4111,0,46,50.927107433205805,8.976000011898577,418.3881260105409,25.0,35.09217082303126,0.0,46,57,67,73,88,99,110,120,230,420,420
GET,index,50,0,120.0,115.18862304161303,93.27754098922014,135.91672404436395,2583.0,0.42680820752896204,0.0,120,120,120,130,130,130,140,140,140,140,140
GET,read_home_timeline,20987,0,270.0,253.61254967119928,6.876327970530838,993.805002013687,3.0,179.14847702820654,0.0,270,310,370,390,480,520,600,640,810,920,990
GET,read_user_timeline,12544,0,19,20.69099344422117,3.0459120171144605,152.2841569967568,56.36200573979592,107.077643104866,0.0,19,25,29,31,37,44,53,61,120,150,150
,Aggregated,37692,0,50,153.8054539829098,3.0459120171144605,993.805002013687,26.5809986203969,321.74509916363274,0.0,50,200,280,300,400,490,560,610,770,910,990
