Type,Name,Request Count,Failure Count,Median Response Time,Average Response Time,Min Response Time,Max Response Time,Average Content Size,Requests/s,Failures/s,50%,66%,75%,80%,90%,95%,98%,99%,99.9%,99.99%,100%
POST,compose_post,5407,0,55,58.714444335112226,8.599968976341188,385.57294599013403,25.0,46.15479881105885,0.0,55,72,80,85,98,110,130,160,280,390,390
GET,index,50,0,89,85.0968677608762,62.81259498791769,111.54846998397261,2583.0,0.42680598123782926,0.0,89,94,96,98,100,110,110,110,110,110,110
GET,read_home_timeline,26630,0,180.0,188.8605338197267,2.421140030492097,994.1817110520788,3.0,227.31686560726786,0.0,180,270,300,320,410,490,590,670,830,980,990
GET,read_user_timeline,16236,0,25,25.83163262230862,3.0339600052684546,174.8792859725654,83.6039664942104,138.59243822754792,0.0,25,32,36,38,46,53,62,70,120,170,170
,Aggregated,48323,0,41,119.41481792900134,2.421140030492097,994.1817110520788,35.213231794383624,412.49090862711245,0.0,41,80,190,260,350,410,510,600,800,960,990
