Type,Name,Request Count,Failure Count,Median Response Time,Average Response Time,Min Response Time,Max Response Time,Average Content Size,Requests/s,Failures/s,50%,66%,75%,80%,90%,95%,98%,99%,99.9%,99.99%,100%
POST,compose_post,2614,0,29,31.796482718032525,9.167137031909078,167.06401901319623,25.0,40.28293864433352,0.0,29,33,36,38,46,56,81,130,160,170,170
GET,index,69,0,100,107.99211936081637,76.1557060177438,190.50385197624564,2583.0,1.0633216398083447,0.0,100,110,120,120,130,140,190,190,190,190,190
GET,read_home_timeline,13268,0,12,13.59258984155244,2.4847309687174857,156.88884200062603,3.0,204.46596401416113,0.0,12,14,16,17,20,28,44,55,120,160,160
GET,read_user_timeline,7831,7,16,27.30584781547324,3.4579120110720396,10019.28212097846,7.111096922487549,120.67930088897315,0.10787320983562917,16,19,20,21,26,34,54,100,5800,10000,10000
,Aggregated,23782,7,14,20.38289623755454,2.4847309687174857,10019.28212097846,14.257337482129342,366.4915251872761,0.10787320983562917,14,17,19,21,30,39,55,98,150,10000,10000
