Type,Name,Request Count,Failure Count,Median Response Time,Average Response Time,Min Response Time,Max Response Time,Average Content Size,Requests/s,Failures/s,50%,66%,75%,80%,90%,95%,98%,99%,99.9%,99.99%,100%
POST,compose_post,11252,0,1600.0,1540.8782029056113,33.469637972302735,6231.167907011695,25.0,93.09945895313439,0.0,1600,1700,1900,2000,2100,2200,2300,2300,2700,3100,6200
GET,index,2000,0,3800.0,6242.955830610942,100.28113203588873,27012.079534993973,2583.0,16.54807304534916,0.0,3900,6000,6700,9900,18000,22000,25000,26000,27000,27000,27000
GET,read_home_timeline,56416,0,1300.0,1254.3597301801242,3.392940037883818,2391.366347030271,3.0,466.78804446320913,0.0,1300,1400,1400,1500,1700,1800,1900,2000,2200,2400,2400
GET,read_user_timeline,33289,0,1800.0,1722.4269834175682,45.28540401952341,3100.48502398422,295.41779566823874,275.43440180331413,0.0,1800,2000,2200,2200,2300,2400,2500,2700,3000,3100,3100
,Aggregated,102957,0,1400.0,1533.9190495949244,3.392940037883818,27012.079534993973,150.06955330866285,851.8699782650068,0.0,1400,1600,1700,1900,2200,2300,2500,3500,22000,27000,27000
