Type,Name,Request Count,Failure Count,Median Response Time,Average Response Time,Min Response Time,Max Response Time,Average Content Size,Requests/s,Failures/s,50%,66%,75%,80%,90%,95%,98%,99%,99.9%,99.99%,100%
POST,compose_post,11105,0,1400.0,1359.5410418697293,11.368147970642895,3936.160125012975,25.0,93.46566906560584,0.0,1400,1500,1600,1700,1800,2000,2100,2300,3300,3900,3900
GET,index,2000,0,3200.0,5531.138814664311,79.3963519972749,23049.882751016412,2583.0,16.83307862505283,0.0,3200,6100,7000,9400,17000,19000,22000,23000,23000,23000,23000
GET,read_home_timeline,56044,0,1500.0,1499.733655191376,72.02564796898514,2953.461071010679,3.0,471.6965292312304,0.0,1500,1700,1800,1800,2000,2100,2200,2300,2500,2700,3000
GET,read_user_timeline,33690,0,1400.0,1412.9012815608228,3.3822989789769053,4695.008389011491,278.4570198872069,283.55320943901495,0.0,1400,1600,1600,1700,2100,2200,2600,3000,4100,4700,4700
,Aggregated,102839,0,1400.0,1534.551075434627,3.3822989789769053,23049.882751016412,145.7907408667918,865.548486360904,0.0,1400,1600,1700,1800,2000,2200,2500,3500,19000,23000,23000
