Type,Name,Request Count,Failure Count,Median Response Time,Average Response Time,Min Response Time,Max Response Time,Average Content Size,Requests/s,Failures/s,50%,66%,75%,80%,90%,95%,98%,99%,99.9%,99.99%,100%
POST,compose_post,2525,0,24,26.148552774119718,9.008702996652573,163.83527300786227,25.0,112.526507664473,0.0,24,27,29,31,36,47,62,70,130,160,160
GET,index,59,0,100.0,109.02551149404844,60.92943903058767,246.21677701361477,2583.0,2.629332258298577,0.0,100,110,110,120,180,190,190,250,250,250,250
GET,read_home_timeline,12595,0,11,12.928738909128922,2.163311990443617,171.1816200404428,3.0,561.2955897164505,0.0,11,13,15,16,18,24,46,57,140,170,170
GET,read_user_timeline,7443,0,12,13.302446137193739,3.016547008883208,169.46582397213206,8.176944780330512,331.69694912739504,0.0,12,14,15,16,19,23,46,56,150,170,170
,Aggregated,22622,0,12,14.777878794642955,2.163311990443617,246.21677701361477,13.887719918663247,1008.1483787666172,0.0,12,15,16,18,24,32,51,68,160,190,250
