Type,Name,Request Count,Failure Count,Median Response Time,Average Response Time,Min Response Time,Max Response Time,Average Content Size,Requests/s,Failures/s,50%,66%,75%,80%,90%,95%,98%,99%,99.9%,99.99%,100%
POST,compose_post,11158,1,1700.0,1581.5349827596522,13.49002099595964,4094.1163130337372,25.006273525721454,92.32952558179058,0.008274737908387756,1700,1800,1900,1900,2100,2200,2400,2900,4000,4100,4100
GET,index,2000,0,3100.0,4470.869363456905,80.41036198846996,13309.01675898349,2583.0,16.549475816775512,0.0,3100,5300,7900,9200,11000,12000,13000,13000,13000,13000,13000
GET,read_home_timeline,55942,4,1500.0,1470.8734331352498,15.869232011027634,3974.0232780459337,3.0065782417503844,462.90538807102786,0.033098951633551026,1500,1700,1800,1800,2000,2100,2300,2600,3700,3900,4000
GET,read_user_timeline,33357,3,1900.0,1773.4346084271058,3.8130239699967206,3901.8100239918567,270.0742872560482,276.0204324100904,0.024824213725163267,1900,2000,2100,2200,2400,2600,2700,2800,3300,3600,3900
,Aggregated,102457,8,1600.0,1639.991078152803,3.8130239699967206,13309.01675898349,142.71432893799349,847.8048218796843,0.06619790326710205,1600,1800,1900,2000,2200,2400,2800,3700,12000,13000,13000
