Type,Name,Request Count,Failure Count,Median Response Time,Average Response Time,Min Response Time,Max Response Time,Average Content Size,Requests/s,Failures/s,50%,66%,75%,80%,90%,95%,98%,99%,99.9%,99.99%,100%
POST,compose_post,5821,0,54,56.374003740058825,8.285775023978204,337.8224070183933,25.0,49.67814102437023,0.0,54,68,76,81,93,100,130,140,300,340,340
GET,index,50,0,99,99.89234710112214,71.22993801021948,115.9007889800705,2583.0,0.4267148344302545,0.0,100,100,110,110,110,110,120,120,120,120,120
GET,read_home_timeline,28644,0,140.0,173.67651160690139,2.7885559829883277,927.2158520179801,3.0,244.4563943484042,0.0,140,240,290,310,400,480,580,610,790,900,930
GET,read_user_timeline,17475,0,25,25.472941339640172,3.0148529913276434,190.53562899352983,94.89745350500715,149.13683463337395,0.0,25,31,34,37,43,50,59,67,120,180,190
,Aggregated,51990,0,38,110.65738298719452,2.7885559829883277,927.2158520179801,38.833237160992496,443.69808484057864,0.0,38,67,180,210,320,400,500,580,760,850,930
