Type,Name,Request Count,Failure Count,Median Response Time,Average Response Time,Min Response Time,Max Response Time,Average Content Size,Requests/s,Failures/s,50%,66%,75%,80%,90%,95%,98%,99%,99.9%,99.99%,100%
POST,compose_post,11249,0,1500.0,1452.0667517189693,48.77936094999313,2923.727218003478,25.0,94.46211423645656,0.0,1500,1700,1900,1900,2000,2100,2200,2200,2600,2700,2900
GET,index,2000,0,4200.0,6521.072123144172,97.43816300760955,28170.629858970642,2583.0,16.794757620491875,0.0,4200,5800,8900,11000,19000,23000,26000,27000,28000,28000,28000
GET,read_home_timeline,57014,0,1300.0,1289.2820025675728,4.179186013061553,2339.87733599497,3.0,478.76815548736187,0.0,1300,1400,1400,1500,1600,1700,2000,2100,2200,2300,2300
GET,read_user_timeline,34165,0,1700.0,1618.9476258925583,18.389637989457697,4032.4633849668317,277.9637933557735,286.89644705205245,0.0,1700,2000,2100,2200,2300,2300,2500,2800,3600,4000,4000
,Aggregated,104428,0,1400.0,1514.8706560441813,4.179186013061553,28170.629858970642,144.7399164974911,876.9214743963628,0.0,1400,1600,1700,1900,2100,2300,2500,3800,23000,28000,28000
