Type,Name,Request Count,Failure Count,Median Response Time,Average Response Time,Min Response Time,Max Response Time,Average Content Size,Requests/s,Failures/s,50%,66%,75%,80%,90%,95%,98%,99%,99.9%,99.99%,100%
POST,compose_post,11117,0,1600.0,1545.6516304585366,47.31704998994246,3775.811864004936,25.0,94.14394363344877,0.0,1600,1800,1900,1900,2100,2200,2400,2600,3100,3700,3800
GET,index,2000,0,3100.0,3482.559441382679,84.91471799788997,11910.831497982144,2583.0,16.936933279382707,0.0,3100,4300,4900,5400,6500,7900,9500,11000,12000,12000,12000
GET,read_home_timeline,56396,0,1400.0,1358.9006029375735,35.62595701077953,3232.68402001122,3.0,477.58764461203356,0.0,1400,1500,1600,1700,1900,2000,2200,2400,3000,3200,3200
GET,read_user_timeline,33554,0,1900.0,1715.2514443597156,17.580518033355474,4348.186857008841,266.5379984502593,284.15092962820364,0.0,1900,2000,2100,2100,2300,2500,2700,2900,3600,4000,4300
,Aggregated,103067,0,1500.0,1536.2650841286386,17.580518033355474,11910.831497982144,141.2336538368246,872.8194511530687,0.0,1500,1700,1900,2000,2100,2300,2700,3400,7900,12000,12000
