Type,Name,Request Count,Failure Count,Median Response Time,Average Response Time,Min Response Time,Max Response Time,Average Content Size,Requests/s,Failures/s,50%,66%,75%,80%,90%,95%,98%,99%,99.9%,99.99%,100%
POST,compose_post,10741,6,1700.0,1632.5610326903436,21.527692035306245,4594.903169956524,25.039102504422306,90.37995870862821,0.050486896215600895,1700,1900,2000,2100,2300,2700,3400,3600,4500,4600,4600
GET,index,2000,0,4200.0,4930.8679248086055,84.64143902529031,13942.597874964122,2583.0,16.8289654052003,0.0,4200,6100,8700,9300,11000,12000,13000,13000,14000,14000,14000
GET,read_home_timeline,52793,34,1500.0,1583.3147601939163,5.478637001942843,4952.555882977322,3.062697706135283,444.2257853183697,0.28609241188840506,1500,1700,1900,1900,2200,2600,3400,3700,4600,4900,5000
GET,read_user_timeline,31677,17,1900.0,1736.6191026878298,5.989563011098653,4193.740448041353,261.92313034693944,266.54556857026495,0.14304620594420253,1900,2100,2200,2300,2500,2800,3100,3500,3900,4100,4200
,Aggregated,97211,57,1600.0,1707.5834355423444,5.478637001942843,13942.597874964122,142.9218195471706,817.9802780024631,0.4796255140482085,1600,1900,2000,2100,2400,2900,3700,4600,12000,14000,14000
