Type,Name,Request Count,Failure Count,Median Response Time,Average Response Time,Min Response Time,Max Response Time,Average Content Size,Requests/s,Failures/s,50%,66%,75%,80%,90%,95%,98%,99%,99.9%,99.99%,100%
POST,compose_post,11191,0,1700.0,1647.3200393814056,12.15668098302558,4491.476780036464,25.0,94.38913060258889,0.0,1700,1900,2000,2000,2100,2300,2800,3300,3600,4500,4500
GET,index,2000,0,2300.0,4448.704571219308,40.24235898396,15483.166216989048,2583.0,16.86875714459635,0.0,2300,4900,6000,8500,13000,14000,15000,15000,15000,15000,15000
GET,read_home_timeline,55754,0,1400.0,1442.2132643157406,41.37516097398475,3696.094013052061,3.0,470.2503429199125,0.0,1400,1600,1700,1800,1900,2100,2300,3200,3500,3600,3700
GET,read_user_timeline,33106,0,1900.0,1789.3540853317136,3.893465967848897,4563.3011480094865,280.52531263215127,279.22853701450344,0.0,1900,2000,2100,2200,2300,2500,2800,3000,4400,4500,4600
,Aggregated,102051,0,1600.0,1636.241510527155,3.893465967848897,15483.166216989048,146.00648695260213,860.7367676816011,0.0,1600,1800,1900,2000,2200,2400,3000,3500,14000,15000,15000
