Type,Name,Request Count,Failure Count,Median Response Time,Average Response Time,Min Response Time,Max Response Time,Average Content Size,Requests/s,Failures/s,50%,66%,75%,80%,90%,95%,98%,99%,99.9%,99.99%,100%
POST,compose_post,9832,83,1900.0,2046.3334016443603,2.9100659885443747,7885.374670964666,25.59092758340114,82.88084943455065,0.6996654295227527,1900,2100,2300,2600,3400,4500,5600,6000,7000,7900,7900
GET,index,2000,0,1500.0,2999.5736350152233,88.53558101691306,10138.776752981357,2583.0,16.859407940307293,0.0,1500,4800,5800,6100,8000,8900,9100,10000,10000,10000,10000
GET,read_home_timeline,50620,440,1600.0,1851.4826433126996,1.7354730516672134,6529.315444990061,3.821256420387199,426.7116149691776,3.7090697468676046,1600,1900,2100,2200,3100,4000,4900,5200,5800,6200,6500
GET,read_user_timeline,29960,255,1900.0,1874.3391131076557,3.2718200236558914,7681.309640989639,210.0194259012016,252.55393094580327,2.14957451238918,1900,2100,2200,2300,2800,3300,4100,4700,5700,6800,7700
,Aggregated,92412,778,1700.0,1904.4707235877697,1.7354730516672134,10138.776752981357,128.80604250530234,779.0058032898388,6.558309688779537,1700,2000,2200,2300,3100,4000,5000,5700,9000,10000,10000
