Type,Name,Request Count,Failure Count,Median Response Time,Average Response Time,Min Response Time,Max Response Time,Average Content Size,Requests/s,Failures/s,50%,66%,75%,80%,90%,95%,98%,99%,99.9%,99.99%,100%
POST,compose_post,11276,0,1600.0,1531.2275250473342,13.899045006837696,2969.807149958797,25.0,95.61697994085779,0.0,1600,1800,1900,2000,2100,2100,2300,2400,2700,2900,3000
GET,index,2000,0,4000.0,6285.032847695777,80.93250502133742,25548.46413899213,2583.0,16.959379201996768,0.0,4000,5800,8600,11000,18000,21000,23000,25000,25000,26000,26000
GET,read_home_timeline,56794,0,1300.0,1341.157369253587,50.72803102666512,2933.421052992344,3.0,481.59549119910224,0.0,1300,1500,1600,1700,1900,2000,2100,2100,2800,2900,2900
GET,read_user_timeline,33669,0,1800.0,1688.0532581465773,3.4810160286724567,3065.261184994597,277.17024562654075,285.5026691760146,0.0,1800,2000,2100,2100,2200,2400,2600,2700,2900,3000,3100
,Aggregated,103739,0,1500.0,1569.7176958111302,3.4810160286724567,25548.46413899213,144.114816992645,879.6745195179715,0.0,1500,1700,1900,1900,2100,2200,2600,4000,21000,25000,26000
