Type,Name,Request Count,Failure Count,Median Response Time,Average Response Time,Min Response Time,Max Response Time,Average Content Size,Requests/s,Failures/s,50%,66%,75%,80%,90%,95%,98%,99%,99.9%,99.99%,100%
POST,compose_post,11548,0,1600.0,1525.7876215787703,51.32536101154983,2855.2465809625573,25.0,97.5416433203881,0.0,1600,1800,1900,1900,2000,2100,2200,2200,2400,2700,2900
GET,index,2000,0,3600.0,5326.255305683797,102.91821701684967,23362.986795022152,2583.0,16.893253086315916,0.0,3600,5700,6700,9200,15000,19000,21000,22000,23000,23000,23000
GET,read_home_timeline,57355,0,1300.0,1251.0056540429018,21.97760803392157,2413.1081930245273,3.0,484.4562653828247,0.0,1300,1400,1400,1500,1700,1900,2000,2100,2300,2400,2400
GET,read_user_timeline,34143,0,1800.0,1713.2318573549583,10.119794984348118,3102.7278599794954,306.40028702808775,288.3931700630422,0.0,1800,2000,2100,2100,2200,2300,2400,2500,2800,3000,3100
,Aggregated,105046,0,1400.0,1509.0399506755173,10.119794984348118,23362.986795022152,153.15376120937495,887.2843318525709,0.0,1400,1600,1800,1900,2100,2200,2400,3100,19000,23000,23000
