Type,Name,Request Count,Failure Count,Median Response Time,Average Response Time,Min Response Time,Max Response Time,Average Content Size,Requests/s,Failures/s,50%,66%,75%,80%,90%,95%,98%,99%,99.9%,99.99%,100%
POST,compose_post,9968,71,2200.0,2380.29339011285,13.101609947625548,7955.521075986326,25.498595505617978,84.309068611463,0.6005160384644737,2200,2700,3100,3300,3800,4400,5000,5800,7000,8000,8000
GET,index,2000,0,1600.0,2459.9636312100924,91.93640796002,9183.573118003551,2583.0,16.91594474547813,0.0,1600,3300,4000,4900,6100,7000,8400,8400,9200,9200,9200
GET,read_home_timeline,49976,409,1800.0,1932.6335445979082,15.073678980115801,7362.503865966573,3.752921402273091,422.6956273000075,3.4593107004502777,1800,2100,2400,2600,3300,3700,4400,5000,6600,7300,7400
GET,read_user_timeline,30109,219,2000.0,2029.6517222652114,6.092282012104988,5068.691432999913,218.54711215915506,254.6610901708005,1.8522959496298552,2000,2300,2500,2700,3100,3400,3800,4000,4600,4900,5100
,Aggregated,92053,699,1900.0,2024.298713845015,6.092282012104988,9183.573118003551,132.40156214354775,778.5817308277492,5.912122688544606,1900,2200,2600,2700,3300,3700,4500,5200,7200,9100,9200
