Type,Name,Request Count,Failure Count,Median Response Time,Average Response Time,Min Response Time,Max Response Time,Average Content Size,Requests/s,Failures/s,50%,66%,75%,80%,90%,95%,98%,99%,99.9%,99.99%,100%
POST,compose_post,10814,10,1800.0,1881.995046747789,1.5640179626643658,6813.0925700534135,25.064730904383207,91.60315871204335,0.08470793296841442,1800,2000,2100,2200,2700,3500,4400,5000,5900,6600,6800
GET,index,2000,0,1200.0,2098.54286178411,61.26242899335921,11303.121106000617,2583.0,16.941586593682885,0.0,1200,1500,2000,2800,6400,8800,10000,11000,11000,11000,11000
GET,read_home_timeline,54820,79,1500.0,1617.6047684441965,1.9545360119082034,5778.982687974349,3.1508391098139366,464.36888853284785,0.6691926704504739,1500,1700,1800,1900,2300,3100,3800,4200,5000,5400,5800
GET,read_user_timeline,32715,35,1800.0,1804.4729119699368,1.5149859827943146,5952.138134976849,264.2650466147027,277.1220027061678,0.2964777653894505,1800,2000,2100,2200,2400,2800,3600,4000,5400,5900,6000
,Aggregated,100349,124,1700.0,1716.603103970203,1.5149859827943146,11303.121106000617,142.05632343122502,850.0356365447418,1.0503783688083388,1700,1900,2000,2100,2400,3100,3900,4400,8800,11000,11000
