Type,Name,Request Count,Failure Count,Median Response Time,Average Response Time,Min Response Time,Max Response Time,Average Content Size,Requests/s,Failures/s,50%,66%,75%,80%,90%,95%,98%,99%,99.9%,99.99%,100%
POST,compose_post,10369,165,2000.0,2225.192926372836,31.04940295452252,6526.579423982184,26.131449512971358,85.94784776675205,1.3676723774244468,2000,2500,2800,3100,3800,4300,4900,5200,6000,6400,6500
GET,index,2000,0,1400.0,1755.701408991008,79.36362503096461,5168.735912011471,2583.0,16.577846999084205,0.0,1400,2200,2600,3200,3800,4500,5100,5100,5200,5200,5200
GET,read_home_timeline,51771,900,1800.0,2073.0426095707726,25.38942696992308,7589.932137052529,4.620443877846671,429.12585849479416,7.460031149587891,1800,2200,2600,2800,3600,4300,5000,5500,6900,7200,7600
GET,read_user_timeline,30836,549,1900.0,1822.0499295393274,4.2268449906259775,4552.934580016881,238.52960825009728,255.59724503188025,4.550619001248614,1900,2100,2200,2400,2700,3100,3500,3900,4300,4400,4600
,Aggregated,94976,1614,1900.0,2001.480888212884,4.2268449906259775,7589.932137052529,137.20793674191376,787.2487982925106,13.378322528260952,1900,2200,2500,2700,3300,4000,4800,5200,6800,7100,7600
