Type,Name,Request Count,Failure Count,Median Response Time,Average Response Time,Min Response Time,Max Response Time,Average Content Size,Requests/s,Failures/s,50%,66%,75%,80%,90%,95%,98%,99%,99.9%,99.99%,100%
POST,compose_post,5480,0,61,61.690593626293655,9.006348962429911,260.6230230303481,25.0,46.82929265407053,0.0,61,76,83,88,100,110,130,160,230,260,260
GET,index,50,0,110.0,112.05256588291377,92.46476797852665,131.36301602935418,2583.0,0.4272745680115924,0.0,110,120,120,120,120,130,130,130,130,130,130
GET,read_home_timeline,27209,0,73,184.93956283655453,3.4167240373790264,1100.7843450061046,3.0,232.51427442054836,0.0,73,270,300,350,430,510,610,690,920,1000,1100
GET,read_user_timeline,16134,0,24,24.42292474522536,2.9706389759667218,167.81573800835758,90.70249163257716,137.87295760598064,0.0,24,29,32,35,42,49,57,65,120,150,170
,Aggregated,48873,0,39,118.0555135642483,2.9706389759667218,1100.7843450061046,37.0587236306345,417.6437992486111,0.0,39,64,180,250,370,460,570,610,870,1000,1100
