Type,Name,Request Count,Failure Count,Median Response Time,Average Response Time,Min Response Time,Max Response Time,Average Content Size,Requests/s,Failures/s,50%,66%,75%,80%,90%,95%,98%,99%,99.9%,99.99%,100%
POST,compose_post,10108,131,2000.0,2268.9049971843738,5.527867004275322,6926.264646986965,25.907202216066484,85.47073688791745,1.1077034559079133,2000,2500,2800,3000,3900,4700,5300,5500,6300,6800,6900
GET,index,2000,0,1200.0,2044.930052196636,71.37030898593366,8146.695631032344,2583.0,16.911503143632263,0.0,1200,2100,3100,4300,5400,6300,7100,7400,8100,8100,8100
GET,read_home_timeline,49906,699,1700.0,2006.5723878483218,2.3380820057354867,6910.132804012392,4.3451088045525585,421.9927379430559,5.910570348699476,1700,2100,2500,2800,3600,4300,5100,5400,6100,6700,6900
GET,read_user_timeline,29608,420,1900.0,2005.103055290878,3.9680569898337126,8141.886507975869,230.09916238854365,250.35789253833204,3.5514156601627755,1900,2200,2400,2600,3100,3600,4300,4700,6200,7800,8100
,Aggregated,91622,1250,1800.0,2035.8761505418486,2.3380820057354867,8146.695631032344,135.9661762458798,774.7328705129377,10.569689464770164,1800,2200,2500,2700,3500,4200,5000,5400,6900,7900,8100
