Type,Name,Request Count,Failure Count,Median Response Time,Average Response Time,Min Response Time,Max Response Time,Average Content Size,Requests/s,Failures/s,50%,66%,75%,80%,90%,95%,98%,99%,99.9%,99.99%,100%
POST,compose_post,10981,19,1800.0,1964.0866558145267,55.72478601243347,6573.069115984254,25.121118295237228,92.51460432635326,0.1600744451507797,1800,2000,2200,2400,3200,4000,4900,5400,6000,6400,6600
GET,index,2000,0,1700.0,2085.3058565736283,65.53674698807299,9071.777619945351,2583.0,16.849941594818915,0.0,1700,2500,2800,3300,5000,5700,8000,8600,9000,9100,9100
GET,read_home_timeline,54917,130,1600.0,1697.6902990596882,7.170174038037658,6382.866010011639,3.221097292277437,462.6741212813352,1.0952462036632296,1600,1800,1900,2000,2900,3500,4200,4500,5500,6100,6400
GET,read_user_timeline,32433,84,1800.0,1794.6828637489987,6.827305012848228,6497.1916119684465,276.75389264021214,273.24707787238094,0.7076975469823945,1800,2000,2100,2200,2600,3000,3600,4200,5400,6200,6500
,Aggregated,100331,233,1700.0,1765.9273280848183,6.827305012848228,9071.777619945351,145.46557893372935,845.2857450748884,1.9630181957964037,1700,1900,2000,2200,2800,3400,4300,4700,6200,8900,9100
