Type,Name,Request Count,Failure Count,Median Response Time,Average Response Time,Min Response Time,Max Response Time,Average Content Size,Requests/s,Failures/s,50%,66%,75%,80%,90%,95%,98%,99%,99.9%,99.99%,100%
POST,compose_post,10390,225,1900.0,2156.0722112404283,2.273108984809369,7450.924502976704,26.515880654475456,88.11139183197385,1.9080907759570853,1900,2200,2600,2900,3900,4700,5300,5900,7100,7400,7500
GET,index,2000,0,890.0,1624.6217343901808,92.0825739740394,5344.000961980782,2583.0,16.960806897396314,0.0,890,2100,2900,3200,4000,4400,5200,5300,5300,5300,5300
GET,read_home_timeline,51996,1224,1700.0,1939.290332466987,1.6204349813051522,7644.428187981248,5.28121393953381,440.94705771850937,10.380013821206544,1700,1900,2300,2600,3700,4300,5000,5400,6200,6900,7600
GET,read_user_timeline,31029,656,1800.0,1864.456448236954,1.532660040538758,6773.273173021153,242.37368268394084,263.1384386096551,5.563144662345991,1800,2000,2200,2300,3000,3600,4300,4800,5800,6600,6800
,Aggregated,95415,2105,1700.0,1931.9645024667657,1.532660040538758,7644.428187981248,138.72782057328513,809.1576950575346,17.851249259509622,1700,2000,2300,2500,3500,4200,4900,5300,6200,7100,7600
