Type,Name,Request Count,Failure Count,Median Response Time,Average Response Time,Min Response Time,Max Response Time,Average Content Size,Requests/s,Failures/s,50%,66%,75%,80%,90%,95%,98%,99%,99.9%,99.99%,100%
POST,compose_post,9779,493,2100.0,2467.34111630729,27.143140963744372,7979.423192969989,28.528990694345026,82.8793681558598,4.178293128217494,2100,2800,3400,3700,4600,5300,6000,6500,7600,8000,8000
GET,index,2000,0,2700.0,2697.897815600185,80.87004598928615,8019.231310987379,2583.0,16.950479221977666,0.0,2700,3600,4200,4700,5800,6400,7100,7300,7600,8000,8000
GET,read_home_timeline,49035,2662,1800.0,2029.5307357924282,8.706543012522161,6734.312353946734,8.026022229020088,415.5833743248374,22.561087844452274,1800,2100,2500,2800,3900,4700,5500,5900,6600,6700,6700
GET,read_user_timeline,29212,1509,1900.0,1884.5191023663933,3.6674070288427174,7155.396407993976,194.95785978365055,247.57869951620577,12.789136572982148,1900,2200,2400,2500,3100,3600,4300,4700,5800,6400,7200
,Aggregated,90026,4664,1900.0,2044.8818791846536,3.6674070288427174,8019.231310987379,128.114655766112,762.9919212188806,39.528517545651916,1900,2200,2500,2800,3800,4600,5400,5900,6900,7600,8000
