Type,Name,Request Count,Failure Count,Median Response Time,Average Response Time,Min Response Time,Max Response Time,Average Content Size,Requests/s,Failures/s,50%,66%,75%,80%,90%,95%,98%,99%,99.9%,99.99%,100%
POST,compose_post,8633,25,2300.0,2578.459549605854,3.2657080446369946,9146.043178043328,25.213251476891,72.42504752316475,0.20973313889483594,2300,2800,3200,3400,4200,5500,7000,7600,8600,9100,9100
GET,index,2000,0,1900.0,2763.2822708065246,100.42854299535975,10254.968375025783,2583.0,16.778651111586875,0.0,1900,2900,4200,5500,7400,8500,9700,10000,10000,10000,10000
GET,read_home_timeline,44092,149,2000.0,2315.852515645197,1.505217980593443,9275.16216802178,3.323278599292389,369.9021424060443,1.2500095078132223,2000,2400,2800,3200,4200,5000,5800,6800,8400,8800,9300
GET,read_user_timeline,27010,93,2000.0,2175.2888274970574,3.969860030338168,9823.14062997466,177.89555720103667,226.59568326198075,0.7802072766887898,2000,2400,2700,2900,3600,4200,4900,5600,8100,9700,9800
,Aggregated,81735,267,2000.0,2308.0874311358184,1.505217980593443,10254.968375025783,126.44711567871781,685.7015243027766,2.239949923396848,2000,2400,2800,3100,4100,4900,6000,7000,8900,10000,10000
