Type,Name,Request Count,Failure Count,Median Response Time,Average Response Time,Min Response Time,Max Response Time,Average Content Size,Requests/s,Failures/s,50%,66%,75%,80%,90%,95%,98%,99%,99.9%,99.99%,100%
POST,compose_post,1543,0,18,19.913357832176008,8.832059043925256,165.68529297364876,25.0,92.80489638701941,0.0,18,20,22,23,28,32,41,53,160,170,170
GET,index,22,0,90,102.88838226485744,74.14062798488885,183.83095000172034,2583.0,1.3232065589853708,0.0,95,98,100,100,150,180,180,180,180,180,180
GET,read_home_timeline,7597,0,5,6.243660031749877,2.4766960414126515,162.48315502889454,3.0,456.927283118721,0.0,5,6,7,7,8,10,17,26,93,160,160
GET,read_user_timeline,4732,0,7,8.028315702559633,3.1758889672346413,155.80657398095354,5.249154691462384,284.609701687217,0.0,7,8,9,9,12,16,21,29,91,160,160
,Aggregated,13894,0,6,8.522594696314268,2.4766960414126515,183.83095000172034,10.294443644738736,835.6650877519428,0.0,6,7,8,10,16,20,28,36,150,180,180
