Type,Name,Request Count,Failure Count,Median Response Time,Average Response Time,Min Response Time,Max Response Time,Average Content Size,Requests/s,Failures/s,50%,66%,75%,80%,90%,95%,98%,99%,99.9%,99.99%,100%
POST,compose_post,12350,0,810.0,800.7398530895914,48.93278004601598,2242.5666310009547,25.0,104.81307417549141,0.0,810,890,930,960,1100,1200,1300,1500,2000,2200,2200
GET,index,1000,0,2100.0,2215.041884689359,122.9314089869149,5905.648601008579,2583.0,8.486888597205782,0.0,2100,2900,3400,3600,4300,4900,5200,5500,5900,5900,5900
GET,read_home_timeline,62352,0,610.0,630.9414640670252,10.86239900905639,2369.2947329836898,3.0,529.1744778129749,0.0,610,690,750,790,880,960,1100,1400,2100,2300,2400
GET,read_user_timeline,37138,0,1100.0,1035.3454045360081,12.43727799737826,2646.581307053566,336.9632721202003,315.1860687230283,0.0,1100,1200,1200,1300,1400,1500,1700,1800,2500,2600,2600
,Aggregated,112840,0,730.0,796.6616348060026,10.86239900905639,5905.648601008579,138.1863523573201,957.6605093087004,0.0,730,890,990,1100,1200,1400,1600,1800,4000,5500,5900
