Type,Name,Request Count,Failure Count,Median Response Time,Average Response Time,Min Response Time,Max Response Time,Average Content Size,Requests/s,Failures/s,50%,66%,75%,80%,90%,95%,98%,99%,99.9%,99.99%,100%
POST,compose_post,1898,0,25,27.34297181537166,9.383402008097619,173.30314900027588,25.0,113.49985122442654,0.0,25,29,32,34,39,48,64,100,150,170,170
GET,index,38,0,100.0,102.15502950411879,68.95586900645867,175.28628202853724,2583.0,2.2723890129231865,0.0,100,110,120,120,140,140,180,180,180,180,180
GET,read_home_timeline,9370,0,12,13.181587653517875,2.011805947404355,109.44680700777099,3.0,560.3232908181648,0.0,12,16,18,19,22,26,40,56,110,110,110
GET,read_user_timeline,5487,0,13,14.4944490770735,3.0510509968735278,110.47900101402774,4.806451612903226,328.1210135239349,0.0,13,17,19,20,23,28,43,66,110,110,110
,Aggregated,16793,0,14,15.412455786702596,2.011805947404355,175.28628202853724,11.914905019948788,1004.2165445794493,0.0,14,17,19,21,26,34,49,74,120,170,180
