Type,Name,Request Count,Failure Count,Median Response Time,Average Response Time,Min Response Time,Max Response Time,Average Content Size,Requests/s,Failures/s,50%,66%,75%,80%,90%,95%,98%,99%,99.9%,99.99%,100%
POST,compose_post,1639,0,19,21.23101125719893,9.26145096309483,119.72533300286159,25.0,99.6452057941122,0.0,19,21,23,24,29,37,53,69,110,120,120
GET,index,27,0,86,93.18336466310063,60.68340898491442,134.86254803137854,2583.0,1.6415012546925134,0.0,86,98,100,110,130,130,130,130,130,130,130
GET,read_home_timeline,8295,0,7,7.698343067630371,2.210790989920497,104.89072900963947,3.0,504.30566324719996,0.0,7,8,9,10,11,13,23,34,75,100,100
GET,read_user_timeline,4814,0,8,9.257480456894937,3.1364430324174464,105.42759404052049,6.436019941836311,292.6735940773985,0.0,8,10,11,11,13,17,26,43,100,110,110
,Aggregated,14775,0,8,9.86374585190788,2.210790989920497,134.86254803137854,11.274720812182741,898.2659643734032,0.0,8,10,11,12,17,23,33,48,100,130,130
