Type,Name,Request Count,Failure Count,Median Response Time,Average Response Time,Min Response Time,Max Response Time,Average Content Size,Requests/s,Failures/s,50%,66%,75%,80%,90%,95%,98%,99%,99.9%,99.99%,100%
POST,compose_post,9169,0,1200.0,1312.591079145962,12.892618018668145,5214.095810952131,25.0,78.01844537749024,0.0,1200,1300,1500,1600,2100,2600,3500,3900,4600,5200,5200
GET,index,1000,0,400.0,458.1025482787518,81.06123300967738,1432.052600022871,2583.0,8.508937220797277,0.0,400,470,540,720,960,1300,1300,1400,1400,1400,1400
GET,read_home_timeline,47051,0,950.0,1109.5594927502627,20.45463799731806,4705.113117001019,3.0,400.35400517573265,0.0,950,1100,1200,1300,1800,2700,3400,3700,4300,4500,4700
GET,read_user_timeline,28129,0,1400.0,1470.3070640190106,3.8347269874066114,4848.242929030675,205.27604962849728,239.3478950838066,0.0,1400,1600,1700,1800,2100,2600,3200,3600,4300,4800,4800
,Aggregated,85349,0,1100.0,1242.6320314256725,3.8347269874066114,5214.095810952131,102.25764800993568,726.2292828578268,0.0,1100,1300,1500,1600,2000,2600,3300,3700,4300,4800,5200
