Type,Name,Request Count,Failure Count,Median Response Time,Average Response Time,Min Response Time,Max Response Time,Average Content Size,Requests/s,Failures/s,50%,66%,75%,80%,90%,95%,98%,99%,99.9%,99.99%,100%
POST,compose_post,4966,0,57,61.01102098976423,8.774410001933575,332.09652197547257,25.0,42.39195794460996,0.0,57,74,83,88,100,110,130,150,260,330,330
GET,index,50,0,90,84.46760788210668,52.77172400383279,110.50761898513883,2583.0,0.42682196883417195,0.0,91,98,99,100,110,110,110,110,110,110,110
GET,read_home_timeline,24441,0,190.0,210.2176691272897,2.9112169868312776,1816.4162120083347,3.0,208.63911480551994,0.0,190,290,330,380,460,510,600,680,1500,1800,1800
GET,read_user_timeline,14862,0,22,23.479625533699057,3.0496290419250727,236.73662904184312,72.56062441125017,126.86856201626928,0.0,22,28,32,34,41,48,57,66,150,210,240
,Aggregated,44319,0,42,130.735990352924,2.9112169868312776,1816.4162120083347,31.702407545296598,378.32645673523336,0.0,42,95,210,280,390,470,540,610,1400,1600,1800
