Type,Name,Request Count,Failure Count,Median Response Time,Average Response Time,Min Response Time,Max Response Time,Average Content Size,Requests/s,Failures/s,50%,66%,75%,80%,90%,95%,98%,99%,99.9%,99.99%,100%
POST,compose_post,12594,0,840.0,850.1398518967138,53.51907596923411,2936.0310289775953,25.0,107.21333160578742,0.0,840,920,970,1000,1100,1300,1800,2000,2400,2800,2900
GET,index,1000,0,2100.0,2220.2940493857022,91.4064550306648,5929.941198963206,2583.0,8.513048404461443,0.0,2200,2900,3300,3600,4200,5000,5400,5700,5900,5900,5900
GET,read_home_timeline,61512,0,570.0,599.2226348898641,2.8635889757424593,1924.6771240141243,3.0,523.6546334552322,0.0,570,640,700,770,920,1000,1200,1300,1800,1900,1900
GET,read_user_timeline,36918,0,1100.0,1093.0636015945438,24.942615011241287,3652.9199490323663,350.5099951243296,314.28472099590755,0.0,1100,1200,1300,1300,1500,1600,1900,2500,3200,3600,3700
,Aggregated,112024,0,730.0,804.6495403233654,2.8635889757424593,5929.941198963206,143.0275119617225,953.6657344613886,0.0,730,930,1000,1100,1300,1500,1700,2200,4100,5700,5900
