Type,Name,Request Count,Failure Count,Median Response Time,Average Response Time,Min Response Time,Max Response Time,Average Content Size,Requests/s,Failures/s,50%,66%,75%,80%,90%,95%,98%,99%,99.9%,99.99%,100%
POST,compose_post,12301,0,790.0,780.3219066424305,34.37162202317268,1567.049101984594,25.0,104.4207336498297,0.0,790,860,910,930,1000,1100,1200,1300,1400,1500,1600
GET,index,1000,0,670.0,816.9457120124134,85.68914496572688,2633.3831590018235,2583.0,8.488800394263045,0.0,670,980,1100,1100,1500,2100,2500,2600,2600,2600,2600
GET,read_home_timeline,62460,0,720.0,720.4360331130117,28.38193002389744,1614.5850159809925,3.0,530.2104726256697,0.0,720,810,860,890,980,1100,1200,1300,1500,1600,1600
GET,read_user_timeline,37260,0,1000.0,1036.2215262823106,2.9354439466260374,2112.5529590062797,328.0036231884058,316.292702690241,0.0,1000,1200,1200,1300,1400,1500,1600,1700,1900,2100,2100
,Aggregated,113021,0,820.0,831.9138406414509,2.9354439466260374,2633.3831590018235,135.36705567991788,959.4127093600035,0.0,820,930,1000,1100,1200,1300,1500,1600,1900,2600,2600
