Type,Name,Request Count,Failure Count,Median Response Time,Average Response Time,Min Response Time,Max Response Time,Average Content Size,Requests/s,Failures/s,50%,66%,75%,80%,90%,95%,98%,99%,99.9%,99.99%,100%
POST,compose_post,12158,0,880.0,881.6385079001158,32.7227910165675,2308.8864600285888,25.0,103.2719305598559,0.0,880,960,1000,1100,1200,1300,1500,1600,2100,2300,2300
GET,index,1000,0,750.0,933.0391254491406,98.88614801457152,2775.9537989622913,2583.0,8.494154512243453,0.0,750,1100,1400,1600,2000,2200,2300,2400,2800,2800,2800
GET,read_home_timeline,61081,0,740.0,750.751425986767,2.456207002978772,2526.0298349894583,3.0,518.8314517623423,0.0,740,810,870,900,1000,1200,1400,1600,2400,2500,2500
GET,read_user_timeline,36316,0,1100.0,1103.3577454158515,21.962753031402826,2625.85927703185,325.75567243088443,308.47371526663323,0.0,1100,1200,1300,1400,1500,1600,1800,1800,2200,2400,2600
,Aggregated,110555,0,850.0,882.6212096939844,2.456207002978772,2775.9537989622913,134.77758581701414,939.071252101075,0.0,850,980,1100,1100,1300,1500,1700,1800,2300,2500,2800
