Type,Name,Request Count,Failure Count,Median Response Time,Average Response Time,Min Response Time,Max Response Time,Average Content Size,Requests/s,Failures/s,50%,66%,75%,80%,90%,95%,98%,99%,99.9%,99.99%,100%
POST,compose_post,12736,0,860.0,892.1292596951585,41.699751978740096,3310.7662349939346,25.0,108.29045877186962,0.0,860,950,1000,1100,1200,1400,1700,2000,3000,3300,3300
GET,index,1000,0,660.0,791.2744503485737,99.64513097656891,2251.7039500526153,2583.0,8.502705619650568,0.0,660,870,1200,1400,1700,1800,1900,2100,2300,2300,2300
GET,read_home_timeline,64532,0,700.0,694.2268203775645,2.9304740019142628,1845.5956690013409,3.0,548.6965990472904,0.0,700,760,810,830,920,1000,1200,1300,1600,1800,1800
GET,read_user_timeline,38010,0,1100.0,1086.0554229448926,5.3799080196768045,4318.212886049878,339.84943435937913,323.1878406029181,0.0,1100,1200,1300,1300,1500,1600,1800,2400,3700,4100,4300
,Aggregated,116278,0,800.0,844.8222750698,2.9304740019142628,4318.212886049878,137.71025473434355,988.6776040417286,0.0,800,920,1000,1100,1300,1400,1600,1800,3300,4000,4300
