Type,Name,Request Count,Failure Count,Median Response Time,Average Response Time,Min Response Time,Max Response Time,Average Content Size,Requests/s,Failures/s,50%,66%,75%,80%,90%,95%,98%,99%,99.9%,99.99%,100%
POST,compose_post,10799,0,1100.0,1168.636973675528,59.234181011561304,3789.3294079694897,25.0,91.59521303020085,0.0,1100,1200,1300,1400,1800,2300,2700,3000,3600,3600,3800
GET,index,1000,0,460.0,645.1553577816812,85.26720898225904,2257.845963991713,2583.0,8.481823597573928,0.0,460,710,950,1200,1300,1400,1600,1900,2300,2300,2300
GET,read_home_timeline,54203,0,780.0,901.1369573418968,18.363694951403886,3736.568653024733,3.0,459.74028445929963,0.0,780,890,980,1000,1400,2100,2600,2800,3500,3700,3700
GET,read_user_timeline,32296,0,1200.0,1277.4334813278856,16.6729090269655,4394.44355602609,262.36196432994797,273.9289749072476,0.0,1200,1400,1500,1600,1900,2200,2700,3000,3700,4300,4400
,Aggregated,98298,0,940.0,1051.5532792963318,16.6729090269655,4394.44355602609,116.87751531058618,833.746295994322,0.0,940,1100,1300,1400,1700,2200,2600,2900,3600,4000,4400
