Type,Name,Request Count,Failure Count,Median Response Time,Average Response Time,Min Response Time,Max Response Time,Average Content Size,Requests/s,Failures/s,50%,66%,75%,80%,90%,95%,98%,99%,99.9%,99.99%,100%
POST,compose_post,12743,0,860.0,878.5558069885084,61.17997504770756,2143.553902977146,25.0,108.12029120826732,0.0,860,930,990,1000,1200,1300,1400,1500,1900,2100,2100
GET,index,1000,0,210.0,516.0272691546124,56.12258904147893,2204.8738339799456,2583.0,8.484681096152187,0.0,210,450,770,990,2000,2100,2100,2200,2200,2200,2200
GET,read_home_timeline,64501,0,680.0,697.6576936825696,28.427226992789656,1919.2593750194646,3.0,547.2704153829122,0.0,680,750,800,830,920,1000,1200,1400,1800,1900,1900
GET,read_user_timeline,38353,0,1000.0,1051.2841521432072,40.36265198374167,2146.821603004355,355.35079394050007,325.41297408072484,0.0,1000,1100,1200,1300,1400,1500,1600,1700,1800,2000,2100
,Aggregated,116597,0,800.0,832.1910847189565,28.427226992789656,2204.8738339799456,143.43290993764847,989.2883617680566,0.0,800,910,1000,1100,1200,1300,1500,1600,1900,2200,2200
