Type,Name,Request Count,Failure Count,Median Response Time,Average Response Time,Min Response Time,Max Response Time,Average Content Size,Requests/s,Failures/s,50%,66%,75%,80%,90%,95%,98%,99%,99.9%,99.99%,100%
POST,compose_post,12376,0,860.0,878.3839552067974,71.12475001486018,2039.5502939936705,25.0,104.91119914520647,0.0,860,950,1000,1100,1200,1400,1500,1600,1900,2000,2000
GET,index,1000,0,700.0,975.465754800709,108.58067899243906,2658.839858020656,2583.0,8.476987649095545,0.0,700,1300,1500,1600,2000,2200,2300,2400,2700,2700,2700
GET,read_home_timeline,61640,0,750.0,753.8224169614954,41.826608998235315,2047.9143019765615,3.0,522.5215186902494,0.0,750,830,880,920,1000,1200,1400,1600,1900,2000,2000
GET,read_user_timeline,36701,0,1000.0,1057.356195659908,7.2622569859959185,2970.2872519847006,314.09424811313045,311.1139237094556,0.0,1000,1200,1200,1300,1500,1600,1800,2000,2500,2800,3000
,Aggregated,111717,0,850.0,869.3214918307896,7.2622569859959185,2970.2872519847006,130.73115998460395,947.023629194007,0.0,850,960,1000,1100,1300,1400,1600,1800,2400,2700,3000
