Type,Name,Request Count,Failure Count,Median Response Time,Average Response Time,Min Response Time,Max Response Time,Average Content Size,Requests/s,Failures/s,50%,66%,75%,80%,90%,95%,98%,99%,99.9%,99.99%,100%
POST,compose_post,12710,0,860.0,893.9694857310478,70.89592202100903,2980.4896529531106,25.0,108.08927434244458,0.0,860,950,1000,1100,1200,1400,1700,1900,2800,3000,3000
GET,index,1000,0,530.0,727.0446108123288,86.99886396061629,1876.9517859909683,2583.0,8.504270207902799,0.0,530,720,1300,1400,1500,1700,1700,1700,1900,1900,1900
GET,read_home_timeline,63924,0,720.0,736.448490760532,10.85617602802813,2708.5633410024457,3.0,543.6269687699785,0.0,720,790,830,870,980,1100,1400,1600,2300,2700,2700
GET,read_user_timeline,38116,0,990.0,998.5501424840301,3.797243000008166,3135.6114860391244,373.0890439710358,324.1487632444231,0.0,990,1100,1200,1200,1400,1500,1600,1800,2400,2700,3100
,Aggregated,115750,0,810.0,839.9729358855423,3.797243000008166,3135.6114860391244,149.57394384449245,984.369276564749,0.0,810,920,990,1000,1200,1400,1600,1700,2400,2800,3100
