Type,Name,Request Count,Failure Count,Median Response Time,Average Response Time,Min Response Time,Max Response Time,Average Content Size,Requests/s,Failures/s,50%,66%,75%,80%,90%,95%,98%,99%,99.9%,99.99%,100%
POST,compose_post,10327,0,1100.0,1260.19341113465,108.01567602902651,4204.953534004744,25.0,87.88517368539038,0.0,1100,1300,1500,1600,1900,2500,3000,3400,4100,4200,4200
GET,index,1000,0,550.0,578.0401442165603,121.59017502563074,1443.0088520166464,2583.0,8.510232757372943,0.0,550,710,810,880,1100,1300,1400,1400,1400,1400,1400
GET,read_home_timeline,52111,0,920.0,1042.4882932141309,38.472649990580976,3897.988217009697,3.0,443.4767392194615,0.0,920,1100,1200,1300,1700,2100,2600,2900,3600,3800,3900
GET,read_user_timeline,31208,0,1100.0,1154.3022111431846,6.549339974299073,4612.297238025349,243.1374967956934,265.58734389209485,0.0,1100,1300,1400,1400,1600,1800,2200,2500,3600,4400,4600
,Aggregated,94646,0,1000.0,1098.2041328111418,6.549339974299073,4612.297238025349,111.84141960568857,805.4594895543196,0.0,1000,1200,1300,1400,1700,2000,2500,2900,3700,4100,4600
