Type,Name,Request Count,Failure Count,Median Response Time,Average Response Time,Min Response Time,Max Response Time,Average Content Size,Requests/s,Failures/s,50%,66%,75%,80%,90%,95%,98%,99%,99.9%,99.99%,100%
POST,compose_post,10213,0,1200.0,1299.401804929008,64.38195501687005,5006.799657014199,25.0,86.84555209485367,0.0,1200,1400,1500,1700,2100,2500,3300,3700,4600,4900,5000
GET,index,1000,0,560.0,933.0823712022393,69.89570503355935,2809.4146529911086,2583.0,8.503432105635333,0.0,560,1200,1700,1800,2000,2100,2700,2700,2800,2800,2800
GET,read_home_timeline,50315,0,970.0,1132.9287185627277,31.97791299317032,4483.62365597859,3.0,427.8501863950418,0.0,970,1100,1300,1400,1800,2500,3200,3500,4100,4400,4500
GET,read_user_timeline,29963,0,1100.0,1131.249888394024,5.924648023210466,3707.4238479835913,240.65804492207056,254.78833618115152,0.0,1100,1200,1300,1400,1600,1800,2300,2600,3300,3700,3700
,Aggregated,91491,0,1000.0,1148.7777145880598,5.924648023210466,5006.799657014199,111.4875452230274,777.9875067766824,0.0,1000,1200,1300,1400,1800,2300,3000,3300,4200,4700,5000
