Type,Name,Request Count,Failure Count,Median Response Time,Average Response Time,Min Response Time,Max Response Time,Average Content Size,Requests/s,Failures/s,50%,66%,75%,80%,90%,95%,98%,99%,99.9%,99.99%,100%
POST,compose_post,11748,0,1500.0,1478.7633531441256,53.80457703722641,2480.5761190364137,25.0,98.85801395969192,0.0,1500,1700,1800,1900,2000,2000,2100,2200,2400,2500,2500
GET,index,2000,0,2900.0,5406.80978693153,75.02534304512665,22821.17069500964,2583.0,16.829760633246835,0.0,2900,5800,6600,9300,16000,18000,21000,22000,23000,23000,23000
GET,read_home_timeline,58348,0,1300.0,1228.9641972336751,10.942691005766392,2637.7043160027824,3.0,490.9914367143432,0.0,1300,1300,1500,1500,1700,1900,2100,2200,2600,2600,2600
GET,read_user_timeline,34988,0,1800.0,1689.7900803423001,6.807318015489727,2980.758462974336,310.37918714987995,294.41983251802014,0.0,1800,2000,2100,2100,2200,2300,2400,2500,2800,2900,3000
,Aggregated,107084,0,1400.0,1484.9660991166736,6.807318015489727,22821.17069500964,154.03133054424563,901.0990438253021,0.0,1400,1600,1800,1900,2100,2200,2400,2800,18000,22000,23000
