Type,Name,Request Count,Failure Count,Median Response Time,Average Response Time,Min Response Time,Max Response Time,Average Content Size,Requests/s,Failures/s,50%,66%,75%,80%,90%,95%,98%,99%,99.9%,99.99%,100%
POST,compose_post,11386,0,1000.0,1139.849688668762,22.281415993347764,3600.0826319796033,25.0,96.85399807496465,0.0,1000,1200,1300,1400,1700,2100,2600,2900,3400,3600,3600
GET,index,1000,0,540.0,674.2907405883307,74.51266801217571,2143.9847360015847,2583.0,8.506411213329057,0.0,540,930,970,1000,1400,1700,2100,2100,2100,2100,2100
GET,read_home_timeline,56069,0,770.0,869.3128953729381,25.074912002310157,3246.39159796061,3.0,476.94597032014696,0.0,770,860,950,1000,1300,1800,2300,2600,3000,3100,3200
GET,read_user_timeline,34017,0,1200.0,1172.8153962403446,3.3183800405822694,3495.8398700109683,283.00493870711705,289.36259024381457,0.0,1200,1300,1400,1400,1700,1900,2200,2500,3000,3300,3500
,Aggregated,102472,0,910.0,998.2218104491395,3.3183800405822694,3600.0826319796033,123.57362011085955,871.6689698522553,0.0,910,1100,1200,1300,1600,1900,2300,2600,3000,3400,3600
