Type,Name,Request Count,Failure Count,Median Response Time,Average Response Time,Min Response Time,Max Response Time,Average Content Size,Requests/s,Failures/s,50%,66%,75%,80%,90%,95%,98%,99%,99.9%,99.99%,100%
POST,compose_post,10710,0,1100.0,1240.9073993809461,64.19458502205089,4939.069514977746,25.0,90.9898366585327,0.0,1100,1300,1500,1600,2000,2400,2900,3300,4200,4900,4900
GET,index,1000,0,410.0,502.9767581850756,59.814838983584195,1389.0550310024992,2583.0,8.495783068023593,0.0,410,670,750,790,950,1000,1400,1400,1400,1400,1400
GET,read_home_timeline,53429,0,880.0,1024.2268564353149,8.770706015639007,4330.914916004986,3.0,453.9211935414326,0.0,880,1000,1100,1200,1700,2200,2700,3000,3600,4000,4300
GET,read_user_timeline,32035,0,1100.0,1091.0902535194778,9.251717012375593,3820.870790979825,256.1425940377712,272.16241058413584,0.0,1100,1200,1300,1400,1500,1700,2000,2200,2800,3400,3800
,Aggregated,97174,0,980.0,1064.786753550703,8.770706015639007,4939.069514977746,115.42763496408504,825.5692238521247,0.0,980,1100,1200,1300,1600,2100,2600,2900,3600,4300,4900
