Type,Name,Request Count,Failure Count,Median Response Time,Average Response Time,Min Response Time,Max Response Time,Average Content Size,Requests/s,Failures/s,50%,66%,75%,80%,90%,95%,98%,99%,99.9%,99.99%,100%
POST,compose_post,10172,0,1200.0,1320.2023444255485,56.14143202546984,5022.606754035223,25.0,86.48211810957449,0.0,1200,1400,1500,1700,2100,2700,3300,3700,4500,4900,5000
GET,index,1000,0,440.0,491.73706143378513,60.78828399768099,1177.025839977432,2583.0,8.501977792919238,0.0,440,660,720,750,910,1100,1200,1200,1200,1200,1200
GET,read_home_timeline,50516,0,940.0,1099.997739056552,24.608932028058916,4377.1969199879095,3.0,429.4859101871082,0.0,940,1100,1200,1300,1800,2600,3100,3400,4000,4300,4400
GET,read_user_timeline,30317,0,1100.0,1172.780165499687,5.409976001828909,4594.0201000194065,241.86179371309825,257.7544607479325,0.0,1100,1300,1400,1500,1700,1900,2300,2700,3700,4500,4600
,Aggregated,92005,0,1000.0,1141.7150956205069,5.409976001828909,5022.606754035223,112.18272919950003,782.2244668375345,0.0,1000,1200,1300,1400,1800,2300,3000,3300,4000,4500,5000
