Type,Name,Request Count,Failure Count,Median Response Time,Average Response Time,Min Response Time,Max Response Time,Average Content Size,Requests/s,Failures/s,50%,66%,75%,80%,90%,95%,98%,99%,99.9%,99.99%,100%
POST,compose_post,10760,0,1000.0,1183.7439060168253,30.790634045843035,4015.6894270330667,25.0,91.24996931507803,0.0,1000,1200,1300,1500,1900,2500,3000,3400,3700,4000,4000
GET,index,1000,0,400.0,773.9858444633428,76.34500204585493,2952.455246995669,2583.0,8.480480419616917,0.0,400,560,1300,1500,2200,2500,2900,2900,3000,3000,3000
GET,read_home_timeline,53524,0,830.0,945.9585722334625,45.53743597352877,3676.0649959906004,3.0,453.90923397957584,0.0,830,950,1000,1100,1500,2000,2500,2700,3200,3500,3700
GET,read_user_timeline,32050,0,1100.0,1147.3017514690325,3.626752004493028,3807.6975870062597,253.37934477379096,271.7993974487222,0.0,1100,1300,1400,1400,1600,1900,2300,2500,3100,3700,3800
,Aggregated,97334,0,950.0,1036.7762346971365,3.626752004493028,4015.6894270330667,114.3832576489202,825.439081162993,0.0,950,1100,1200,1300,1600,2000,2500,2700,3500,3800,4000
