Type,Name,Request Count,Failure Count,Median Response Time,Average Response Time,Min Response Time,Max Response Time,Average Content Size,Requests/s,Failures/s,50%,66%,75%,80%,90%,95%,98%,99%,99.9%,99.99%,100%
POST,compose_post,10658,0,1000.0,1132.769504829024,28.7522180005908,3697.5617320276797,25.0,90.71606255970765,0.0,1000,1200,1300,1400,1700,2200,2600,2900,3500,3700,3700
GET,index,1000,0,550.0,609.3909403663711,71.06697396375239,2263.96539399866,2583.0,8.511546496501,0.0,550,630,740,1100,1300,1500,1800,2100,2300,2300,2300
GET,read_home_timeline,53035,0,830.0,956.8660660521226,35.153258009813726,3894.115240953397,3.0,451.4098684419305,0.0,830,940,1000,1100,1500,2100,2600,2800,3300,3500,3900
GET,read_user_timeline,32092,0,1100.0,1163.4965545381212,5.720923014450818,3877.922676037997,259.06662096472644,273.15255016571007,0.0,1100,1300,1400,1400,1600,1800,2200,2500,3100,3300,3900
,Aggregated,96785,0,950.0,1041.161043179684,5.720923014450818,3894.115240953397,116.98632019424498,823.7900276638492,0.0,950,1100,1200,1300,1600,2000,2500,2700,3300,3500,3900
