Type,Name,Request Count,Failure Count,Median Response Time,Average Response Time,Min Response Time,Max Response Time,Average Content Size,Requests/s,Failures/s,50%,66%,75%,80%,90%,95%,98%,99%,99.9%,99.99%,100%
POST,compose_post,10588,2,1900.0,1875.8292579890149,61.88672001007944,5568.132822983898,25.01322251605591,89.56447824049492,0.016918110736776525,1900,2000,2200,2300,2800,3400,3900,4200,4600,5100,5600
GET,index,2000,0,1300.0,2241.1796334896044,74.81204200303182,7737.49063903233,2583.0,16.918110736776526,0.0,1300,2100,4200,5100,6100,6800,7500,7600,7700,7700,7700
GET,read_home_timeline,53754,16,1500.0,1584.0344846862333,28.484524984378368,5204.371867002919,3.0273840086319157,454.70806227234266,0.1353448858942122,1500,1700,1800,1900,2300,3000,3700,4300,5000,5200,5200
GET,read_user_timeline,32218,16,1900.0,1865.4634957930264,7.3633999563753605,5157.291728013661,252.4503072816438,272.53384585873306,0.1353448858942122,1900,2100,2200,2300,2600,3100,3500,4000,4500,5000,5200
,Aggregated,98560,34,1600.0,1720.7115670439453,7.3633999563753605,7737.49063903233,139.2757508116883,833.7244971083472,0.2876078825252009,1600,1900,2000,2100,2500,3200,3900,4400,6800,7700,7700
