Type,Name,Request Count,Failure Count,Median Response Time,Average Response Time,Min Response Time,Max Response Time,Average Content Size,Requests/s,Failures/s,50%,66%,75%,80%,90%,95%,98%,99%,99.9%,99.99%,100%
POST,compose_post,10814,0,1700.0,1716.0006275641886,22.045582998543978,5418.942624994088,25.0,91.55824671756216,0.0,1700,1900,2000,2100,2200,2600,3200,3700,4800,5300,5400
GET,index,2000,0,1500.0,3086.2895039151767,53.71966998791322,17267.47801504098,2583.0,16.933280325053108,0.0,1500,3400,4600,5200,7500,12000,15000,16000,17000,17000,17000
GET,read_home_timeline,54684,0,1500.0,1478.0180402162675,27.46044599916786,3679.2095620185137,3.0,462.9897506476021,0.0,1500,1700,1800,1900,2000,2200,2600,2800,3300,3500,3700
GET,read_user_timeline,32491,0,1900.0,1816.55591444942,3.47261899150908,4978.4213560051285,261.26588901541965,275.08960552065025,0.0,1900,2100,2100,2200,2400,2700,3100,3300,4100,4800,5000
,Aggregated,99989,0,1600.0,1645.9317177076687,3.47261899150908,17267.47801504098,140.90741981617978,846.5708832108676,0.0,1600,1800,2000,2000,2200,2500,3000,3500,12000,17000,17000
