Type,Name,Request Count,Failure Count,Median Response Time,Average Response Time,Min Response Time,Max Response Time,Average Content Size,Requests/s,Failures/s,50%,66%,75%,80%,90%,95%,98%,99%,99.9%,99.99%,100%
POST,compose_post,8645,501,2600.0,2965.908281778235,3.3141690073534846,9968.748996965587,29.05668016194332,71.66868375036138,4.153384680038294,2600,3300,3900,4200,5200,6300,7100,7700,9000,10000,10000
GET,index,2000,15,450.0,768.9546577259025,72.83188297878951,2533.2541660172865,2564.34,16.580377964224727,0.12435283473168546,450,950,1300,1400,1600,2300,2400,2400,2500,2500,2500
GET,read_home_timeline,43359,2535,2100.0,2355.143510293839,3.225901979021728,8041.1858560401015,8.502640743559583,359.45430407541,21.015629069654842,2100,2500,3000,3300,4500,5300,6100,6500,7600,8000,8000
GET,read_user_timeline,25948,1602,2600.0,2815.1326102888493,4.197600006591529,10364.226959005464,161.7380530291352,215.1138237078516,13.280882749344006,2600,3200,3500,4000,5000,5900,6500,7000,8400,10000,10000
,Aggregated,79952,4653,2300.0,2530.792411021972,3.225901979021728,10364.226959005464,124.39113468080849,662.8171894978477,38.574249333768826,2300,2800,3300,3600,4700,5600,6400,6900,8100,9900,10000
