Type,Name,Request Count,Failure Count,Median Response Time,Average Response Time,Min Response Time,Max Response Time,Average Content Size,Requests/s,Failures/s,50%,66%,75%,80%,90%,95%,98%,99%,99.9%,99.99%,100%
POST,compose_post,11500,0,1500.0,1506.6430431671333,48.11663198051974,2750.012705975678,25.0,97.60909966641583,0.0,1500,1800,1800,1900,2000,2100,2200,2200,2600,2700,2800
GET,index,2000,0,2000.0,5000.636859154468,117.54526698496193,22486.793980991933,2583.0,16.975495594159273,0.0,2000,5700,6500,7900,15000,18000,21000,21000,22000,22000,22000
GET,read_home_timeline,56761,0,1300.0,1302.2996284858957,3.983656002674252,2869.5086329826154,3.0,481.77305271003723,0.0,1300,1400,1500,1600,1800,1900,2000,2100,2300,2800,2900
GET,read_user_timeline,34515,0,1800.0,1700.2912459687777,30.164111056365073,3292.872648977209,295.71800666376936,292.95461521620365,0.0,1800,2000,2000,2100,2200,2300,2500,2700,3000,3200,3300
,Aggregated,104776,0,1400.0,1526.4282877933022,3.983656002674252,22486.793980991933,151.08889440329847,889.312263186816,0.0,1400,1700,1800,1900,2100,2200,2400,2800,18000,22000,22000
