Type,Name,Request Count,Failure Count,Median Response Time,Average Response Time,Min Response Time,Max Response Time,Average Content Size,Requests/s,Failures/s,50%,66%,75%,80%,90%,95%,98%,99%,99.9%,99.99%,100%
POST,compose_post,10870,0,1600.0,1587.201345796195,14.636819018051028,3775.444145023357,25.0,92.32015648391422,0.0,1600,1800,1900,2000,2100,2300,2600,2900,3600,3700,3800
GET,index,2000,0,3700.0,5904.848372631992,54.90031302906573,25665.470572013874,2583.0,16.986229343866462,0.0,3700,5500,6500,11000,18000,21000,24000,24000,26000,26000,26000
GET,read_home_timeline,55254,2,1500.0,1475.687369364644,24.84247402753681,3955.1355930161662,3.0033300756506316,469.27855808299876,0.01698622934386646,1500,1700,1800,1800,2000,2200,2600,2900,3700,3900,4000
GET,read_user_timeline,32859,1,1700.0,1613.9039103162402,4.857167950831354,3283.485853986349,278.98100976901304,279.07525500505403,0.00849311467193323,1700,1900,2000,2100,2200,2300,2500,2600,2800,3000,3300
,Aggregated,100983,3,1600.0,1620.3863409685046,4.857167950831354,25665.470572013874,146.26950080706655,857.6601989158335,0.025479344015799692,1600,1800,1900,2000,2100,2300,2800,3800,21000,25000,26000
