Type,Name,Request Count,Failure Count,Median Response Time,Average Response Time,Min Response Time,Max Response Time,Average Content Size,Requests/s,Failures/s,50%,66%,75%,80%,90%,95%,98%,99%,99.9%,99.99%,100%
POST,compose_post,10093,268,2000.0,2248.933288116768,32.18202700372785,7729.803032008931,26.867730109977213,84.76404028082104,2.2507443570058494,2000,2400,2900,3200,4100,4900,5400,5700,6600,7600,7700
GET,index,2000,0,2700.0,3347.133625923451,80.62352298293263,11547.336327959783,2583.0,16.79659967914813,0.0,2700,3600,5200,5700,8600,9800,11000,11000,12000,12000,12000
GET,read_home_timeline,50017,1361,1800.0,2022.320520222216,42.314043967053294,8038.120676996186,5.503388847791751,420.05776307597597,11.430086081660303,1800,2100,2500,2800,3700,4500,5200,5600,7200,7800,8000
GET,read_user_timeline,30190,855,1800.0,1846.2207866852568,4.746399004943669,6761.540040024556,218.5626035110964,253.544672156741,7.180546362835825,1800,2100,2300,2400,2900,3300,4000,4400,5600,6400,6800
,Aggregated,92300,2484,1800.0,2018.2076049706411,4.746399004943669,11547.336327959783,133.37859154929578,775.1630751926862,20.861376801501976,1800,2100,2500,2700,3500,4300,5200,5700,9900,11000,12000
