Type,Name,Request Count,Failure Count,Median Response Time,Average Response Time,Min Response Time,Max Response Time,Average Content Size,Requests/s,Failures/s,50%,66%,75%,80%,90%,95%,98%,99%,99.9%,99.99%,100%
POST,compose_post,10334,0,45,43.8440872279534,7.516407989896834,265.92026895377785,25.0,88.14033686266914,0.0,45,49,53,55,61,66,74,80,110,250,270
GET,index,50,0,98,97.25282205734402,58.624387020245194,118.04043996380642,2583.0,0.42645798752984876,0.0,98,100,110,110,110,120,120,120,120,120,120
GET,read_home_timeline,52179,0,33,80.04067688685231,6.785104982554913,909.0890229563229,3.0,445.0430266263996,0.0,33,36,42,64,270,320,410,490,690,820,910
GET,read_user_timeline,31054,0,29,27.982912369319948,2.9133910429663956,90.45675199013203,248.89344367875313,264.86452689503847,0.0,29,33,35,36,41,45,49,53,66,88,90
,Aggregated,93617,0,32,58.78602474457067,2.9133910429663956,909.0890229563229,88.3725605392183,798.474348371637,0.0,32,36,41,45,170,280,380,410,620,800,910
