Type,Name,Request Count,Failure Count,Median Response Time,Average Response Time,Min Response Time,Max Response Time,Average Content Size,Requests/s,Failures/s,50%,66%,75%,80%,90%,95%,98%,99%,99.9%,99.99%,100%
POST,compose_post,3953,0,25,37.14513845187267,8.657632977701724,586.206862994004,25.0,33.75373268644054,0.0,25,33,38,42,52,64,280,390,530,590,590
GET,index,50,0,100.0,96.9140594790224,47.32844699174166,119.11981203593314,2583.0,0.42693818222161073,0.0,100,110,110,110,110,120,120,120,120,120,120
GET,read_home_timeline,19444,0,280.0,268.695464066668,2.554170961957425,985.7987969880924,3.0,166.02772030234,0.0,280,310,380,400,480,510,600,690,810,920,990
GET,read_user_timeline,11778,0,15,33.42188383156327,3.1607880373485386,1289.1952350037172,54.90227542876549,100.56955820412263,0.0,15,21,26,29,38,47,510,680,970,1100,1300
,Aggregated,35225,0,45,163.79951700084177,2.554170961957425,1289.1952350037172,26.485337118523777,300.77794937512476,0.0,45,230,290,310,410,500,590,670,890,1000,1300
