Type,Name,Request Count,Failure Count,Median Response Time,Average Response Time,Min Response Time,Max Response Time,Average Content Size,Requests/s,Failures/s,50%,66%,75%,80%,90%,95%,98%,99%,99.9%,99.99%,100%
POST,compose_post,2465,0,25,27.698170369831963,9.150697966106236,287.01989399269223,25.0,107.44283367199938,0.0,25,29,32,34,40,49,68,88,170,290,290
GET,index,47,0,100.0,108.7282385969376,59.64155500987545,385.91541501227766,2583.0,2.048605753583761,0.0,100,110,130,140,150,160,390,390,390,390,390
GET,read_home_timeline,12446,0,12,13.390147520241417,2.5742590078152716,290.2941480278969,3.0,542.4882384915636,0.0,12,14,16,16,19,28,45,60,170,290,290
GET,read_user_timeline,7591,0,14,15.797254894131937,3.2576399971731007,292.57431998848915,7.61599262284284,330.87162288200705,0.0,14,16,18,19,23,31,47,61,290,290,290
,Aggregated,22549,0,13,15.963322325334696,2.5742590078152716,385.91541501227766,12.336555944831256,982.8513007991538,0.0,13,16,18,20,27,35,52,75,270,290,390
