Type,Name,Request Count,Failure Count,Median Response Time,Average Response Time,Min Response Time,Max Response Time,Average Content Size,Requests/s,Failures/s,50%,66%,75%,80%,90%,95%,98%,99%,99.9%,99.99%,100%
POST,compose_post,330,0,13,13.857382969846102,8.608564035966992,87.89067203179002,25.0,23.285085133570412,0.0,13,14,15,15,16,20,23,25,88,88,88
GET,index,1,0,57.745653961319476,57.745653961319476,57.745653961319476,57.745653961319476,2583.0,0.07056086404112247,0.0,58,58,58,58,58,58,58,58,58,58,58
GET,read_home_timeline,1744,0,3,2.950180897833897,2.3096290533430874,37.124030000995845,3.0,123.05814688771757,0.0,3,3,3,3,3,4,5,6,17,37,37
GET,read_user_timeline,1026,0,4,4.004042439950633,2.933738986030221,24.875772011000663,3.840155945419103,72.39544650619165,0.0,4,4,4,4,5,6,7,9,25,25,25
,Aggregated,3101,0,3,4.477247682432183,2.3096290533430874,87.89067203179002,6.45114479200258,218.80923939152075,0.0,3,4,4,4,11,13,15,18,33,88,88
