Type,Name,Request Count,Failure Count,Median Response Time,Average Response Time,Min Response Time,Max Response Time,Average Content Size,Requests/s,Failures/s,50%,66%,75%,80%,90%,95%,98%,99%,99.9%,99.99%,100%
POST,compose_post,2380,0,26,29.701713753126548,9.953477012459189,236.10931902658194,25.0,108.0443066746519,0.0,26,30,32,35,44,51,79,140,200,240,240
GET,index,67,0,100.0,113.79795928690721,68.30641400301829,240.75796001125127,2583.0,3.0415834231939822,0.0,100,120,120,130,160,210,230,240,240,240,240
GET,read_home_timeline,11572,0,13,14.199488962451156,2.4013820220716298,166.9363440014422,3.0,525.3313936298621,0.0,13,15,16,17,20,27,43,56,130,170,170
GET,read_user_timeline,6928,0,16,17.34294728153492,3.196047036908567,173.2485340326093,6.696737875288684,314.50880531175983,0.0,16,18,20,21,26,35,53,67,170,170,170
,Aggregated,20947,0,14,17.319089466015306,2.4013820220716298,240.75796001125127,14.974554828853774,950.9260890394678,0.0,14,17,20,21,28,37,54,100,170,230,240
