Type,Name,Request Count,Failure Count,Median Response Time,Average Response Time,Min Response Time,Max Response Time,Average Content Size,Requests/s,Failures/s,50%,66%,75%,80%,90%,95%,98%,99%,99.9%,99.99%,100%
POST,compose_post,728,0,15,17.072418814407953,8.444743987638503,174.7085119714029,25.0,51.609366610286216,0.0,15,17,18,19,22,26,36,51,170,170,170
GET,index,6,0,76,73.71397784057383,58.97460400592536,81.70957898255438,2583.0,0.425351922612249,0.0,77,77,78,78,82,82,82,82,82,82,82
GET,read_home_timeline,3918,0,4,3.982883469840928,2.4270500289276242,33.12820300925523,3.0,277.7548054657986,0.0,4,4,4,5,5,6,8,10,27,33,33
GET,read_user_timeline,2341,0,4,4.811359197483149,2.945040992926806,39.304196019656956,4.809055958991884,165.95814180587917,0.0,4,5,5,5,6,7,10,12,33,39,39
,Aggregated,6993,0,4,5.682730456181502,2.4270500289276242,174.7085119714029,8.109538109538109,495.74766580457623,0.0,4,5,5,6,12,15,20,23,82,170,170
