Type,Name,Request Count,Failure Count,Median Response Time,Average Response Time,Min Response Time,Max Response Time,Average Content Size,Requests/s,Failures/s,50%,66%,75%,80%,90%,95%,98%,99%,99.9%,99.99%,100%
POST,compose_post,2718,0,27,29.75240416372177,9.703293966595083,193.07857396779582,25.0,110.96866219087323,0.0,27,31,33,35,41,49,64,110,180,190,190
GET,index,69,0,100.0,108.30373577925417,51.269679970573634,233.29056898364797,2583.0,2.8170852432561637,0.0,100,110,110,110,160,210,220,230,230,230,230
GET,read_home_timeline,13418,0,10,12.056435228876078,2.423204015940428,165.808892052155,3.0,547.8210115074088,0.0,10,13,14,15,18,23,36,49,120,170,170
GET,read_user_timeline,8041,0,15,16.45736008440923,3.1005539931356907,167.5641710171476,6.686357418231563,328.29249914525815,0.0,15,18,20,21,26,33,47,57,160,170,170
,Aggregated,24246,0,13,15.773606888788178,2.423204015940428,233.29056898364797,14.03101542522478,989.8992580867963,0.0,13,16,19,21,28,35,49,72,160,210,230
