Type,Name,Request Count,Failure Count,Median Response Time,Average Response Time,Min Response Time,Max Response Time,Average Content Size,Requests/s,Failures/s,50%,66%,75%,80%,90%,95%,98%,99%,99.9%,99.99%,100%
POST,compose_post,10046,127,1900.0,2115.702674864781,44.29912898922339,6845.457316027023,25.88492932510452,84.70323076837379,1.0708053262575623,1900,2100,2400,2700,3400,4400,5300,5700,6600,6800,6800
GET,index,2000,0,1400.0,2993.5913333721737,107.61274601100013,11613.193329016212,2583.0,16.8630760040561,0.0,2100,4300,5400,6200,7800,8700,9700,9900,12000,12000,12000
GET,read_home_timeline,50536,683,1500.0,1787.053635138136,5.983942013699561,6742.36529803602,4.245191546620231,426.0962044704895,5.758740455385158,1500,1800,2000,2100,3100,4200,5000,5300,6000,6300,6700
GET,read_user_timeline,30063,372,2000.0,1941.9027418217477,1.946894044522196,5351.331867976114,223.07068489505372,253.47732695496927,3.1365321367544348,2000,2200,2300,2400,2800,3200,3500,3800,4200,5200,5400
,Aggregated,92645,1182,1700.0,1898.9853351088968,1.946894044522196,11613.193329016212,133.2694586863835,781.1398381978887,9.966077918397156,1700,2000,2200,2300,3100,4000,5000,5600,8700,11000,12000
