Type,Name,Request Count,Failure Count,Median Response Time,Average Response Time,Min Response Time,Max Response Time,Average Content Size,Requests/s,Failures/s,50%,66%,75%,80%,90%,95%,98%,99%,99.9%,99.99%,100%
POST,compose_post,12698,0,800.0,767.2666165898122,13.62153101945296,1617.939845949877,25.0,107.82551513635221,0.0,800,860,900,930,1000,1100,1200,1300,1400,1600,1600
GET,index,1000,0,900.0,1426.2326074436423,74.45042004110292,4868.716469034553,2583.0,8.491535291884723,0.0,900,1600,2400,2700,3300,4100,4600,4600,4900,4900,4900
GET,read_home_timeline,62544,0,680.0,695.7611941336594,22.77333795791492,1739.7056659683585,3.0,531.0945832956381,0.0,680,760,820,850,930,1000,1100,1200,1600,1600,1700
GET,read_user_timeline,37372,0,1000.0,991.8773531678557,4.046732967253774,2091.2116569816135,340.6771914802526,317.34565692831586,0.0,1000,1100,1200,1200,1400,1400,1600,1600,1800,2000,2100
,Aggregated,113614,0,790.0,807.5863245144591,4.046732967253774,4868.716469034553,139.2422588765469,964.7572906521908,0.0,790,900,970,1000,1200,1300,1500,1600,3200,4600,4900
