Type,Name,Request Count,Failure Count,Median Response Time,Average Response Time,Min Response Time,Max Response Time,Average Content Size,Requests/s,Failures/s,50%,66%,75%,80%,90%,95%,98%,99%,99.9%,99.99%,100%
POST,compose_post,1893,0,21,22.700014497471773,10.527973005082458,144.26783402450383,25.0,97.22611642179143,0.0,21,23,25,27,32,39,50,63,130,140,140
GET,index,25,0,89,89.86049931962043,54.116443963721395,140.3644810197875,2583.0,1.2840216114869445,0.0,89,94,97,100,120,130,140,140,140,140,140
GET,read_home_timeline,9479,0,8,8.588192246061467,2.7337310020811856,125.73078501736745,3.0,486.84963421138985,0.0,8,9,10,11,13,14,21,37,96,130,130
GET,read_user_timeline,5616,0,10,10.899887307760295,3.625245997682214,126.39530102023855,7.2489316239316235,288.4426148044272,0.0,10,12,13,14,16,20,30,40,120,130,130
,Aggregated,17013,0,9,11.040902918209783,2.7337310020811856,144.26783402450383,10.64168576970552,873.8023870490954,0.0,9,11,13,14,19,25,35,45,120,140,140
