Type,Name,Request Count,Failure Count,Median Response Time,Average Response Time,Min Response Time,Max Response Time,Average Content Size,Requests/s,Failures/s,50%,66%,75%,80%,90%,95%,98%,99%,99.9%,99.99%,100%
POST,compose_post,12340,0,830.0,812.1338254176208,46.990520961117,1957.8474379959516,25.0,104.7901810206516,0.0,830,900,950,980,1100,1200,1300,1300,1700,1900,2000
GET,index,1000,0,2000.0,1986.5361093892134,80.58867196086794,4569.034739979543,2583.0,8.491910941705965,0.0,2000,2900,3200,3300,3500,3900,4400,4400,4600,4600,4600
GET,read_home_timeline,62316,0,620.0,640.820512021146,11.063184996601194,2199.8310549533926,3.0,529.1819222433489,0.0,620,710,770,800,890,990,1300,1400,1900,2200,2200
GET,read_user_timeline,37191,0,1100.0,1066.8090253319692,5.729897995479405,2594.6147810318507,346.2450861767632,315.8226598329865,0.0,1100,1200,1300,1300,1400,1500,1700,1800,2100,2500,2600
,Aggregated,112847,0,770.0,811.8721189156587,5.729897995479405,4569.034739979543,141.3918757255399,958.286674038693,0.0,770,920,1000,1100,1300,1400,1600,1700,3500,4400,4600
