Type,Name,Request Count,Failure Count,Median Response Time,Average Response Time,Min Response Time,Max Response Time,Average Content Size,Requests/s,Failures/s,50%,66%,75%,80%,90%,95%,98%,99%,99.9%,99.99%,100%
POST,compose_post,9558,172,2300.0,2599.7958522307717,30.919965007342398,8809.788270969875,26.278719397363464,80.98052322750797,1.4572766264000179,2300,2900,3400,3700,4700,5400,6300,6700,7800,8800,8800
GET,index,2000,4,1100.0,1409.2770791824441,58.2043009926565,5067.614867002703,2578.024,16.945077051162997,0.033890154102325994,1100,1500,2100,2300,3600,4100,5000,5000,5100,5100,5100
GET,read_home_timeline,47425,853,1900.0,2209.4994024161674,13.362990983296186,8229.102042037994,4.670089615181866,401.8101395757026,7.227075362321019,1900,2400,2800,3200,4000,4500,5200,5800,7800,8100,8200
GET,read_user_timeline,28332,510,1900.0,1951.7920564699232,5.670247017405927,7352.164304989856,212.26962445291542,240.04396150677502,4.320994648046565,1900,2200,2400,2600,3000,3400,4200,4600,6500,7100,7400
,Aggregated,87315,1539,1900.0,2150.2729727707506,5.670247017405927,8809.788270969875,133.34160224474604,739.7797013611486,13.039236790869927,1900,2300,2700,2900,3700,4400,5100,5800,7600,8200,8800
