Type,Name,Request Count,Failure Count,Median Response Time,Average Response Time,Min Response Time,Max Response Time,Average Content Size,Requests/s,Failures/s,50%,66%,75%,80%,90%,95%,98%,99%,99.9%,99.99%,100%
POST,compose_post,9891,135,2000.0,2305.657154191361,3.687564982101321,8482.23154101288,25.97381457891012,83.2572683486828,1.1363594406098652,2000,2400,2900,3100,3800,4600,6500,6900,7800,8500,8500
GET,index,2000,0,1100.0,2049.162605158286,81.27260900801048,7605.287356011104,2583.0,16.834954675701706,0.0,1100,2300,3300,4400,5500,6400,6700,7300,7600,7600,7600
GET,read_home_timeline,48936,700,1700.0,2000.2808159885992,1.9577029743231833,8502.789618971292,4.377370443027628,411.9176710050694,5.892234136495597,1700,1900,2300,2700,3600,4600,6000,6500,7500,8000,8500
GET,read_user_timeline,29271,424,2000.0,2010.8307702770353,1.9550779834389687,7764.869973005261,226.6414198353319,246.38797915623235,3.569010391248762,2000,2200,2400,2600,3000,3400,3800,4000,5900,7300,7800
,Aggregated,90098,1259,1800.0,2038.3177163801918,1.9550779834389687,8502.789618971292,136.19768474327955,758.3978731856862,10.597603968354225,1800,2100,2400,2700,3500,4100,5700,6400,7500,7900,8500
