Type,Name,Request Count,Failure Count,Median Response Time,Average Response Time,Min Response Time,Max Response Time,Average Content Size,Requests/s,Failures/s,50%,66%,75%,80%,90%,95%,98%,99%,99.9%,99.99%,100%
POST,compose_post,9640,284,2100.0,2455.8644983357826,2.798343019094318,8527.620945998933,27.081120331950206,81.65655780684867,2.405649628334546,2100,2600,3000,3400,4400,5400,6500,7100,8100,8500,8500
GET,index,2000,0,830.0,1621.1715072289226,100.51862499676645,7048.006016993895,2583.0,16.94119456573624,0.0,830,1700,2400,3100,4300,5000,5600,6000,6900,7000,7000
GET,read_home_timeline,48741,1456,1800.0,1992.2715091611851,2.0211130031384528,7571.656749991234,5.8397242567858685,412.86538216427505,12.333189643855983,1800,2100,2400,2700,3700,4500,5200,5600,6600,7000,7600
GET,read_user_timeline,29618,850,2000.0,2041.4014237820597,2.4490520008839667,6869.015164964367,216.52798973597137,250.88215032398796,7.200007690437902,2000,2200,2500,2700,3200,3700,4400,4700,6200,6800,6900
,Aggregated,89999,2590,1900.0,2049.849551395181,2.0211130031384528,8527.620945998933,134.7217413526817,762.3452848608479,21.93884696262843,1900,2200,2500,2700,3600,4400,5200,5700,7200,8200,8500
