Type,Name,Request Count,Failure Count,Median Response Time,Average Response Time,Min Response Time,Max Response Time,Average Content Size,Requests/s,Failures/s,50%,66%,75%,80%,90%,95%,98%,99%,99.9%,99.99%,100%
POST,compose_post,9818,134,2100.0,2493.783675932465,5.451489007100463,8086.574579006992,25.955388062741903,81.47963870663129,1.1120667739548373,2100,2600,3100,3500,4500,5200,6100,6900,8000,8100,8100
GET,index,2000,0,1600.0,1939.6861976592918,80.14158596051857,6475.875310017727,2583.0,16.598011551564735,0.0,1600,2400,3000,3400,4400,5200,5300,5400,6500,6500,6500
GET,read_home_timeline,48549,657,1900.0,2145.91318323347,6.904626032337546,6908.322210016195,4.246884590825764,402.90843140845817,5.452446794689016,1900,2200,2600,2900,4100,4800,5400,5800,6700,6800,6900
GET,read_user_timeline,29034,397,2000.0,1997.7893740558482,3.0135380220599473,6229.50081404997,217.26796170007577,240.95333369406526,3.2947052929856,2000,2200,2400,2600,2900,3400,4000,4300,5500,6000,6200
,Aggregated,89401,1188,1900.0,2131.3978181984926,3.0135380220599473,8086.574579006992,133.50152682855895,741.9394153607195,9.859218861629452,1900,2300,2500,2800,3800,4600,5300,5700,7000,8000,8100
