Type,Name,Request Count,Failure Count,Median Response Time,Average Response Time,Min Response Time,Max Response Time,Average Content Size,Requests/s,Failures/s,50%,66%,75%,80%,90%,95%,98%,99%,99.9%,99.99%,100%
POST,compose_post,443,0,14,14.742106994462638,8.671102987136692,84.16309201857075,25.0,30.575969773626376,0.0,14,15,15,16,19,23,31,34,84,84,84
GET,index,2,0,75,81.46846896852367,74.90196195431054,88.0349759827368,2583.0,0.13804049559199266,0.0,88,88,88,88,88,88,88,88,88,88,88
GET,read_home_timeline,2528,0,3,3.3053276096371187,2.5274609797634184,30.31676000682637,3.0,174.48318642827874,0.0,3,3,3,4,4,4,5,6,27,30,30
GET,read_user_timeline,1460,0,4,4.314366737117493,3.239497949834913,34.935658040922135,3.462328767123288,100.76956178215464,0.0,4,4,4,5,5,6,8,9,32,35,35
,Aggregated,4433,0,4,4.815820881984699,2.5274609797634184,88.0349759827368,6.5147755470336115,305.96675847965173,0.0,4,4,4,4,10,14,16,19,45,88,88
