Type,Name,Request Count,Failure Count,Median Response Time,Average Response Time,Min Response Time,Max Response Time,Average Content Size,Requests/s,Failures/s,50%,66%,75%,80%,90%,95%,98%,99%,99.9%,99.99%,100%
POST,compose_post,4482,0,30,32.170588579476636,8.058289997279644,270.5900080036372,25.0,38.26143399102693,0.0,30,39,44,46,52,59,65,71,230,270,270
GET,index,50,0,100,103.76276554306969,79.74580395966768,119.27618394838646,2583.0,0.42683438187223255,0.0,100,110,110,110,120,120,120,120,120,120,120
GET,read_home_timeline,22391,0,270.0,238.13611506155178,13.27574800234288,1031.952299992554,3.0,191.14497289002318,0.0,270,310,380,400,490,540,610,690,910,1000,1000
GET,read_user_timeline,13446,0,17,19.552413578215404,3.01535299513489,262.2756839846261,65.99598393574297,114.78430197308079,0.0,17,26,30,32,37,41,47,52,180,250,260
,Aggregated,40369,0,35,142.29691648557701,3.01535299513489,1031.952299992554,29.62062473680299,344.61754323600314,0.0,35,180,280,300,400,490,590,610,850,1000,1000
