Type,Name,Request Count,Failure Count,Median Response Time,Average Response Time,Min Response Time,Max Response Time,Average Content Size,Requests/s,Failures/s,50%,66%,75%,80%,90%,95%,98%,99%,99.9%,99.99%,100%
POST,compose_post,718,0,13,13.793877558134144,7.811936025973409,92.96436700969934,25.0,32.285934712412796,0.0,13,14,15,15,17,19,23,24,93,93,93
GET,index,2,0,72,74.70161298988387,71.58236397663131,77.82086200313643,2583.0,0.0899329657727376,0.0,78,78,78,78,78,78,78,78,78,78,78
GET,read_home_timeline,3824,0,2.0699650049209595,2.6427110537362264,2.0699650049209595,27.656059013679624,3.0,171.9518305574743,0.0,2,3,3,3,3,3,4,5,17,28,28
GET,read_user_timeline,2191,0,3,3.744961938509205,2.901387051679194,34.285447967704386,4.679598356914651,98.52156400403403,0.0,3,4,4,4,4,5,7,9,28,34,34
,Aggregated,6735,0,3,4.211484185520576,2.0699650049209595,92.96436700969934,6.657906458797328,302.84926223969387,0.0,3,3,4,4,11,13,16,18,28,93,93
