Type,Name,Request Count,Failure Count,Median Response Time,Average Response Time,Min Response Time,Max Response Time,Average Content Size,Requests/s,Failures/s,50%,66%,75%,80%,90%,95%,98%,99%,99.9%,99.99%,100%
POST,compose_post,4832,0,31,33.012001749112876,8.396201999858022,234.3994440161623,25.0,41.250244365472845,0.0,31,39,44,46,54,61,69,75,160,230,230
GET,index,50,0,100,97.47064127936028,52.42893099784851,116.03000503964722,2583.0,0.42684441603345247,0.0,100,110,110,110,110,110,120,120,120,120,120
GET,read_home_timeline,23543,0,210.0,225.11809947058592,13.803158944938332,1024.8217540211044,3.0,200.98396173351142,0.0,210,300,360,390,470,510,610,690,850,940,1000
GET,read_user_timeline,14239,0,17,19.164872202393262,3.071821993216872,129.92100999690592,67.44118266732214,121.5567527980066,0.0,17,25,29,31,36,40,46,50,88,120,130
,Aggregated,42664,0,36,134.47476925842957,3.071821993216872,1024.8217540211044,30.022360772548286,364.2178033130243,0.0,36,160,260,290,390,480,570,610,800,940,1000
