Type,Name,Request Count,Failure Count,Median Response Time,Average Response Time,Min Response Time,Max Response Time,Average Content Size,Requests/s,Failures/s,50%,66%,75%,80%,90%,95%,98%,99%,99.9%,99.99%,100%
POST,compose_post,4644,0,37,40.48931960137416,9.362759999930859,299.74304500501603,25.0,39.66891409176537,0.0,37,47,53,57,68,79,92,100,280,300,300
GET,index,50,0,91,86.25150505686179,51.57995701301843,110.06712098605931,2583.0,0.4270985582662077,0.0,93,96,98,99,100,100,110,110,110,110,110
GET,read_home_timeline,23641,0,210.0,224.11369262105404,8.421008998993784,903.166115982458,3.0,201.94074031942833,0.0,210,290,320,380,410,500,590,640,800,880,900
GET,read_user_timeline,13936,0,17,18.486764248365034,2.892040996812284,120.82290498074144,66.5527411021814,119.0409101599574,0.0,17,23,27,29,34,38,43,48,68,110,120
,Aggregated,42271,0,36,135.98562440683148,2.892040996812284,903.166115982458,29.420926876582055,361.0776631294173,0.0,36,180,260,290,390,430,510,600,770,860,900
