Type,Name,Request Count,Failure Count,Median Response Time,Average Response Time,Min Response Time,Max Response Time,Average Content Size,Requests/s,Failures/s,50%,66%,75%,80%,90%,95%,98%,99%,99.9%,99.99%,100%
POST,compose_post,4294,0,32,35.83392597417511,8.249126025475562,228.4934589988552,25.0,36.70094683958222,0.0,32,40,46,50,63,73,88,99,160,230,230
GET,index,50,0,100.0,96.78216721862555,57.255077990703285,115.63800100702792,2583.0,0.4273515002280184,0.0,100,110,110,110,110,110,120,120,120,120,120
GET,read_home_timeline,21019,0,270.0,254.48791700328061,3.492757969070226,1016.3890410331078,3.0,179.65002366585438,0.0,270,320,390,400,490,570,620,700,890,1000,1000
GET,read_user_timeline,12605,0,18,20.741606553505186,3.182671032845974,182.47724301181734,63.919159063863546,107.73531320748344,0.0,18,25,30,32,38,44,53,61,140,170,180
,Aggregated,37968,0,39,151.95004910958923,3.182671032845974,1016.3890410331078,29.110250737463126,324.51363521314806,0.0,39,200,290,310,410,500,600,640,820,1000,1000
