Type,Name,Request Count,Failure Count,Median Response Time,Average Response Time,Min Response Time,Max Response Time,Average Content Size,Requests/s,Failures/s,50%,66%,75%,80%,90%,95%,98%,99%,99.9%,99.99%,100%
POST,compose_post,401,0,12,13.353454907415458,6.228001089766622,88.50541606079787,25.0,34.58126408159547,0.0,12,14,15,15,18,21,26,30,89,89,89
GET,index,2,0,76,76.7554470221512,75.71712299250066,77.79377105180174,2583.0,0.172475132576536,0.0,78,78,78,78,78,78,78,78,78,78,78
GET,read_home_timeline,1910,0,2,2.6223295699824525,1.756252022460103,33.444471075199544,3.0,164.71375161059188,0.0,2,3,3,3,3,4,5,5,26,33,33
GET,read_user_timeline,1183,0,4,4.016560514946409,2.794565982185304,22.915050969459116,4.311073541842773,102.01904091902104,0.0,4,4,4,4,5,6,8,11,23,23,23
,Aggregated,3496,0,3,4.36741615553947,1.756252022460103,88.50541606079787,7.4430778032036615,301.48653174378495,0.0,3,4,4,4,10,13,16,20,37,89,89
