Type,Name,Request Count,Failure Count,Median Response Time,Average Response Time,Min Response Time,Max Response Time,Average Content Size,Requests/s,Failures/s,50%,66%,75%,80%,90%,95%,98%,99%,99.9%,99.99%,100%
POST,compose_post,1585,0,39,41.43875052363609,6.7843550350517035,149.53404595144093,25.0,88.17967815634081,0.0,39,45,50,53,61,73,90,110,140,150,150
GET,index,30,0,90,89.94721305789426,63.04305896628648,122.67252791207284,2583.0,1.6690159903408357,0.0,90,93,100,100,120,120,120,120,120,120,120
GET,read_home_timeline,7978,0,10,11.361274922824135,1.8244918901473284,112.95190802775323,3.0,443.8469856979729,0.0,10,13,14,16,19,24,34,45,100,110,110
GET,read_user_timeline,4824,0,12,13.664347109059335,3.0360639793798327,112.51225706655532,6.127694859038143,268.3777712468064,0.0,12,15,17,18,22,28,38,49,100,110,110
,Aggregated,14417,0,12,15.602129275167734,1.8244918901473284,149.53404595144093,11.833876673371714,802.0734510914609,0.0,12,15,18,20,32,45,59,75,120,140,150
