Type,Name,Request Count,Failure Count,Median Response Time,Average Response Time,Min Response Time,Max Response Time,Average Content Size,Requests/s,Failures/s,50%,66%,75%,80%,90%,95%,98%,99%,99.9%,99.99%,100%
POST,compose_post,2764,0,57,59.345308881048815,10.729328962042928,256.7259520292282,25.0,97.46058408526406,0.0,57,65,72,76,87,100,120,150,250,260,260
GET,index,72,0,120.0,132.19393127817764,51.24677193816751,325.8379229810089,2583.0,2.538770641873738,0.0,120,140,150,150,200,250,260,330,330,330,330
GET,read_home_timeline,14095,0,23,25.028508735046586,1.9341700244694948,257.75990809779614,3.0,496.9996138501436,0.0,23,27,31,33,41,51,70,96,250,260,260
GET,read_user_timeline,8261,0,22,24.523252486191545,3.035642090253532,257.35181604977697,6.03522575959327,291.2886704516521,0.0,22,26,30,32,41,51,69,95,250,260,260
,Aggregated,25192,0,24,28.934257550339698,1.9341700244694948,325.8379229810089,13.782867577008574,888.2876390289334,0.0,24,30,35,39,54,70,93,120,250,260,330
