Type,Name,Request Count,Failure Count,Median Response Time,Average Response Time,Min Response Time,Max Response Time,Average Content Size,Requests/s,Failures/s,50%,66%,75%,80%,90%,95%,98%,99%,99.9%,99.99%,100%
POST,compose_post,333,0,15,15.600154076719674,8.051711949519813,101.04878200218081,25.0,39.093383568602164,0.0,15,16,17,18,20,26,32,35,100,100,100
GET,index,2,0,44,59.33058599475771,43.70961291715503,74.9515590723604,2583.0,0.2347950965081211,0.0,75,75,75,75,75,75,75,75,75,75,75
GET,read_home_timeline,1775,0,2,2.615771178011848,1.7000160878524184,37.674615043215454,3.0,208.38064815095748,0.0,2,3,3,3,3,4,5,7,19,38,38
GET,read_user_timeline,1130,0,4,4.160612823845472,2.852326026186347,29.424938024021685,4.658407079646017,132.65922952708843,0.0,4,4,4,4,5,6,9,12,23,29,29
,Aggregated,3240,0,3,4.52407370723876,1.7000160878524184,101.04878200218081,7.432098765432099,380.3680563431562,0.0,3,4,4,4,11,15,19,21,44,100,100
