Type,Name,Request Count,Failure Count,Median Response Time,Average Response Time,Min Response Time,Max Response Time,Average Content Size,Requests/s,Failures/s,50%,66%,75%,80%,90%,95%,98%,99%,99.9%,99.99%,100%
POST,compose_post,2012,0,42,41.4161866750183,7.655704044736922,149.9828799860552,25.0,84.90823333428314,0.0,42,47,51,54,62,70,83,90,130,150,150
GET,index,34,0,110.0,103.9632279665538,68.68517491966486,168.84615807794034,2583.0,1.4348309807980253,0.0,110,110,110,110,120,160,170,170,170,170,170
GET,read_home_timeline,9934,0,11,12.485999151831258,1.8303729593753815,107.99439309630543,3.0,419.223851860223,0.0,11,14,16,17,21,26,39,53,96,110,110
GET,read_user_timeline,5977,0,13,14.142078876583243,2.9287610668689013,114.21074403915554,7.643132006023088,252.23484624205284,0.0,13,16,18,19,23,28,38,48,100,110,110
,Aggregated,17957,0,13,16.451926177013387,1.8303729593753815,168.84615807794034,11.895472517681128,757.801762417357,0.0,13,16,19,21,35,47,61,73,110,160,170
