Type,Name,Request Count,Failure Count,Median Response Time,Average Response Time,Min Response Time,Max Response Time,Average Content Size,Requests/s,Failures/s,50%,66%,75%,80%,90%,95%,98%,99%,99.9%,99.99%,100%
POST,compose_post,2395,0,45,49.32963463904566,9.174161008559167,308.3968539722264,25.0,97.74326655849352,0.0,45,53,57,59,69,81,130,180,300,310,310
GET,index,63,0,100.0,112.94229477754838,64.46922302711755,203.111752984114,2583.0,2.5711172414133996,0.0,100,120,130,130,150,180,190,200,200,200,200
GET,read_home_timeline,11784,0,14,16.279709747468786,1.8790659960359335,272.64035993721336,3.0,480.92135829865873,0.0,14,17,20,21,26,34,46,61,260,270,270
GET,read_user_timeline,7119,0,16,18.852997040599117,3.0271190917119384,269.4139740196988,6.5957297373226575,290.53624827971413,0.0,16,20,22,24,30,38,56,75,260,270,270
,Aggregated,21361,0,16,21.12796335039077,1.8790659960359335,308.3968539722264,14.274191283179626,871.7719903782798,0.0,16,20,24,27,41,54,71,110,260,300,310
