Type,Name,Request Count,Failure Count,Median Response Time,Average Response Time,Min Response Time,Max Response Time,Average Content Size,Requests/s,Failures/s,50%,66%,75%,80%,90%,95%,98%,99%,99.9%,99.99%,100%
POST,compose_post,911,0,16,18.12385572769713,7.187861949205399,167.3392099328339,25.0,53.71509597507795,0.0,16,19,21,22,27,30,37,40,170,170,170
GET,index,4,0,58,66.26088247867301,56.18150893133134,87.12915098294616,2583.0,0.2358511349070382,0.0,64,64,87,87,87,87,87,87,87,87,87
GET,read_home_timeline,4880,0,3,3.341492839046891,1.7508930759504437,56.66750099044293,3.0,287.7383845865866,0.0,3,3,4,4,5,6,8,10,23,57,57
GET,read_user_timeline,3018,0,4,4.808766146925215,2.815969055518508,42.74226899724454,5.774353876739562,177.94968128736033,0.0,4,5,5,6,7,8,10,13,34,43,43
,Aggregated,8813,0,4,5.400569316216488,1.7508930759504437,167.3392099328339,7.395211619198911,519.6390129839319,0.0,4,4,5,6,12,17,23,27,56,170,170
