Type,Name,Request Count,Failure Count,Median Response Time,Average Response Time,Min Response Time,Max Response Time,Average Content Size,Requests/s,Failures/s,50%,66%,75%,80%,90%,95%,98%,99%,99.9%,99.99%,100%
POST,compose_post,1306,0,33,34.63111083680381,7.95734697021544,110.13331997673959,25.0,77.47811432786295,0.0,33,39,42,45,52,63,77,84,110,110,110
GET,index,24,0,93,94.15971073516023,66.54285895638168,127.05451797228307,2583.0,1.42379383144618,0.0,93,100,110,110,120,120,130,130,130,130,130
GET,read_home_timeline,6780,0,8,9.139031631347331,1.7557020764797926,88.08013098314404,3.0,402.2217573835458,0.0,8,10,11,12,16,20,29,42,79,88,88
GET,read_user_timeline,4047,0,9,11.061942115889078,2.927670953795314,91.83818206656724,5.749196936001977,240.0872348276121,0.0,9,11,13,14,18,23,33,44,85,92,92
,Aggregated,12157,0,9,12.685562064164484,1.7557020764797926,127.05451797228307,11.371966768117135,721.210900370467,0.0,9,12,14,16,27,39,50,65,96,120,130
