Type,Name,Request Count,Failure Count,Median Response Time,Average Response Time,Min Response Time,Max Response Time,Average Content Size,Requests/s,Failures/s,50%,66%,75%,80%,90%,95%,98%,99%,99.9%,99.99%,100%
POST,compose_post,2722,0,50,53.19466572082112,7.855874951928854,247.67606798559427,25.0,96.90244421571776,0.0,50,59,65,69,80,92,110,140,210,250,250
GET,index,72,0,110.0,112.32529378159799,45.90661998372525,227.7015650179237,2583.0,2.563180008644996,0.0,110,130,130,140,150,210,220,230,230,230,230
GET,read_home_timeline,13522,0,19,26.112900779010143,1.8030509818345308,694.4120679982007,3.0,481.37944551246716,0.0,19,23,26,29,38,50,130,300,570,680,690
GET,read_user_timeline,8101,0,20,21.724744886122533,2.8867319924756885,164.1357719199732,7.988396494259968,288.3933506949043,0.0,20,24,27,29,37,45,59,90,150,160,160
,Aggregated,24417,0,21,27.93029872222648,1.8030509818345308,694.4120679982007,14.715403202686653,869.2384204317343,0.0,21,26,31,35,50,66,110,150,560,650,690
