Type,Name,Request Count,Failure Count,Median Response Time,Average Response Time,Min Response Time,Max Response Time,Average Content Size,Requests/s,Failures/s,50%,66%,75%,80%,90%,95%,98%,99%,99.9%,99.99%,100%
POST,compose_post,8593,0,44,41.62215862623172,8.900037035346031,288.19652099628,25.0,73.39498496270134,0.0,44,48,50,52,58,63,70,76,150,290,290
GET,index,50,0,100.0,102.79252939042635,69.43862000480294,125.8182970341295,2583.0,0.4270626379768494,0.0,100,110,110,120,120,120,130,130,130,130,130
GET,read_home_timeline,42394,0,34,105.32924858341927,7.782550994306803,1126.6352749662474,3.0,362.09786948781107,0.0,34,39,150,210,310,400,500,580,720,1000,1100
GET,read_user_timeline,25631,0,29,27.676084535986636,3.2258449937216938,140.67272504325956,185.29319964105966,218.92084947969255,0.0,29,33,35,36,41,46,52,55,75,130,140
,Aggregated,76668,0,33,72.22690982850828,3.2258449937216938,1126.6352749662474,68.09108102467783,654.8407665681818,0.0,33,37,43,48,250,350,440,500,690,1000,1100
