Type,Name,Request Count,Failure Count,Median Response Time,Average Response Time,Min Response Time,Max Response Time,Average Content Size,Requests/s,Failures/s,50%,66%,75%,80%,90%,95%,98%,99%,99.9%,99.99%,100%
POST,compose_post,8860,0,59,84.3370845098165,8.68838996393606,816.0246610059403,25.0,75.56521975043188,0.0,59,67,73,78,160,300,400,490,700,820,820
GET,index,50,0,73,76.12029760261066,46.325813978910446,102.74983895942569,2583.0,0.42644029204532663,0.0,74,86,90,92,99,100,100,100,100,100,100
GET,read_home_timeline,44596,0,30,55.17889395959107,2.7658040053211153,1103.4486669814214,3.0,380.3506252810677,0.0,30,33,36,38,51,290,420,500,770,990,1100
GET,read_user_timeline,26932,0,34,87.87475163877563,2.9010699945501983,1403.4121580189094,178.89770533194712,229.69779890729475,0.0,34,38,41,44,92,590,710,810,1100,1200,1400
,Aggregated,80438,0,32,69.35072167128142,2.7658040053211153,1403.4121580189094,65.9204729108133,686.0400842308397,0.0,32,37,42,47,84,380,590,690,1000,1200,1400
