Type,Name,Request Count,Failure Count,Median Response Time,Average Response Time,Min Response Time,Max Response Time,Average Content Size,Requests/s,Failures/s,50%,66%,75%,80%,90%,95%,98%,99%,99.9%,99.99%,100%
POST,compose_post,3773,0,31,35.933623008266224,8.918705047108233,355.95525399548933,25.0,32.215260116025846,0.0,31,39,44,48,60,73,91,110,270,360,360
GET,index,50,0,110.0,107.25333140348084,79.08893201965839,127.73449398810044,2583.0,0.42691836888451956,0.0,110,110,120,120,120,120,130,130,130,130,130
GET,read_home_timeline,18941,0,290.0,287.0927357590604,4.249741032253951,1225.5579420016147,3.0,161.72521650083368,0.0,290,350,390,410,500,570,630,710,1100,1200,1200
GET,read_user_timeline,11486,0,16,18.482451928443513,3.006318991538137,166.59904702100903,46.731847466480936,98.07168770015183,0.0,16,21,25,28,36,41,49,59,120,160,170
,Aggregated,34250,0,53,169.08184458519253,3.006318991538137,1225.5579420016147,23.855766423357665,292.43908268589587,0.0,53,250,300,330,410,500,600,670,1000,1200,1200
