Type,Name,Request Count,Failure Count,Median Response Time,Average Response Time,Min Response Time,Max Response Time,Average Content Size,Requests/s,Failures/s,50%,66%,75%,80%,90%,95%,98%,99%,99.9%,99.99%,100%
POST,compose_post,4584,0,35,37.56275081677512,7.873034977819771,247.57054803194478,25.0,39.145071307654106,0.0,35,44,49,52,63,72,83,92,130,250,250
GET,index,50,0,120.0,114.70200901618227,83.63418997032568,135.1975750294514,2583.0,0.4269750360782516,0.0,120,120,120,130,130,130,140,140,140,140,140
GET,read_home_timeline,22894,0,230.0,230.38996240621844,10.214684996753931,1107.2813069913536,3.0,195.50332951950986,0.0,230,300,340,380,470,520,610,690,810,1100,1100
GET,read_user_timeline,13908,0,20,21.80886857327118,3.019713971298188,239.66061399551108,64.07398619499568,118.76737603552647,0.0,20,28,32,34,39,44,50,54,180,240,240
,Aggregated,41436,0,37,138.9079132551385,3.019713971298188,1107.2813069913536,29.04655372140168,353.8427518987687,0.0,37,180,270,290,390,480,580,610,800,990,1100
