Type,Name,Request Count,Failure Count,Median Response Time,Average Response Time,Min Response Time,Max Response Time,Average Content Size,Requests/s,Failures/s,50%,66%,75%,80%,90%,95%,98%,99%,99.9%,99.99%,100%
POST,compose_post,6583,0,62,62.27499338355482,8.269867044873536,372.023370990064,25.0,56.181778315825284,0.0,62,74,81,86,99,110,130,140,210,370,370
GET,index,50,0,120.0,112.3301104735583,87.02625299338251,133.671410032548,2583.0,0.4267186565078633,0.0,120,120,120,120,130,130,130,130,130,130,130
GET,read_home_timeline,32749,0,47,140.73260533997774,2.2556170006282628,915.9822450019419,3.0,279.4921856395203,0.0,47,180,250,290,380,430,510,590,710,820,920
GET,read_user_timeline,19404,0,38,37.670560342735854,2.846033952664584,300.0593749457039,106.67810760667903,165.6009762175716,0.0,38,46,51,54,62,70,80,88,140,300,300
,Aggregated,58786,0,44,97.90399809711482,2.2556170006282628,915.9822450019419,41.87993740006124,501.70165882942507,0.0,44,59,83,170,300,390,480,520,700,820,920
