Type,Name,Request Count,Failure Count,Median Response Time,Average Response Time,Min Response Time,Max Response Time,Average Content Size,Requests/s,Failures/s,50%,66%,75%,80%,90%,95%,98%,99%,99.9%,99.99%,100%
POST,compose_post,3763,0,29,33.706607251972436,8.780601958278567,403.32603896968067,25.0,32.13834109003306,0.0,29,36,40,43,54,65,79,110,350,400,400
GET,index,50,0,92,87.21207421738654,52.9653619742021,113.36278397357091,2583.0,0.4270308409518079,0.0,92,98,100,110,110,110,110,110,110,110,110
GET,read_home_timeline,19102,0,290.0,286.50491653197867,6.496900983620435,899.4674090063199,3.0,163.14286247722868,0.0,290,320,380,390,480,510,600,620,790,900,900
GET,read_user_timeline,11507,0,14,16.45432451313965,3.413748985622078,210.96141601447016,54.06804553749891,98.27687773664907,0.0,14,19,22,24,31,36,42,47,180,210,210
,Aggregated,34422,0,80,168.30385783994498,3.413748985622078,899.4674090063199,26.22427517285457,293.9851121448626,0.0,80,260,300,310,400,490,570,600,720,830,900
