Type,Name,Request Count,Failure Count,Median Response Time,Average Response Time,Min Response Time,Max Response Time,Average Content Size,Requests/s,Failures/s,50%,66%,75%,80%,90%,95%,98%,99%,99.9%,99.99%,100%
POST,compose_post,10426,0,54,55.85508115617802,8.459730946924537,376.80372397881,25.0,88.93764961146375,0.0,54,62,66,70,80,91,110,120,210,360,380
GET,index,50,0,100.0,99.81681171804667,68.20670102024451,121.28613999811932,2583.0,0.42651855750749934,0.0,110,110,110,110,120,120,120,120,120,120,120
GET,read_home_timeline,52318,0,30,74.0173528040633,4.10337996436283,1136.0985559877008,3.0,446.291957833547,0.0,30,34,37,41,260,380,490,580,870,1100,1100
GET,read_user_timeline,31260,0,35,34.94100162580071,3.381676971912384,266.6357129928656,257.47760716570696,266.6594021536886,0.0,35,39,42,43,49,55,65,73,120,230,270
,Aggregated,94054,0,33,59.030253806810485,3.381676971912384,1136.0985559877008,91.38903183277692,802.3155281562068,0.0,33,38,44,49,78,280,400,490,780,1100,1100
