Type,Name,Request Count,Failure Count,Median Response Time,Average Response Time,Min Response Time,Max Response Time,Average Content Size,Requests/s,Failures/s,50%,66%,75%,80%,90%,95%,98%,99%,99.9%,99.99%,100%
POST,compose_post,3730,0,30,35.30880203133514,7.496559992432594,407.94127399567515,25.0,31.84526082294598,0.0,30,36,42,46,56,71,92,120,400,410,410
GET,index,50,0,93,95.26891493820585,65.78657799400389,117.18839599052444,2583.0,0.42688017188935634,0.0,94,100,110,110,110,110,120,120,120,120,120
GET,read_home_timeline,18096,0,290.0,303.2394878304787,5.668312020134181,1010.6162030133419,3.0,154.49647181019583,0.0,290,340,390,400,490,520,610,690,890,1000,1000
GET,read_user_timeline,10881,0,14,15.905574355470657,2.9369149706326425,216.42691898159683,52.70848267622461,92.89766300656173,0.0,14,18,21,23,29,35,43,48,160,210,220
,Aggregated,32757,0,160.0,176.96845265640937,2.9369149706326425,1010.6162030133419,25.95503251213481,279.6662758115929,0.0,160,270,300,320,410,500,580,610,800,1000,1000
