Type,Name,Request Count,Failure Count,Median Response Time,Average Response Time,Min Response Time,Max Response Time,Average Content Size,Requests/s,Failures/s,50%,66%,75%,80%,90%,95%,98%,99%,99.9%,99.99%,100%
POST,compose_post,4436,0,43,48.95418171105445,8.434966031927615,341.2318759947084,25.0,37.87570962046105,0.0,43,56,66,72,86,98,120,130,320,340,340
GET,index,50,0,93,86.34080325486138,56.88622797606513,112.76956897927448,2583.0,0.4269128676787765,0.0,94,100,100,110,110,110,110,110,110,110,110
GET,read_home_timeline,22438,0,230.0,234.97669694175096,7.87280302029103,1112.471458967775,3.0,191.58141849952773,0.0,230,300,330,380,440,510,600,640,930,1100,1100
GET,read_user_timeline,13476,0,20,21.924297573736617,2.9734240379184484,242.58701596409082,60.12770851884832,115.06155609678385,0.0,20,26,30,33,39,46,55,63,130,220,240
,Aggregated,40400,0,47,143.3004146117743,2.9734240379184484,1112.471458967775,27.664480198019803,344.94559708445144,0.0,47,190,260,290,390,470,520,600,890,1100,1100
