Type,Name,Request Count,Failure Count,Median Response Time,Average Response Time,Min Response Time,Max Response Time,Average Content Size,Requests/s,Failures/s,50%,66%,75%,80%,90%,95%,98%,99%,99.9%,99.99%,100%
POST,compose_post,3250,0,210.0,233.16844511814773,7.968524005264044,1032.5106850359589,25.0,27.749569191197864,0.0,210,300,360,390,470,510,610,670,1000,1000,1000
GET,index,50,0,95,97.5751303404104,67.47616297798231,122.02117498964071,2583.0,0.42691644909535176,0.0,98,110,110,110,120,120,120,120,120,120,120
GET,read_home_timeline,16586,0,15,71.4884375015714,2.1023069857619703,1011.3698110217229,3.0,141.61672449391008,0.0,15,30,42,100,280,350,460,530,830,980,1000
GET,read_user_timeline,9841,0,450.0,392.19179456516383,3.157764032948762,1418.9420969923958,39.587541916471906,84.02569551094713,0.0,450,580,670,690,800,900,1000,1100,1300,1400,1400
,Aggregated,29727,0,35,195.3760176899054,2.1023069857619703,1418.9420969923958,21.85686413025196,253.81890564515044,0.0,35,200,320,410,610,770,890,990,1200,1400,1400
