Type,Name,Request Count,Failure Count,Median Response Time,Average Response Time,Min Response Time,Max Response Time,Average Content Size,Requests/s,Failures/s,50%,66%,75%,80%,90%,95%,98%,99%,99.9%,99.99%,100%
POST,compose_post,4019,0,35,40.931638766249996,7.46200600406155,295.60693103121594,25.0,34.30961296012878,0.0,35,45,53,58,75,87,100,110,260,300,300
GET,index,50,0,81,80.43107539531775,53.33691096166149,102.80257900012657,2583.0,0.4268426593696042,0.0,81,88,90,95,97,97,100,100,100,100,100
GET,read_home_timeline,20595,0,270.0,260.87572672799394,7.131842023227364,1088.8752990285866,3.0,175.81649139433995,0.0,270,310,380,390,480,520,610,700,930,1100,1100
GET,read_user_timeline,12275,0,17,20.155524339194006,2.8451819671317935,147.51496497774497,55.06810590631365,104.78987287523782,0.0,17,23,28,31,38,45,56,65,120,140,150
,Aggregated,36939,0,50,156.70891099374543,2.8451819671317935,1088.8752990285866,26.188337529440428,315.34281988907617,0.0,50,210,290,300,400,490,580,620,890,1100,1100
