Type,Name,Request Count,Failure Count,Median Response Time,Average Response Time,Min Response Time,Max Response Time,Average Content Size,Requests/s,Failures/s,50%,66%,75%,80%,90%,95%,98%,99%,99.9%,99.99%,100%
POST,compose_post,3829,0,38,43.38394481520667,9.315618954133242,431.82014097692445,25.0,32.74521226876845,0.0,38,46,53,60,77,89,110,130,230,430,430
GET,index,50,0,100.0,95.29096216196194,49.42447104258463,135.9787869732827,2583.0,0.42759483244670216,0.0,100,120,130,130,130,140,140,140,140,140,140
GET,read_home_timeline,19314,0,280.0,278.1992574278157,7.930621039122343,997.5274929893203,3.0,165.1713318775121,0.0,280,320,380,400,490,520,610,680,810,920,1000
GET,read_user_timeline,11772,0,18,21.00768229850112,3.058054018765688,268.0295850150287,51.23105674481821,100.67292735125154,0.0,18,24,28,31,40,47,57,64,180,260,270
,Aggregated,34965,0,61,165.6320482420796,3.058054018765688,997.5274929893203,25.337022737022735,299.0170663299788,0.0,61,240,290,310,400,490,580,610,800,910,1000
