Type,Name,Request Count,Failure Count,Median Response Time,Average Response Time,Min Response Time,Max Response Time,Average Content Size,Requests/s,Failures/s,50%,66%,75%,80%,90%,95%,98%,99%,99.9%,99.99%,100%
POST,compose_post,2448,0,52,54.91762838747354,9.889095032121986,291.21098096948117,25.0,95.1181732059883,0.0,52,59,64,68,78,87,110,160,270,290,290
GET,index,58,0,120.0,126.8671352791616,69.53678996069357,222.97196800354868,2583.0,2.25361684883469,0.0,120,130,140,150,180,210,210,220,220,220,220
GET,read_home_timeline,12453,0,17,19.495201517931687,2.2439060267060995,226.93419799907133,3.0,483.86707962997235,0.0,17,21,24,25,31,40,54,72,210,230,230
GET,read_user_timeline,7436,0,24,27.176021657074223,3.1281610135920346,225.1631049439311,6.979155459924691,288.9292222057717,0.0,24,29,33,35,43,52,72,110,220,230,230
,Aggregated,22395,0,21,26.195636958407405,2.2439060267060995,291.21098096948117,13.407903549899531,870.168091890567,0.0,21,27,31,35,49,62,82,120,210,270,290
