Type,Name,Request Count,Failure Count,Median Response Time,Average Response Time,Min Response Time,Max Response Time,Average Content Size,Requests/s,Failures/s,50%,66%,75%,80%,90%,95%,98%,99%,99.9%,99.99%,100%
POST,compose_post,4036,0,31,36.62690400975277,8.41875997139141,419.75734900915995,25.0,34.48275696130773,0.0,31,39,44,49,65,79,93,100,400,420,420
GET,index,50,0,95,94.79147993959486,73.35661305114627,111.57149204518646,2583.0,0.42718975422829203,0.0,96,99,100,100,110,110,110,110,110,110,110
GET,read_home_timeline,19642,0,280.0,277.2653145914568,12.04652403248474,1009.1798880021088,3.0,167.81722305104222,0.0,280,310,370,390,470,510,600,680,800,980,1000
GET,read_user_timeline,12008,0,14,15.79718294580197,3.178373968694359,168.41041902080178,60.9645236508994,102.59389137546661,0.0,14,19,22,24,30,35,42,49,140,170,170
,Aggregated,35736,0,68,161.97402173155788,3.178373968694359,1009.1798880021088,28.571692411014105,305.32106114204487,0.0,68,230,290,300,400,480,550,600,800,900,1000
