Type,Name,Request Count,Failure Count,Median Response Time,Average Response Time,Min Response Time,Max Response Time,Average Content Size,Requests/s,Failures/s,50%,66%,75%,80%,90%,95%,98%,99%,99.9%,99.99%,100%
POST,compose_post,2404,0,30,32.8682745569248,8.9677749783732,194.3043819628656,25.0,97.27899755088752,0.0,30,36,39,42,51,60,76,100,160,190,190
GET,index,64,0,110.0,118.87529305931821,64.9530069786124,261.7585409898311,2583.0,2.58979028421664,0.0,110,120,130,130,180,210,240,260,260,260,260
GET,read_home_timeline,12157,0,11,13.814498478338328,2.2448879899457097,159.04957300517708,3.0,491.9387575815889,0.0,11,15,17,18,23,31,45,60,150,160,160
GET,read_user_timeline,7254,0,19,21.10484356633489,2.9875519685447216,177.1571800345555,6.9449958643507035,293.53654252667974,0.0,19,24,27,29,35,42,55,77,160,180,180
,Aggregated,21879,0,15,18.632512638694454,2.2448879899457097,261.7585409898311,14.272224507518626,885.3440879433729,0.0,15,20,23,26,34,44,59,85,160,220,260
