Type,Name,Request Count,Failure Count,Median Response Time,Average Response Time,Min Response Time,Max Response Time,Average Content Size,Requests/s,Failures/s,50%,66%,75%,80%,90%,95%,98%,99%,99.9%,99.99%,100%
POST,compose_post,5619,0,36,36.57865428606222,8.365275978576392,292.04830597154796,25.0,48.0153561490996,0.0,36,43,47,49,57,64,74,86,190,290,290
GET,index,50,0,110.0,101.4423045841977,41.36828304035589,117.03462403966114,2583.0,0.4272589086056202,0.0,110,110,110,110,120,120,120,120,120,120,120
GET,read_home_timeline,27980,0,83,182.4947790406401,7.478549028746784,1004.6093210112303,3.0,239.09408525570507,0.0,83,270,300,360,420,500,600,630,800,900,1000
GET,read_user_timeline,16784,0,24,23.090565784080678,3.013620967976749,140.40492702042684,89.90169208770257,143.4222704407346,0.0,24,29,32,34,39,43,49,54,99,140,140
,Aggregated,50433,0,34,113.10775776455316,3.013620967976749,1004.6093210112303,36.92968889417643,430.9589707541449,0.0,34,45,180,260,380,450,540,600,790,900,1000
