Type,Name,Request Count,Failure Count,Median Response Time,Average Response Time,Min Response Time,Max Response Time,Average Content Size,Requests/s,Failures/s,50%,66%,75%,80%,90%,95%,98%,99%,99.9%,99.99%,100%
POST,compose_post,2742,0,34,36.53185427544488,9.083187964279205,179.74207899533212,25.0,104.03592016688543,0.0,34,38,42,44,52,64,84,150,180,180,180
GET,index,70,0,110.0,117.67764130324524,50.69094698410481,245.79854303738102,2583.0,2.6559133521816123,0.0,110,120,130,140,160,230,240,250,250,250,250
GET,read_home_timeline,14181,0,17,19.12014910734582,2.22182204015553,166.46462597418576,3.0,538.0501035326778,0.0,17,20,22,23,29,38,56,76,160,170,170
GET,read_user_timeline,8396,0,24,26.41662596423074,2.9686829657293856,177.61124699609354,8.323130061934254,318.55783578452593,0.0,24,28,31,33,40,50,69,150,170,180,180
,Aggregated,25389,0,20,23.68524185282797,2.22182204015553,245.79854303738102,14.249635668990507,963.2997728362707,0.0,20,24,28,31,39,49,68,140,170,240,250
