Type,Name,Request Count,Failure Count,Median Response Time,Average Response Time,Min Response Time,Max Response Time,Average Content Size,Requests/s,Failures/s,50%,66%,75%,80%,90%,95%,98%,99%,99.9%,99.99%,100%
POST,compose_post,6246,0,71,71.16662683417192,9.362731012515724,365.0702750310302,25.0,53.30459878242307,0.0,71,83,91,95,110,120,140,170,310,370,370
GET,index,50,0,96,93.12949794577435,56.48199800634757,128.44969902653247,2583.0,0.4267098845855193,0.0,97,110,120,120,120,120,130,130,130,130,130
GET,read_home_timeline,30974,0,50,154.19006963821215,2.906869980506599,1015.6735259806737,3.0,264.3382393030375,0.0,50,190,280,300,400,490,570,610,810,910,1000
GET,read_user_timeline,18759,0,28,28.593138670321416,3.024903009645641,187.58613604586571,118.38546830854523,160.09301449879513,0.0,28,33,37,40,47,54,64,73,140,190,190
,Aggregated,56029,0,40,102.82934072344813,2.906869980506599,1015.6735259806737,46.386960324117865,478.1625624688412,0.0,40,57,95,180,310,410,510,580,770,900,1000
