Type,Name,Request Count,Failure Count,Median Response Time,Average Response Time,Min Response Time,Max Response Time,Average Content Size,Requests/s,Failures/s,50%,66%,75%,80%,90%,95%,98%,99%,99.9%,99.99%,100%
POST,compose_post,8855,0,1200.0,1421.5484014395167,54.63813303504139,5826.545552990865,25.0,75.2587797921805,0.0,1200,1400,1600,1800,2400,2900,3400,3700,4400,5800,5800
GET,index,1000,0,400.0,551.9300320635084,85.15197096858174,2166.379711998161,2583.0,8.499015222154771,0.0,400,570,660,820,1200,1300,2100,2100,2200,2200,2200
GET,read_home_timeline,44059,0,1000.0,1243.1280245899454,20.36364999366924,5424.630679015536,3.0,374.4581116729171,0.0,1000,1200,1300,1500,2200,3000,3800,4200,4900,5400,5400
GET,read_user_timeline,26263,0,1400.0,1486.2391781843853,46.1103210109286,5890.536585007794,189.80539161558085,223.20963677945076,0.0,1400,1600,1700,1800,2100,2600,3200,3500,4700,5600,5900
,Aggregated,80177,0,1200.0,1333.8465931485941,20.36364999366924,5890.536585007794,98.79904461379199,681.4255434667032,0.0,1200,1400,1600,1700,2200,2800,3500,4000,4900,5400,5900
