totalTime,avgCost,totalCost
10,5.5,0.9166666666666666
20,5.5,1.8333333333333333
30,5.5,2.75
40,5.5,3.6666666666666665
50,5.5,4.583333333333333
60,5.5,5.5
70,5.5,6.416666666666667
80,5.5,7.333333333333334
90,5.5,8.25
100,5.5,9.166666666666666
110,5.5,10.083333333333332
120,5.499999999999999,10.999999999999998
130,5.499999999999999,11.916666666666664
140,5.499999999999999,12.83333333333333
150,5.499999999999999,13.749999999999996
