Type,Name,Request Count,Failure Count,Median Response Time,Average Response Time,Min Response Time,Max Response Time,Average Content Size,Requests/s,Failures/s,50%,66%,75%,80%,90%,95%,98%,99%,99.9%,99.99%,100%
POST,compose_post,11946,0,900.0,923.4511103080379,13.420417031738907,2690.9440599847585,25.0,101.38424707002662,0.0,900,990,1100,1100,1300,1500,1700,1900,2500,2600,2700
GET,index,1000,0,570.0,1383.112277758075,69.49223298579454,3933.2110449904576,2583.0,8.486878207770518,0.0,1400,2100,2600,2800,3200,3400,3600,3800,3900,3900,3900
GET,read_home_timeline,60302,0,740.0,767.5680937296842,18.14051397377625,2352.6250679860823,3.0,511.7757296849778,0.0,740,820,870,900,1000,1200,1400,1700,2200,2300,2400
GET,read_user_timeline,36117,0,1100.0,1040.9540478387053,3.6896789679303765,2916.7253979831003,313.323088850126,306.5205802300478,0.0,1100,1200,1200,1300,1400,1500,1700,1800,2200,2500,2900
,Aggregated,109365,0,850.0,880.5073631909239,3.6896789679303765,3933.2110449904576,131.4757554976455,928.1674351928227,0.0,850,960,1000,1100,1300,1400,1700,1900,3100,3800,3900
