Type,Name,Request Count,Failure Count,Median Response Time,Average Response Time,Min Response Time,Max Response Time,Average Content Size,Requests/s,Failures/s,50%,66%,75%,80%,90%,95%,98%,99%,99.9%,99.99%,100%
POST,compose_post,1945,0,31,33.163653495290575,9.606739971786737,166.30989400437102,25.0,104.19433741864736,0.0,31,35,38,41,48,56,76,97,130,170,170
GET,index,31,0,97,99.77598270709296,76.54906896641478,159.2819819925353,2583.0,1.6606809562869245,0.0,97,100,100,110,110,110,160,160,160,160,160
GET,read_home_timeline,9789,0,9,10.628832908193742,1.9970799912698567,113.49107295973226,3.0,524.4001897126678,0.0,9,11,12,13,16,20,33,44,100,110,110
GET,read_user_timeline,5693,0,16,17.337213031666728,3.024625009857118,111.78910103626549,7.077463551730195,304.9760220690794,0.0,16,19,22,23,27,32,42,53,98,110,110
,Aggregated,17458,0,12,15.485322524908195,1.9970799912698567,166.30989400437102,11.361954404857372,935.2312301566816,0.0,12,16,19,22,29,37,49,64,110,160,170
