Type,Name,Request Count,Failure Count,Median Response Time,Average Response Time,Min Response Time,Max Response Time,Average Content Size,Requests/s,Failures/s,50%,66%,75%,80%,90%,95%,98%,99%,99.9%,99.99%,100%
POST,compose_post,4046,0,200.0,231.33423001307995,33.94498396664858,798.138584010303,25.0,34.63848628551282,0.0,200,290,320,380,460,510,600,640,730,800,800
GET,index,50,0,97,100.12009003781714,83.5093529894948,120.96112099243328,2583.0,0.42805840688967894,0.0,98,100,110,110,110,120,120,120,120,120,120
GET,read_home_timeline,19937,0,16,19.60954254247826,1.9983300007879734,286.8037339649163,3.0,170.68400916319058,0.0,16,24,29,31,38,44,53,62,210,280,290
GET,read_user_timeline,11951,0,400.0,372.7777259246044,4.693979979492724,1416.2533479975536,52.963182997238725,102.31452041477107,0.0,400,560,600,680,780,880,980,1000,1300,1400,1400
,Aggregated,35984,0,32,160.82165271590597,1.9983300007879734,1416.2533479975536,25.65234548688306,308.06507427036416,0.0,32,53,220,380,590,700,830,910,1100,1300,1400
