Type,Name,Request Count,Failure Count,Median Response Time,Average Response Time,Min Response Time,Max Response Time,Average Content Size,Requests/s,Failures/s,50%,66%,75%,80%,90%,95%,98%,99%,99.9%,99.99%,100%
POST,compose_post,6270,0,61,61.83087968081273,9.806490037590265,269.7411220287904,25.0,53.50154185929401,0.0,61,73,80,85,98,110,130,140,220,270,270
GET,index,50,0,88,82.52976585179567,52.43612400954589,112.0932069607079,2583.0,0.42664706426869226,0.0,88,98,99,100,110,110,110,110,110,110,110
GET,read_home_timeline,32231,0,45,149.2821988705667,4.264477989636362,1022.7610869915225,3.0,275.0252305688844,0.0,45,190,270,290,390,460,530,600,790,1000,1000
GET,read_user_timeline,19113,0,29,28.52722415638854,3.1331280479207635,177.42801102576777,116.34102443363156,163.0901067873503,0.0,29,34,37,39,46,53,63,71,130,170,180
,Aggregated,57664,0,37,99.69064738813785,3.1331280479207635,1022.7610869915225,45.1966391509434,492.0435262797974,0.0,37,53,94,190,300,400,490,550,720,1000,1000
