Type,Name,Request Count,Failure Count,Median Response Time,Average Response Time,Min Response Time,Max Response Time,Average Content Size,Requests/s,Failures/s,50%,66%,75%,80%,90%,95%,98%,99%,99.9%,99.99%,100%
POST,compose_post,4517,0,47,55.770472657079885,7.468998956028372,573.6632980406284,25.0,38.557734740128,0.0,47,63,74,82,99,110,140,150,540,570,570
GET,index,50,0,94,90.36984137957916,68.6148590175435,109.27725001238286,2583.0,0.4268068932934248,0.0,95,99,100,100,110,110,110,110,110,110,110
GET,read_home_timeline,23067,0,220.0,226.2842277834386,5.634828994516283,977.3602769710124,3.0,196.9030921519886,0.0,220,290,320,370,420,500,600,650,790,930,980
GET,read_user_timeline,13782,0,20,22.04994597973355,3.035032015759498,197.14851898606867,64.43310114642287,117.64505206739962,0.0,20,26,30,33,39,47,56,64,150,200,200
,Aggregated,41416,0,47,139.56017855018032,3.035032015759498,977.3602769710124,28.95723874830983,353.53268585280966,0.0,47,180,260,290,380,450,520,600,730,920,980
