Type,Name,Request Count,Failure Count,Median Response Time,Average Response Time,Min Response Time,Max Response Time,Average Content Size,Requests/s,Failures/s,50%,66%,75%,80%,90%,95%,98%,99%,99.9%,99.99%,100%
POST,compose_post,7839,0,92,91.6802776605675,8.356358972378075,395.30091802589595,25.0,66.9432474135915,0.0,92,100,110,120,140,150,180,200,320,400,400
GET,index,50,0,100.0,99.86356121720746,75.19257202511653,117.7613619947806,2583.0,0.4269884386630405,0.0,100,110,110,110,110,120,120,120,120,120,120
GET,read_home_timeline,38930,0,48,109.10678049952855,4.616132006049156,917.5837800139561,3.0,332.4531983430433,0.0,48,59,78,180,310,420,530,610,800,900,920
GET,read_user_timeline,23250,0,32,33.601300493220705,3.0989520018920302,225.3277680138126,153.45096774193547,198.54962397831383,0.0,32,38,42,45,54,63,77,91,140,190,230
,Aggregated,70069,0,44,82.09667721754364,3.0989520018920302,917.5837800139561,57.22430746835263,598.3730581736118,0.0,44,55,69,87,200,340,480,560,740,890,920
