Type,Name,Request Count,Failure Count,Median Response Time,Average Response Time,Min Response Time,Max Response Time,Average Content Size,Requests/s,Failures/s,50%,66%,75%,80%,90%,95%,98%,99%,99.9%,99.99%,100%
POST,compose_post,2161,0,23,25.736684323166106,9.2638959758915,151.5028909780085,25.0,105.6688480092835,0.0,23,26,28,30,36,45,62,100,140,150,150
GET,index,55,0,97,107.74500488769263,59.27224695915356,201.85332000255585,2583.0,2.6893968720548784,0.0,97,110,120,130,180,200,200,200,200,200,200
GET,read_home_timeline,11049,0,10,11.111478989638773,2.620106970425695,134.906344988849,3.0,540.2753825333518,0.0,10,12,12,13,15,20,37,49,120,130,130
GET,read_user_timeline,6683,0,13,14.458811876448223,3.544285020325333,1023.0871649691835,5.961244949872811,326.78616901714094,0.0,13,15,16,17,20,27,44,56,130,1000,1000
,Aggregated,19948,0,11,14.083713716563432,2.620106970425695,1023.0871649691835,13.488871064768398,975.4197964318311,0.0,11,14,16,17,23,31,47,65,130,200,1000
