Type,Name,Request Count,Failure Count,Median Response Time,Average Response Time,Min Response Time,Max Response Time,Average Content Size,Requests/s,Failures/s,50%,66%,75%,80%,90%,95%,98%,99%,99.9%,99.99%,100%
POST,compose_post,11601,0,1500.0,1443.6903013376368,47.243237029761076,2945.9817060269415,25.0,97.93465527306245,0.0,1500,1700,1800,1900,2000,2100,2200,2200,2700,2900,2900
GET,index,2000,0,5100.0,7985.329691763147,107.73315001279116,30201.529027021024,2583.0,16.883829889330652,0.0,5100,7100,12000,15000,22000,25000,28000,29000,30000,30000,30000
GET,read_home_timeline,57878,0,1300.0,1208.8431091186126,22.803465952165425,2846.0276530240662,3.0,488.60115316733976,0.0,1300,1300,1400,1500,1600,1800,1900,2100,2300,2800,2800
GET,read_user_timeline,34612,0,1800.0,1609.2470979420668,18.55410699499771,3477.380745986011,304.04902923841445,292.1915600647563,0.0,1800,2000,2100,2100,2200,2300,2600,2800,3100,3300,3500
,Aggregated,106091,0,1300.0,1492.903192475152,18.55410699499771,30201.529027021024,152.25989009435295,895.6111983944891,0.0,1300,1500,1700,1900,2100,2200,2600,4700,25000,30000,30000
