Type,Name,Request Count,Failure Count,Median Response Time,Average Response Time,Min Response Time,Max Response Time,Average Content Size,Requests/s,Failures/s,50%,66%,75%,80%,90%,95%,98%,99%,99.9%,99.99%,100%
POST,compose_post,10898,31,1700.0,1658.7871362189665,14.662567002233118,4965.089175035246,25.19911910442283,92.14567762530925,0.26211378293123383,1700,1900,2000,2000,2300,2700,3300,3700,4700,5000,5000
GET,index,2000,0,2600.0,3727.9131471128194,68.33572901086882,12941.652174049523,2583.0,16.910566640724763,0.0,2600,4500,6200,6400,9500,11000,12000,12000,13000,13000,13000
GET,read_home_timeline,54385,145,1500.0,1546.0157634928876,10.228649014607072,4244.417758018244,3.250307989335295,459.84058337790816,1.2260160814525454,1500,1700,1800,1900,2100,2500,3200,3600,4000,4200,4200
GET,read_user_timeline,32305,89,1900.0,1761.1155937700544,3.7205880507826805,3661.5441140020266,261.74762420677916,273.1479276643068,0.752520215512252,1900,2000,2100,2200,2400,2700,2900,3000,3600,3600,3700
,Aggregated,99588,265,1600.0,1671.9503861814546,3.7205880507826805,12941.652174049523,141.31366228862916,842.0447553082489,2.240650079896031,1600,1900,2000,2100,2400,2700,3400,3900,11000,13000,13000
