Type,Name,Request Count,Failure Count,Median Response Time,Average Response Time,Min Response Time,Max Response Time,Average Content Size,Requests/s,Failures/s,50%,66%,75%,80%,90%,95%,98%,99%,99.9%,99.99%,100%
POST,compose_post,10825,0,1600.0,1633.4754647479376,19.019810017198324,5849.327879026532,25.0,91.29530172363022,0.0,1600,1900,2000,2100,2400,2900,3600,4100,5700,5800,5800
GET,index,2000,0,4400.0,6411.492249123262,87.64874399639666,22629.957608995028,2583.0,16.867492235312742,0.0,4400,6200,9500,14000,20000,21000,22000,23000,23000,23000,23000
GET,read_home_timeline,53561,0,1600.0,1630.3479311486722,32.67698403215036,5898.9336780505255,3.0,451.7198758077929,0.0,1600,1800,1900,2000,2200,2700,3500,4000,5300,5800,5900
GET,read_user_timeline,32309,0,1600.0,1582.1257008271016,3.862166020553559,5134.432771010324,269.9154724689715,272.4859033153597,0.0,1600,1900,2000,2100,2300,2700,3100,3700,4900,5100,5100
,Aggregated,98695,0,1600.0,1711.7920990163395,3.862166020553559,22629.957608995028,145.07327625512943,832.3685730820955,0.0,1600,1800,2000,2000,2300,2900,4000,5200,21000,23000,23000
