Type,Name,Request Count,Failure Count,Median Response Time,Average Response Time,Min Response Time,Max Response Time,Average Content Size,Requests/s,Failures/s,50%,66%,75%,80%,90%,95%,98%,99%,99.9%,99.99%,100%
POST,compose_post,2416,0,34,36.66054831530755,9.904696955345571,221.9817730365321,25.0,101.20964678662489,0.0,34,39,42,44,53,65,86,110,200,220,220
GET,index,70,0,110.0,116.0016739416668,74.1247310070321,235.95344403292984,2583.0,2.9323987065661186,0.0,110,120,130,130,150,170,230,240,240,240,240
GET,read_home_timeline,11900,0,16,17.49035914134559,2.1919969585724175,176.26699397806078,3.0,498.50778011624016,0.0,16,19,20,22,26,39,58,75,160,180,180
GET,read_user_timeline,7009,0,23,25.552137742309135,3.0755780171602964,174.79971901047975,7.068626052218576,293.6168933474561,0.0,23,27,30,32,40,54,72,100,170,170,170
,Aggregated,21395,0,19,22.61847203194938,2.1919969585724175,235.95344403292984,15.258424865622809,896.2667189568872,0.0,19,23,27,30,40,52,72,100,170,220,240
