Type,Name,Request Count,Failure Count,Median Response Time,Average Response Time,Min Response Time,Max Response Time,Average Content Size,Requests/s,Failures/s,50%,66%,75%,80%,90%,95%,98%,99%,99.9%,99.99%,100%
POST,compose_post,3892,0,36,41.96862322642343,8.580150955822319,411.35968099115416,25.0,33.22528863190642,0.0,36,44,50,55,74,89,110,130,400,410,410
GET,index,50,0,100.0,95.24316645460203,39.31666701100767,116.25666701002046,2583.0,0.4268408097624155,0.0,100,110,110,110,110,110,120,120,120,120,120
GET,read_home_timeline,19943,0,280.0,271.10394936480463,2.600178006105125,911.0676819691435,3.0,170.24972538183704,0.0,280,310,370,390,450,500,590,620,810,900,910
GET,read_user_timeline,11959,0,16,18.574073507985688,3.030882973689586,216.76061302423477,53.35772221757672,102.09178487897454,0.0,16,21,25,27,34,40,50,60,170,200,220
,Aggregated,35844,0,82,161.72462468430606,2.600178006105125,911.0676819691435,25.789086039504518,305.99363970248044,0.0,82,230,290,300,400,470,510,590,790,890,910
