Type,Name,Request Count,Failure Count,Median Response Time,Average Response Time,Min Response Time,Max Response Time,Average Content Size,Requests/s,Failures/s,50%,66%,75%,80%,90%,95%,98%,99%,99.9%,99.99%,100%
POST,compose_post,11333,0,1500.0,1509.4465973127537,43.752817960921675,2962.1672540088184,25.0,95.68952848088567,0.0,1500,1700,1800,1900,2000,2100,2200,2200,2500,2900,3000
GET,index,2000,0,4100.0,5728.118596706829,79.47810902260244,25714.29149695905,2583.0,16.88688405204018,0.0,4100,6000,6900,9800,17000,20000,24000,24000,26000,26000,26000
GET,read_home_timeline,56490,0,1300.0,1275.5075707366825,49.38658402534202,2769.7759949951433,3.0,476.97004004987485,0.0,1300,1400,1500,1600,1800,1900,2000,2200,2500,2800,2800
GET,read_user_timeline,33901,0,1800.0,1701.6953257431323,9.101186995394528,3007.144557952415,273.12595498657856,286.24112812410704,0.0,1800,2000,2100,2100,2200,2300,2400,2600,2900,3000,3000
,Aggregated,103724,0,1400.0,1526.217571533031,9.101186995394528,25714.29149695905,143.43872199298139,875.7875807069078,0.0,1400,1600,1800,1900,2100,2200,2400,3400,20000,25000,26000
