Type,Name,Request Count,Failure Count,Median Response Time,Average Response Time,Min Response Time,Max Response Time,Average Content Size,Requests/s,Failures/s,50%,66%,75%,80%,90%,95%,98%,99%,99.9%,99.99%,100%
POST,compose_post,11269,0,1600.0,1514.4603237467995,57.7554979827255,3319.3791279918514,25.0,95.10979507697306,0.0,1600,1800,1900,2000,2100,2200,2300,2400,3200,3300,3300
GET,index,2000,0,4800.0,7469.473050700616,116.46583501715213,28358.957424992695,2583.0,16.87989973857007,0.0,4800,6600,10000,14000,20000,24000,26000,27000,28000,28000,28000
GET,read_home_timeline,56060,0,1300.0,1226.387904714008,15.402849006932229,3256.5743289887905,3.0,473.14358967211905,0.0,1300,1300,1400,1500,1600,1700,2000,2100,3100,3200,3300
GET,read_user_timeline,33591,0,1900.0,1715.5330192523602,4.537736997008324,3265.354787989054,291.64502396475245,283.50635605915363,0.0,1900,2100,2200,2200,2300,2400,2600,2800,3000,3200,3300
,Aggregated,102920,0,1400.0,1538.8959879292445,4.537736997008324,28358.957424992695,149.75274970851146,868.6396405468158,0.0,1400,1600,1800,2000,2200,2300,2800,4700,24000,28000,28000
