Type,Name,Request Count,Failure Count,Median Response Time,Average Response Time,Min Response Time,Max Response Time,Average Content Size,Requests/s,Failures/s,50%,66%,75%,80%,90%,95%,98%,99%,99.9%,99.99%,100%
POST,compose_post,10909,5,1600.0,1641.6746777367457,29.20313400682062,4731.9026900222525,25.032083600696673,91.42376319710293,0.04190290732289986,1600,1900,2000,2000,2200,2600,3200,3700,4300,4700,4700
GET,index,2000,0,2700.0,4152.146690153079,66.05798698728904,14426.357346994337,2583.0,16.761162929159944,0.0,2700,5400,6200,8000,12000,13000,14000,14000,14000,14000,14000
GET,read_home_timeline,54434,13,1400.0,1511.8333272216125,12.383240973576903,4516.273153014481,3.021971561891465,456.1885714429462,0.10894755903953965,1400,1600,1800,1900,2100,2600,3200,3500,4200,4400,4500
GET,read_user_timeline,32562,7,1800.0,1727.8640327815774,4.21449396526441,3422.8815599926747,271.7275658743321,272.88849364965307,0.05866407025205981,1800,2000,2100,2200,2300,2400,2700,2900,3100,3400,3400
,Aggregated,99905,25,1600.0,1649.278478646251,4.21449396526441,14426.357346994337,144.6530804264051,837.2619912188621,0.2095145366144993,1600,1800,2000,2000,2200,2600,3300,4100,13000,14000,14000
