Type,Name,Request Count,Failure Count,Median Response Time,Average Response Time,Min Response Time,Max Response Time,Average Content Size,Requests/s,Failures/s,50%,66%,75%,80%,90%,95%,98%,99%,99.9%,99.99%,100%
POST,compose_post,11156,0,1600.0,1576.361176085444,15.767699980642647,2888.147421996109,25.0,93.35716059503139,0.0,1600,1800,1900,2000,2100,2200,2300,2400,2800,2900,2900
GET,index,2000,0,3200.0,5080.739008615375,67.29337602155283,23544.904693961143,2583.0,16.736672749198885,0.0,3200,5400,6400,8800,16000,19000,22000,23000,24000,24000,24000
GET,read_home_timeline,54846,0,1400.0,1459.43787813821,68.89615702675655,2527.527428988833,3.0,458.96977680128106,0.0,1400,1600,1800,1800,2000,2100,2200,2200,2500,2500,2500
GET,read_user_timeline,32976,0,1800.0,1689.6378008615773,3.7565070088021457,3054.561464989092,276.38646288209605,275.9542602887912,0.0,1800,2000,2100,2100,2200,2300,2600,2700,2900,3000,3100
,Aggregated,100978,0,1500.0,1619.2555733250747,3.7565070088021457,23544.904693961143,145.80956247895583,845.0178704343025,0.0,1500,1800,1900,2000,2100,2200,2500,3200,19000,23000,24000
