Type,Name,Request Count,Failure Count,Median Response Time,Average Response Time,Min Response Time,Max Response Time,Average Content Size,Requests/s,Failures/s,50%,66%,75%,80%,90%,95%,98%,99%,99.9%,99.99%,100%
POST,compose_post,10085,29,2000.0,2134.183766138018,1.7926410073414445,6291.549350949936,25.291522062469014,85.26796055456276,0.2451929455708795,2000,2200,2500,2700,3400,4000,4800,5100,5900,6300,6300
GET,index,2000,0,1200.0,1918.9146605651476,81.87969599384815,8349.469545995817,2583.0,16.90985831523307,0.0,1200,2100,2400,3100,5500,6500,7100,7300,8300,8300,8300
GET,read_home_timeline,49937,103,1700.0,1765.8878179278288,2.1185390069149435,6303.610330040101,3.198870576926928,422.2137973438969,0.8708577032345031,1700,1900,2000,2100,3000,3700,4100,4700,5900,6200,6300
GET,read_user_timeline,30042,60,2100.0,2158.0112626024325,1.7550899647176266,6402.881768008228,234.88489448105986,254.00298175311593,0.5072957494569921,2100,2300,2600,2700,3400,4000,4500,4900,5900,6200,6400
,Aggregated,92064,192,1800.0,1937.5128923096602,1.7550899647176266,8349.469545995817,137.26558698296836,778.3945979668086,1.6233463982623748,1800,2100,2300,2500,3200,3800,4500,5000,6600,7500,8300
