Type,Name,Request Count,Failure Count,Median Response Time,Average Response Time,Min Response Time,Max Response Time,Average Content Size,Requests/s,Failures/s,50%,66%,75%,80%,90%,95%,98%,99%,99.9%,99.99%,100%
POST,compose_post,11316,0,1600.0,1546.9275572534145,47.653434972744435,3971.5778359677643,25.0,95.57093022813291,0.0,1600,1800,1900,1900,2000,2100,2300,2600,3100,4000,4000
GET,index,2000,0,2700.0,5322.167914304097,77.10820599459112,24864.27319800714,2583.0,16.891292016283654,0.0,3100,5500,6200,9200,16000,20000,23000,24000,25000,25000,25000
GET,read_home_timeline,57142,0,1400.0,1353.4413636352836,5.055544024799019,2597.3478129599243,3.0,482.6011041972402,0.0,1400,1500,1700,1700,1900,1900,2000,2100,2500,2600,2600
GET,read_user_timeline,34448,0,1800.0,1661.8563130539528,13.193409948144108,3454.617062001489,277.1926672085462,290.93561368846963,0.0,1800,1900,2000,2100,2200,2300,2600,2800,3100,3400,3500
,Aggregated,104906,0,1500.0,1551.2491253066364,5.055544024799019,24864.27319800714,144.59667702514633,885.9989401301265,0.0,1500,1700,1800,1900,2100,2200,2500,3100,20000,24000,25000
