Type,Name,Request Count,Failure Count,Median Response Time,Average Response Time,Min Response Time,Max Response Time,Average Content Size,Requests/s,Failures/s,50%,66%,75%,80%,90%,95%,98%,99%,99.9%,99.99%,100%
POST,compose_post,11204,9,1700.0,1739.1684529688416,47.060350014362484,6178.670751978643,25.05622991788647,93.95194516008088,0.0754701451660771,1700,1900,2000,2100,2200,2700,3600,4200,5100,6000,6200
GET,index,2000,0,2700.0,3025.021266868687,84.14028096012771,8861.015791015234,2583.0,16.771143370239358,0.0,2700,3900,4600,4800,6700,7300,7700,7800,8900,8900,8900
GET,read_home_timeline,56481,38,1300.0,1281.8424611698335,5.410705984104425,3804.0556039777584,3.0618969210885076,473.62547434724456,0.3186517240345478,1300,1400,1500,1600,1800,2100,2400,2700,3400,3800,3800
GET,read_user_timeline,33887,31,2000.0,1921.6479828093775,8.031804987695068,6450.18731901655,269.03402484728656,284.16186769365055,0.25995272223871,2000,2100,2200,2300,2400,2900,4000,4500,5700,6200,6500
,Aggregated,103572,78,1500.0,1574.308839489385,5.410705984104425,8861.015791015234,142.28193913412892,868.5104305712154,0.6540745914393349,1500,1700,2000,2100,2300,2500,3400,4400,7300,8000,8900
