Type,Name,Request Count,Failure Count,Median Response Time,Average Response Time,Min Response Time,Max Response Time,Average Content Size,Requests/s,Failures/s,50%,66%,75%,80%,90%,95%,98%,99%,99.9%,99.99%,100%
POST,compose_post,10583,7,1800.0,1832.7332352683213,12.05411902628839,5154.398420010693,25.046300670887273,89.44787697923843,0.059164238765441655,1800,2000,2100,2200,2700,3500,4000,4500,4900,5000,5200
GET,index,2000,0,2700.0,3703.5563746326106,63.66108701331541,12263.65643099416,2583.0,16.904068218697617,0.0,2700,4400,5600,6100,8900,10000,11000,12000,12000,12000,12000
GET,read_home_timeline,52512,34,1600.0,1648.6333374417281,74.23188199754804,5200.739683001302,3.0595673369896406,443.8332151501246,0.2873691597178595,1600,1800,1900,2000,2300,3000,3700,3900,4700,5200,5200
GET,read_user_timeline,31463,8,1900.0,1797.2263541905509,3.1611290178261697,4513.691533997189,255.64180148110478,265.9263491824415,0.06761627287479047,1900,2000,2100,2200,2500,2800,3200,3400,3900,4200,4500
,Aggregated,96558,49,1700.0,1759.7930277734642,3.1611290178261697,12263.65643099416,141.21032954286542,816.1115095305022,0.4141496713580916,1700,1900,2000,2100,2500,3100,3800,4400,10000,12000,12000
