Type,Name,Request Count,Failure Count,Median Response Time,Average Response Time,Min Response Time,Max Response Time,Average Content Size,Requests/s,Failures/s,50%,66%,75%,80%,90%,95%,98%,99%,99.9%,99.99%,100%
POST,compose_post,9737,163,2000.0,2230.5303453070446,8.558379020541906,7637.840853014495,26.20920201294033,81.88284401442921,1.3707408415684461,2000,2300,2700,3000,4100,4700,5300,5700,6600,7600,7600
GET,index,2000,0,1400.0,2338.054468313259,84.03946703765541,13688.23180400068,2583.0,16.81890603151468,0.0,1400,2300,2900,3100,6800,10000,11000,12000,14000,14000,14000
GET,read_home_timeline,49087,787,1700.0,1997.0111676080528,5.316686991136521,8658.3792649908,4.526921588200542,412.7948201844805,6.618239523401026,1700,2000,2200,2400,3700,4600,5700,6200,7600,8500,8700
GET,read_user_timeline,29356,454,2000.0,1926.1144539200284,5.245612992439419,7553.961999015883,205.76767952037062,246.86790273057244,3.817891669153832,2000,2200,2300,2400,2800,3300,3900,4300,5400,6600,7600
,Aggregated,90180,1404,1800.0,2006.7097582893107,5.245612992439419,13688.23180400068,129.56229762696827,758.3644729609967,11.806872034123304,1800,2100,2300,2500,3400,4300,5300,6000,10000,13000,14000
