Type,Name,Request Count,Failure Count,Median Response Time,Average Response Time,Min Response Time,Max Response Time,Average Content Size,Requests/s,Failures/s,50%,66%,75%,80%,90%,95%,98%,99%,99.9%,99.99%,100%
POST,compose_post,10109,88,2100.0,2365.481320748216,10.900110006332397,8612.028463976458,25.62736175685033,85.01832561740541,0.7400942382363909,2100,2500,2800,3000,3900,4900,6400,7300,8300,8600,8600
GET,index,2000,0,1200.0,1888.5905934433977,59.87498298054561,6692.308105004486,2583.0,16.82032359628161,0.0,1200,1900,2700,3500,5300,5700,6500,6600,6700,6700,6700
GET,read_home_timeline,50043,486,1700.0,1923.8165040753365,1.7572250217199326,8624.999249004759,3.9389325180344903,420.86972686436036,4.087338633896431,1700,1900,2200,2400,3300,4100,5200,6400,8100,8600,8600
GET,read_user_timeline,30089,273,1900.0,1975.599163510351,2.6809920091181993,8565.106832014862,225.49174116786867,253.0533583442587,2.29597417089244,1900,2100,2300,2500,2900,3600,4500,4900,7000,8400,8600
,Aggregated,92241,847,1800.0,1988.3477456080982,1.7572250217199326,8624.999249004759,134.5063908674017,775.7617344223061,7.123407043025263,1800,2100,2300,2500,3300,4100,5200,6200,8100,8600,8600
