Type,Name,Request Count,Failure Count,Median Response Time,Average Response Time,Min Response Time,Max Response Time,Average Content Size,Requests/s,Failures/s,50%,66%,75%,80%,90%,95%,98%,99%,99.9%,99.99%,100%
POST,compose_post,6262,0,64,123.75555189453901,8.302105008624494,1172.3569700261578,25.0,53.43881874234434,0.0,64,80,170,210,310,400,500,600,1100,1200,1200
GET,index,50,0,100.0,101.91255841869861,74.5706949965097,121.97515199659392,2583.0,0.42669130263769034,0.0,100,100,110,110,120,120,120,120,120,120,120
GET,read_home_timeline,30986,0,27,50.61863743738627,2.474961045663804,849.8567540082149,3.0,264.42913407062946,0.0,27,33,36,39,58,280,390,490,690,820,850
GET,read_user_timeline,18638,0,39,181.29788473416966,2.8218089719302952,1512.0690070325509,111.617823800837,159.05344997122546,0.0,39,49,360,460,600,760,890,990,1400,1500,1500
,Aggregated,55936,0,33,102.39473629138429,2.474961045663804,1512.0690070325509,43.96079447940503,477.3480940868369,0.0,33,41,51,64,380,570,700,810,1100,1400,1500
