Type,Name,Request Count,Failure Count,Median Response Time,Average Response Time,Min Response Time,Max Response Time,Average Content Size,Requests/s,Failures/s,50%,66%,75%,80%,90%,95%,98%,99%,99.9%,99.99%,100%
POST,compose_post,9885,86,1900.0,2188.6837543651473,9.813583979848772,8082.593712024391,25.60900354071826,84.03123513903587,0.7310759961514501,1900,2200,2500,2800,3800,4900,5900,6400,7500,8100,8100
GET,index,2000,0,1800.0,2394.0237220180566,85.29416099190712,10205.840654030908,2583.0,17.001767352359305,0.0,1800,2500,3300,3800,6600,8700,9200,9400,10000,10000,10000
GET,read_home_timeline,49583,400,1700.0,1955.3148757161075,2.6139449910260737,8261.835573997814,3.7733900732105763,421.4993153160157,3.4003534704718614,1700,2000,2200,2500,3300,4500,5600,6100,7400,7600,8300
GET,read_user_timeline,29489,209,2000.0,1954.2499765650873,10.123792046215385,7487.509560014587,228.96107022957713,250.6825587268618,1.7766846883215475,2000,2200,2300,2400,2900,3200,3800,4300,7100,7300,7500
,Aggregated,90957,695,1800.0,1989.9781368943284,2.6139449910260737,10205.840654030908,135.8672119792869,773.2148765342727,5.908114154944859,1800,2100,2300,2500,3200,4100,5500,6200,9100,9800,10000
