Type,Name,Request Count,Failure Count,Median Response Time,Average Response Time,Min Response Time,Max Response Time,Average Content Size,Requests/s,Failures/s,50%,66%,75%,80%,90%,95%,98%,99%,99.9%,99.99%,100%
POST,compose_post,9868,460,2100.0,2361.620838554397,3.861083008814603,8749.953415011987,28.290737738143495,83.36756617973357,3.886205962979068,2100,2600,3100,3400,4500,5200,5900,6900,8300,8700,8700
GET,index,2000,0,2400.0,3448.3033319413653,59.051504998933524,12381.503576994874,2583.0,16.896547665126384,0.0,2400,4200,5500,6200,9100,10000,11000,11000,12000,12000,12000
GET,read_home_timeline,47992,2246,1800.0,2145.8390854515196,7.722978014498949,8263.362892961595,7.360539256542757,405.4495577723727,18.974823027936928,1800,2100,2600,3000,4500,5400,6200,6600,7700,8200,8300
GET,read_user_timeline,28714,1320,1900.0,1845.3632927576803,3.2869079732336104,7263.679512019735,204.05279654523926,242.5837348282195,11.151721458983413,1900,2100,2300,2500,2800,3200,3500,3800,5300,6600,7300
,Aggregated,88574,4026,1900.0,2101.880372072704,3.2869079732336104,12381.503576994874,131.61415313748955,748.2974064454521,34.01275044989941,1900,2200,2500,2800,3900,5100,6100,6800,10000,12000,12000
