Type,Name,Request Count,Failure Count,Median Response Time,Average Response Time,Min Response Time,Max Response Time,Average Content Size,Requests/s,Failures/s,50%,66%,75%,80%,90%,95%,98%,99%,99.9%,99.99%,100%
POST,compose_post,9927,70,2000.0,2221.9050359899425,2.5645819841884077,7726.954126032069,25.493603304120075,83.88309073011214,0.5914995820598218,2000,2300,2700,3000,3900,4700,5300,5600,6500,7700,7700
GET,index,2000,0,2000.0,3213.293678469141,63.92600300023332,12741.165773011744,2583.0,16.89998805885205,0.0,2000,3400,4600,5900,9300,11000,11000,12000,13000,13000,13000
GET,read_home_timeline,50002,308,1700.0,1846.3483496715037,1.906978024635464,7240.3761119931005,3.5812567497300107,422.5166014593601,2.6025981610632156,1700,1900,2100,2300,3200,3900,4500,5000,7000,7200,7200
GET,read_user_timeline,30162,199,2000.0,1965.670299145668,1.5078620053827763,6474.849648016971,230.27710364034215,254.86871991554776,1.6815488118557789,2000,2200,2400,2600,3000,3600,4000,4600,5300,6000,6500
,Aggregated,92091,577,1800.0,1955.5993136388606,1.5078620053827763,12741.165773011744,136.21052002910164,778.1684001638721,4.875646554978816,1800,2100,2300,2500,3300,3900,4700,5500,11000,12000,13000
