Type,Name,Request Count,Failure Count,Median Response Time,Average Response Time,Min Response Time,Max Response Time,Average Content Size,Requests/s,Failures/s,50%,66%,75%,80%,90%,95%,98%,99%,99.9%,99.99%,100%
POST,compose_post,10116,129,2000.0,2115.542860750023,1.7603000160306692,5818.435752997175,25.901640964808223,85.66756772693087,1.092439327478656,2000,2300,2500,2800,3700,4000,4600,4800,5200,5700,5800
GET,index,2000,3,1600.0,1730.2670446368866,58.04751696996391,5907.780125970021,2579.268,16.937043836878384,0.025405565755317577,1600,2200,2400,2600,3400,5500,5800,5800,5900,5900,5900
GET,read_home_timeline,50757,652,1700.0,1924.0052463918462,1.3779060100205243,5990.949377999641,4.221230569182576,429.8367670142181,5.521476290822354,1700,2000,2300,2600,3400,3900,4500,4700,5400,5900,6000
GET,read_user_timeline,30352,397,1900.0,1901.6603114519187,2.9858879861421883,6377.579461026471,234.56490511333683,257.0365772684664,3.3620032016203596,1900,2100,2300,2400,2800,3400,3800,4200,5100,5900,6400
,Aggregated,93225,1181,1800.0,1933.3579376017155,1.3779060100205243,6377.579461026471,136.81231429337623,789.4779558464937,10.001324385676686,1800,2100,2300,2500,3300,3800,4400,4700,5800,5900,6400
