Type,Name,Request Count,Failure Count,Median Response Time,Average Response Time,Min Response Time,Max Response Time,Average Content Size,Requests/s,Failures/s,50%,66%,75%,80%,90%,95%,98%,99%,99.9%,99.99%,100%
POST,compose_post,9622,267,2000.0,2315.291776184253,8.507562975864857,8416.828434972558,26.942423612554563,79.66904619425195,2.210729093105931,2000,2300,2700,2900,4000,5500,6400,7200,8300,8400,8400
GET,index,2000,0,830.0,1227.2878458166379,77.88959197932854,4670.662000018638,2583.0,16.559768487684877,0.0,830,1300,2100,2300,2600,3500,3900,3900,4700,4700,4700
GET,read_home_timeline,49321,1377,1800.0,2116.509959849887,5.094957014080137,8450.24660101626,5.598081952920663,408.37217079055296,11.40140060377104,1800,2100,2400,2700,3900,4900,5600,6000,7500,8400,8500
GET,read_user_timeline,29519,812,1900.0,1844.7082938056096,5.933274049311876,6553.02870599553,216.6224126833565,244.41390299398498,6.723266006000061,1900,2100,2300,2400,2700,3000,3500,4100,5800,6500,6600
,Aggregated,90462,2456,1900.0,2029.3011984776213,5.094957014080137,8450.24660101626,133.71161371625655,749.0148884664748,20.33539570287703,1900,2100,2400,2600,3300,4500,5500,5900,7600,8400,8500
