Type,Name,Request Count,Failure Count,Median Response Time,Average Response Time,Min Response Time,Max Response Time,Average Content Size,Requests/s,Failures/s,50%,66%,75%,80%,90%,95%,98%,99%,99.9%,99.99%,100%
POST,compose_post,1869,0,24,26.866367429847653,8.884055016096681,154.09068297594786,25.0,109.29171973893581,0.0,24,28,32,34,40,49,68,94,130,150,150
GET,index,35,0,110.0,120.7586787192018,66.28970999736339,187.77422001585364,2583.0,2.0466614183321314,0.0,110,130,140,150,180,190,190,190,190,190,190
GET,read_home_timeline,9206,0,10,11.639379947956662,2.5814429973252118,128.44881595810875,3.0,538.3304290618743,0.0,10,13,14,15,18,22,38,53,120,130,130
GET,read_user_timeline,5387,0,13,14.706620772692325,3.3480229903943837,136.62412099074572,6.390941154631521,315.0104303015769,0.0,13,16,18,19,23,29,41,61,120,140,140
,Aggregated,16497,0,12,14.597593040246101,2.5814429973252118,187.77422001585364,12.073467903255137,964.6792405207192,0.0,12,15,17,19,25,34,48,73,130,190,190
