Type,Name,Request Count,Failure Count,Median Response Time,Average Response Time,Min Response Time,Max Response Time,Average Content Size,Requests/s,Failures/s,50%,66%,75%,80%,90%,95%,98%,99%,99.9%,99.99%,100%
POST,compose_post,12482,0,850.0,829.8535729556643,49.31720899185166,1856.9600289920345,25.0,106.18250750721789,0.0,850,910,960,990,1100,1200,1300,1400,1600,1800,1900
GET,index,1000,0,2000.0,1808.8155839484534,87.28129195515066,4376.948771998286,2583.0,8.506850465247387,0.0,2000,2300,2500,2700,3000,3300,3900,4200,4400,4400,4400
GET,read_home_timeline,62225,0,590.0,614.2548722633808,21.17964596254751,2286.993234010879,3.0,529.3387702000188,0.0,590,660,740,780,890,970,1100,1400,1900,2200,2300
GET,read_user_timeline,37034,0,1100.0,1075.1735523878433,11.238620034419,2293.344287027139,335.0606199708376,315.04270012997176,0.0,1100,1200,1300,1300,1400,1500,1700,1700,1900,2300,2300
,Aggregated,112741,0,760.0,800.1262597218447,11.238620034419,4376.948771998286,137.39775237047746,959.0708283024558,0.0,760,920,1000,1100,1300,1400,1600,1700,3000,4200,4400
