Type,Name,Request Count,Failure Count,Median Response Time,Average Response Time,Min Response Time,Max Response Time,Average Content Size,Requests/s,Failures/s,50%,66%,75%,80%,90%,95%,98%,99%,99.9%,99.99%,100%
POST,compose_post,12350,0,730.0,744.1824558206844,12.020385009236634,2272.812679002527,25.0,104.82991259510945,0.0,730,830,890,920,1000,1200,1300,1500,1900,2300,2300
GET,index,1000,0,1100.0,1498.6364638876985,63.97271802416071,4874.382694019005,2583.0,8.488252031992667,0.0,1100,1900,2700,3100,3800,4300,4600,4600,4900,4900,4900
GET,read_home_timeline,60120,0,790.0,806.5907663266149,56.19154399028048,2512.312186998315,3.0,510.3137121633992,0.0,790,870,920,950,1100,1200,1300,1500,2300,2500,2500
GET,read_user_timeline,36153,0,960.0,920.7995373653556,3.373173007275909,2680.561709974427,336.4059967360938,306.8757757126309,0.0,960,1100,1200,1200,1400,1500,1700,1800,2200,2600,2700
,Aggregated,109623,0,810.0,843.5382386834752,3.373173007275909,4874.382694019005,138.96897548872045,930.5076525031322,0.0,810,920,1000,1100,1200,1400,1600,1800,3600,4600,4900
