Type,Name,Request Count,Failure Count,Median Response Time,Average Response Time,Min Response Time,Max Response Time,Average Content Size,Requests/s,Failures/s,50%,66%,75%,80%,90%,95%,98%,99%,99.9%,99.99%,100%
POST,compose_post,12070,0,800.0,789.2318005719093,23.109491972718388,1946.8672230141237,25.0,101.94527867379489,0.0,800,870,920,950,1100,1100,1300,1400,1800,1900,1900
GET,index,1000,0,1200.0,1546.1149652239983,82.03161298297346,4963.265540020075,2583.0,8.446170561209188,0.0,1200,2000,2500,2800,3800,4400,4600,4900,5000,5000,5000
GET,read_home_timeline,60445,0,760.0,772.4938930580455,21.526056982111186,2392.7516699768603,3.0,510.52877957228935,0.0,760,840,890,920,1000,1100,1300,1500,1900,2000,2400
GET,read_user_timeline,36171,0,1000.0,996.2097220929065,4.272983991540968,2461.047249031253,316.67415885654253,305.5064353694975,0.0,1000,1100,1200,1200,1400,1500,1600,1700,2000,2200,2500
,Aggregated,109686,0,830.0,855.1632662495022,4.272983991540968,4963.265540020075,132.38249184034424,926.426664176791,0.0,840,930,1000,1100,1200,1400,1500,1700,3800,4900,5000
