Type,Name,Request Count,Failure Count,Median Response Time,Average Response Time,Min Response Time,Max Response Time,Average Content Size,Requests/s,Failures/s,50%,66%,75%,80%,90%,95%,98%,99%,99.9%,99.99%,100%
POST,compose_post,1784,0,25,28.105482181309434,8.920516003854573,141.18491701083258,25.0,113.66477387872742,0.0,25,29,32,34,42,53,76,92,140,140,140
GET,index,36,0,100.0,110.58632494273803,65.34754001768306,185.50332100130618,2583.0,2.2936837778218537,0.0,110,120,120,130,140,170,190,190,190,190,190
GET,read_home_timeline,8905,0,10,11.409879329799717,2.1820489782840014,110.55640102131292,3.0,567.3681678195446,0.0,10,12,13,14,16,20,34,50,100,110,110
GET,read_user_timeline,5266,0,11,12.474562216106557,2.9038730426691473,109.78170501766726,6.869540448157995,335.51496594471894,0.0,11,13,15,16,18,23,35,47,99,110,110
,Aggregated,15991,0,11,13.846370331516367,2.1820489782840014,185.50332100130618,12.536927021449566,1018.8415914208128,0.0,11,14,15,17,23,32,47,63,120,170,190
