Type,Name,Request Count,Failure Count,Median Response Time,Average Response Time,Min Response Time,Max Response Time,Average Content Size,Requests/s,Failures/s,50%,66%,75%,80%,90%,95%,98%,99%,99.9%,99.99%,100%
POST,compose_post,5000,0,47,55.83740433608182,8.737629046663642,422.15294804191217,25.0,42.66682395891319,0.0,47,62,73,79,98,120,170,220,390,420,420
GET,index,50,0,110.0,109.39812673954293,81.3197519746609,128.17067001014948,2583.0,0.42666823958913197,0.0,110,120,120,120,130,130,130,130,130,130,130
GET,read_home_timeline,24863,0,200.0,208.55058124803023,5.569545028265566,903.6213810322806,3.0,212.16504881809175,0.0,200,290,310,370,420,500,600,680,810,900,900
GET,read_user_timeline,15215,0,18,19.06443213805788,2.9073699843138456,214.19137599878013,64.19730529083142,129.83514530697286,0.0,18,24,27,29,34,38,46,52,150,210,210
,Aggregated,45128,0,36,127.63506835152715,2.9073699843138456,903.6213810322806,28.928846835667436,385.09368632356694,0.0,36,120,210,280,380,450,520,600,800,900,900
