Type,Name,Request Count,Failure Count,Median Response Time,Average Response Time,Min Response Time,Max Response Time,Average Content Size,Requests/s,Failures/s,50%,66%,75%,80%,90%,95%,98%,99%,99.9%,99.99%,100%
POST,compose_post,12096,0,810.0,798.4861524752446,12.942135042976588,2372.6366289774887,25.0,102.76516142998662,0.0,810,890,950,980,1100,1200,1300,1400,2100,2400,2400
GET,index,1000,0,1500.0,1740.1994887045003,95.21286794915795,5490.274586016312,2583.0,8.495797075891751,0.0,1500,2200,2700,2900,3800,4600,5000,5300,5500,5500,5500
GET,read_home_timeline,61300,0,670.0,693.4877267828698,23.941683990415186,2449.8016529832967,3.0,520.7923607521643,0.0,670,770,830,870,980,1100,1300,1400,2100,2200,2400
GET,read_user_timeline,36625,0,1100.0,1019.871368858644,3.608186962082982,2738.924279983621,314.7912627986348,311.15856790453535,0.0,1100,1200,1300,1300,1400,1600,1700,1800,2400,2700,2700
,Aggregated,111021,0,780.0,822.027134733827,3.608186962082982,5490.274586016312,131.49341115644788,943.211887162578,0.0,780,920,1000,1100,1300,1400,1600,1800,3700,5300,5500
