Type,Name,Request Count,Failure Count,Median Response Time,Average Response Time,Min Response Time,Max Response Time,Average Content Size,Requests/s,Failures/s,50%,66%,75%,80%,90%,95%,98%,99%,99.9%,99.99%,100%
POST,compose_post,12109,0,880.0,850.4581763880234,12.101543019525707,2668.197656981647,25.0,102.9732883189708,0.0,880,940,980,1000,1100,1200,1400,1500,2300,2400,2700
GET,index,1000,0,1200.0,1480.8750418701675,74.35782201355323,4189.569119014777,2583.0,8.503863929223785,0.0,1200,2300,2700,2900,3300,3800,4000,4000,4200,4200,4200
GET,read_home_timeline,60923,0,590.0,603.7451569048726,13.828460010699928,1802.0452869823202,3.0,518.0809021601007,0.0,590,630,670,690,800,890,1000,1100,1400,1400,1800
GET,read_user_timeline,36009,0,1100.0,1095.96096830773,3.129279997665435,3623.101490025874,335.5377822211114,306.2156362274193,0.0,1100,1200,1300,1300,1400,1600,1800,2100,3000,3200,3600
,Aggregated,110041,0,690.0,799.9336411125079,3.129279997665435,4189.569119014777,137.68389963740788,935.7736906357145,0.0,690,910,1000,1100,1300,1400,1600,1800,3300,4000,4200
