Type,Name,Request Count,Failure Count,Median Response Time,Average Response Time,Min Response Time,Max Response Time,Average Content Size,Requests/s,Failures/s,50%,66%,75%,80%,90%,95%,98%,99%,99.9%,99.99%,100%
POST,compose_post,11993,0,880.0,884.9118557701189,19.21798102557659,2100.9466550312936,25.0,101.62221470799743,0.0,880,950,1000,1000,1200,1300,1400,1600,2000,2100,2100
GET,index,1000,0,390.0,835.0532642610488,80.79937403090298,3250.76059094863,2583.0,8.473460744434039,0.0,390,810,1300,2000,2300,2700,2900,3000,3300,3300,3300
GET,read_home_timeline,59639,0,740.0,749.2620214075597,13.81025300361216,1743.9952020067722,3.0,505.3487253373017,0.0,740,810,860,890,970,1100,1200,1300,1600,1700,1700
GET,read_user_timeline,35915,0,1100.0,1089.88870283656,5.359747970942408,2303.504574985709,306.82906863427536,304.32434263634855,0.0,1100,1200,1300,1300,1400,1600,1700,1800,2100,2300,2300
,Aggregated,108547,0,840.0,877.7432043963723,5.359747970942408,3250.76059094863,129.727288639944,919.7687434260816,0.0,840,950,1000,1100,1300,1400,1600,1700,2200,2900,3300
