Type,Name,Request Count,Failure Count,Median Response Time,Average Response Time,Min Response Time,Max Response Time,Average Content Size,Requests/s,Failures/s,50%,66%,75%,80%,90%,95%,98%,99%,99.9%,99.99%,100%
POST,compose_post,12039,0,880.0,898.4894152392392,18.698892032261938,2200.8443209924735,25.0,102.13092322017816,0.0,880,960,1000,1100,1200,1300,1400,1600,1900,2100,2200
GET,index,1000,0,390.0,505.410875243193,72.86385196493939,1465.6265589874238,2583.0,8.483339415248622,0.0,390,630,780,970,1100,1300,1300,1500,1500,1500,1500
GET,read_home_timeline,59945,0,730.0,741.9328095797675,35.18346499186009,1890.7699930132367,3.0,508.53378124707865,0.0,730,800,850,880,960,1100,1200,1300,1600,1900,1900
GET,read_user_timeline,35934,0,1100.0,1095.4015730291387,5.433917976915836,2434.3864409602247,331.8993154115879,304.840318547544,0.0,1100,1200,1300,1300,1400,1600,1700,1800,2200,2300,2400
,Aggregated,108918,0,840.0,873.6815525514253,5.433917976915836,2434.3864409602247,137.62904203162012,923.9883624300494,0.0,840,950,1000,1100,1300,1400,1600,1600,1900,2300,2400
