Type,Name,Request Count,Failure Count,Median Response Time,Average Response Time,Min Response Time,Max Response Time,Average Content Size,Requests/s,Failures/s,50%,66%,75%,80%,90%,95%,98%,99%,99.9%,99.99%,100%
POST,compose_post,10602,0,1100.0,1164.7015106565793,156.58196504227817,3945.8192359888926,25.0,90.2089022828334,0.0,1100,1200,1300,1400,1700,2100,2500,2800,3300,3500,3900
GET,index,1000,0,410.0,555.0180256831227,90.02349595539272,1778.3912579761818,2583.0,8.508668391136899,0.0,410,660,740,810,1500,1700,1700,1700,1800,1800,1800
GET,read_home_timeline,52912,0,890.0,980.6935959260403,3.289062005933374,3877.005657996051,3.0,450.2106619118356,0.0,890,1000,1100,1200,1500,1900,2300,2600,3400,3800,3900
GET,read_user_timeline,32152,0,1100.0,1149.715282010165,27.152583992574364,2585.4013659991324,264.50727792983326,273.5707061118336,0.0,1100,1300,1300,1400,1500,1700,1800,2000,2300,2600,2600
,Aggregated,96666,0,990.0,1052.6895572020562,3.289062005933374,3945.8192359888926,119.08244884447478,822.4989386976395,0.0,990,1100,1200,1300,1500,1800,2200,2500,3200,3800,3900
