Type,Name,Request Count,Failure Count,Median Response Time,Average Response Time,Min Response Time,Max Response Time,Average Content Size,Requests/s,Failures/s,50%,66%,75%,80%,90%,95%,98%,99%,99.9%,99.99%,100%
POST,compose_post,11974,0,880.0,883.4490116960385,40.44985899236053,2006.0072320047766,25.0,101.64777810981272,0.0,880,960,1000,1100,1200,1300,1500,1500,1900,2000,2000
GET,index,1000,0,660.0,888.8882745783776,83.83704500738531,2897.505438013468,2583.0,8.489041098197154,0.0,660,850,1000,1700,1900,2200,2700,2800,2900,2900,2900
GET,read_home_timeline,60274,0,750.0,760.1939254149064,10.900672001298517,1888.6329520028085,3.0,511.6684631527352,0.0,750,830,880,910,1000,1200,1300,1500,1800,1900,1900
GET,read_user_timeline,36062,0,1100.0,1050.6390824855018,9.386806981638074,2181.6981580341235,311.8221119183628,306.13180008318574,0.0,1100,1200,1200,1300,1400,1500,1600,1700,1900,2100,2200
,Aggregated,109310,0,850.0,870.6923611168035,9.386806981638074,2897.505438013468,130.89471228615864,927.9370824439309,0.0,850,970,1000,1100,1300,1400,1500,1600,2000,2800,2900
