Type,Name,Request Count,Failure Count,Median Response Time,Average Response Time,Min Response Time,Max Response Time,Average Content Size,Requests/s,Failures/s,50%,66%,75%,80%,90%,95%,98%,99%,99.9%,99.99%,100%
POST,compose_post,12123,0,830.0,862.7301755855932,60.3377929655835,4561.9061179459095,25.0,103.01319726523782,0.0,830,910,960,990,1100,1400,1900,2500,4100,4500,4600
GET,index,1000,0,2200.0,2187.9676759398426,118.02890797844157,5508.112681040075,2583.0,8.497335417408053,0.0,2200,2900,3200,3500,4200,4600,5300,5500,5500,5500,5500
GET,read_home_timeline,60542,0,650.0,672.1335351499223,3.239958023186773,2311.7704049800523,3.0,514.4456808407183,0.0,650,730,790,830,940,1100,1500,1800,2200,2300,2300
GET,read_user_timeline,36068,0,1000.0,1035.091767487499,43.559692974667996,5261.038696044125,325.36860929355663,306.48189383507366,0.0,1000,1100,1200,1300,1400,1600,2500,3400,4700,5100,5300
,Aggregated,109733,0,750.0,826.3042471211969,3.239958023186773,5508.112681040075,134.90104161920297,932.4381073584378,0.0,750,900,990,1100,1300,1400,1900,2800,4600,5300,5500
