totalTime,avgCost,totalCost
10,1.0,0.16666666666666666
20,1.0,0.3333333333333333
30,1.0,0.5
40,1.0,0.6666666666666666
50,1.0,0.8333333333333333
60,1.0,0.9999999999999999
70,0.9999999999999998,1.1666666666666665
80,1.0,1.3333333333333333
90,1.0,1.5
100,1.0,1.6666666666666667
110,1.0,1.8333333333333335
120,1.0,2.0
130,1.0,2.1666666666666665
140,0.9999999999999998,2.333333333333333
150,0.9999999999999998,2.4999999999999996
