Type,Name,Request Count,Failure Count,Median Response Time,Average Response Time,Min Response Time,Max Response Time,Average Content Size,Requests/s,Failures/s,50%,66%,75%,80%,90%,95%,98%,99%,99.9%,99.99%,100%
POST,compose_post,10498,0,1200.0,1248.000199963861,77.80127401929349,5038.552579993848,25.0,89.29752444161039,0.0,1200,1300,1400,1500,1900,2200,2800,3200,4400,5000,5000
GET,index,1000,0,630.0,882.8209238432464,71.39394001569599,3214.3288149964064,2583.0,8.506146355649685,0.0,630,1000,1300,1500,2100,2300,2300,2500,3200,3200,3200
GET,read_home_timeline,52374,0,880.0,924.5272616756171,15.745213022455573,3094.8796079610474,3.0,445.5009092307966,0.0,880,990,1100,1100,1300,1600,1800,2000,2500,3000,3100
GET,read_user_timeline,31388,0,1200.0,1301.57923990663,18.106692004948854,5070.9701589657925,250.0564228367529,266.9909218111323,0.0,1200,1400,1500,1600,1800,2100,2600,2900,3800,4600,5100
,Aggregated,95260,0,1000.0,1083.9752992678389,15.745213022455573,5070.9701589657925,113.9129015326475,810.295501839189,0.0,1000,1200,1300,1400,1600,1900,2300,2600,3800,4600,5100
