Type,Name,Request Count,Failure Count,Median Response Time,Average Response Time,Min Response Time,Max Response Time,Average Content Size,Requests/s,Failures/s,50%,66%,75%,80%,90%,95%,98%,99%,99.9%,99.99%,100%
POST,compose_post,9950,0,1200.0,1374.5026704991708,65.7628329936415,4716.875448997598,25.0,84.69564163066235,0.0,1200,1400,1600,1700,2300,3000,3600,3900,4600,4700,4700
GET,index,1000,0,510.0,578.0059227726888,83.9454440283589,2249.3977830163203,2583.0,8.512124787001241,0.0,510,680,780,810,1300,1400,1700,1800,2200,2200,2200
GET,read_home_timeline,49729,0,960.0,1118.3419741376056,49.4217459927313,4453.896977007389,3.0,423.29945353278475,0.0,960,1100,1200,1400,1900,2500,3000,3200,3800,4200,4500
GET,read_user_timeline,29612,0,1100.0,1184.9654964289161,5.267225031275302,4816.850726958364,227.6169458327705,252.06103919268077,0.0,1100,1300,1400,1400,1700,2100,2700,3000,3700,4700,4800
,Aggregated,90291,0,1000.0,1162.4362761114764,5.267225031275302,4816.850726958364,107.66444053117144,768.5682591431291,0.0,1000,1200,1300,1400,1900,2500,3000,3300,4100,4600,4800
