Type,Name,Request Count,Failure Count,Median Response Time,Average Response Time,Min Response Time,Max Response Time,Average Content Size,Requests/s,Failures/s,50%,66%,75%,80%,90%,95%,98%,99%,99.9%,99.99%,100%
POST,compose_post,10876,0,990.0,1080.2676337074217,43.122643022798,3382.3845079750754,25.0,92.40631301022559,0.0,990,1100,1200,1300,1600,2100,2500,2700,3200,3400,3400
GET,index,1000,0,470.0,722.0407724123797,88.12090498395264,2099.4721339666285,2583.0,8.496350957174107,0.0,790,1100,1100,1200,1400,1500,1700,2000,2100,2100,2100
GET,read_home_timeline,55639,0,820.0,929.6140742341587,145.2591340057552,3568.6127379885875,3.0,472.72847090621013,0.0,820,930,1000,1100,1400,1900,2400,2600,3200,3400,3600
GET,read_user_timeline,33378,0,1100.0,1066.431837885009,5.657061992678791,3485.9380240086466,258.3248546947091,283.59120224855735,0.0,1100,1200,1300,1300,1500,1600,1800,2000,2800,3300,3500
,Aggregated,100893,0,920.0,989.0596068890142,5.657061992678791,3568.6127379885875,115.41121782482432,857.2223371221672,0.0,920,1100,1200,1200,1500,1800,2300,2500,3100,3400,3600
