Type,Name,Request Count,Failure Count,Median Response Time,Average Response Time,Min Response Time,Max Response Time,Average Content Size,Requests/s,Failures/s,50%,66%,75%,80%,90%,95%,98%,99%,99.9%,99.99%,100%
POST,compose_post,4202,0,46,54.919238686912884,7.126069976948202,580.6798709672876,25.0,35.86930245402804,0.0,46,62,74,81,97,110,130,160,500,580,580
GET,index,50,0,83,85.20955341868103,62.672297994140536,111.11106898169965,2583.0,0.4268122614710619,0.0,83,94,99,100,100,110,110,110,110,110,110
GET,read_home_timeline,21423,0,260.0,247.84104714631283,6.7354419734328985,979.4417480006814,3.0,182.87198154989116,0.0,260,300,370,390,470,520,610,680,800,890,980
GET,read_user_timeline,12913,0,18,20.562073155736854,3.0232890276238322,162.5297970022075,58.22124990319833,110.22853464751644,0.0,18,24,28,30,37,44,53,61,110,150,160
,Aggregated,38588,0,49,150.56618436583585,3.0232890276238322,979.4417480006814,27.217787913340935,329.3966309129067,0.0,49,200,280,300,400,480,580,620,780,880,980
