Type,Name,Request Count,Failure Count,Median Response Time,Average Response Time,Min Response Time,Max Response Time,Average Content Size,Requests/s,Failures/s,50%,66%,75%,80%,90%,95%,98%,99%,99.9%,99.99%,100%
POST,compose_post,11391,0,1100.0,1169.940719982519,39.40581000642851,3859.2142810230143,25.0,96.93388327052766,0.0,1100,1200,1400,1400,1700,2000,2500,2800,3600,3800,3900
GET,index,1000,0,380.0,460.2877626410336,64.53827698715031,1540.7102030003443,2583.0,8.509690393339273,0.0,380,510,550,650,870,1300,1400,1500,1500,1500,1500
GET,read_home_timeline,55928,0,780.0,862.6814112762141,113.35498897824436,3395.17465402605,3.0,475.92996431867886,0.0,780,880,960,1000,1300,1600,2200,2500,2900,3200,3400
GET,read_user_timeline,33142,0,1200.0,1169.7641165753232,4.9378020339645445,3937.0752929826267,287.64443908032104,282.02815901605015,0.0,1200,1300,1400,1400,1600,1800,2000,2300,3000,3600,3900
,Aggregated,101461,0,920.0,993.5191928460982,4.9378020339645445,3937.0752929826267,123.87686894471767,863.401696998596,0.0,920,1100,1200,1300,1500,1800,2200,2500,3000,3700,3900
