Type,Name,Request Count,Failure Count,Median Response Time,Average Response Time,Min Response Time,Max Response Time,Average Content Size,Requests/s,Failures/s,50%,66%,75%,80%,90%,95%,98%,99%,99.9%,99.99%,100%
POST,compose_post,11294,0,1100.0,1132.675959067234,80.46061696950346,3564.2040770035237,25.0,96.13310628881715,0.0,1100,1200,1300,1400,1700,2000,2300,2600,3100,3400,3600
GET,index,1000,0,280.0,306.2424307487672,73.03336600307375,1008.8196059805341,2583.0,8.51187411801108,0.0,280,340,410,470,590,640,800,880,1000,1000,1000
GET,read_home_timeline,57030,0,780.0,874.8932255284004,6.159092008601874,3130.668162018992,3.0,485.4321809501719,0.0,780,900,990,1100,1300,1700,2300,2500,3000,3100,3100
GET,read_user_timeline,34211,0,1200.0,1174.110993425055,12.06149801146239,3400.288702978287,285.34851363596505,291.1997254512771,0.0,1200,1300,1400,1400,1600,1800,1900,2200,2800,3300,3400
,Aggregated,103535,0,930.0,996.3911388458258,6.159092008601874,3564.2040770035237,123.61518327135751,881.2768868082773,0.0,930,1100,1200,1300,1500,1800,2200,2400,3000,3300,3600
