Type,Name,Request Count,Failure Count,Median Response Time,Average Response Time,Min Response Time,Max Response Time,Average Content Size,Requests/s,Failures/s,50%,66%,75%,80%,90%,95%,98%,99%,99.9%,99.99%,100%
POST,compose_post,10973,0,1000.0,1163.545134527203,39.85158202704042,4487.567147007212,25.0,93.31553684552108,0.0,1000,1200,1300,1400,1900,2400,2900,3100,3900,4300,4500
GET,index,1000,0,470.0,1063.3971750897472,78.0209110234864,3391.3377630524337,2583.0,8.504104332955535,0.0,470,1800,2000,2200,2500,2900,3200,3400,3400,3400,3400
GET,read_home_timeline,55320,0,800.0,938.2641504006714,44.00565999094397,4003.611797001213,3.0,470.4470516991002,0.0,800,910,1000,1100,1600,2100,2600,2900,3400,3800,4000
GET,read_user_timeline,33091,0,1100.0,1121.8881920393155,7.670279999729246,4734.631475992501,271.27841407029103,281.4093164818316,0.0,1100,1200,1400,1400,1600,1900,2500,2900,3900,4700,4700
,Aggregated,100384,0,910.0,1024.6668084475139,7.670279999729246,4734.631475992501,119.54254662097546,853.6760093594085,0.0,910,1100,1200,1300,1600,2100,2700,3000,3700,4400,4700
