Type,Name,Request Count,Failure Count,Median Response Time,Average Response Time,Min Response Time,Max Response Time,Average Content Size,Requests/s,Failures/s,50%,66%,75%,80%,90%,95%,98%,99%,99.9%,99.99%,100%
POST,compose_post,10997,0,1100.0,1199.7359984995135,55.157025053631514,4430.955559015274,25.0,93.25374301234712,0.0,1100,1200,1300,1400,1800,2300,2800,3000,3600,4400,4400
GET,index,1000,0,540.0,639.3921115127159,82.6740400516428,1333.1141090020537,2583.0,8.479925708133775,0.0,540,880,1000,1100,1200,1300,1300,1300,1300,1300,1300
GET,read_home_timeline,54120,0,790.0,881.0017498850141,44.571423961315304,3604.4424819992855,3.0,458.93357932419985,0.0,790,880,950,1000,1300,1700,2300,2500,3000,3400,3600
GET,read_user_timeline,32680,0,1200.0,1200.7765728726906,3.83892998797819,4089.6790080005303,283.21123011015914,277.12397214181175,0.0,1200,1300,1400,1500,1600,1800,2000,2200,2900,3700,4100
,Aggregated,98797,0,930.0,1019.8091236805652,3.83892998797819,4430.955559015274,124.25101976780671,837.7912201864925,0.0,930,1100,1200,1300,1600,1800,2300,2500,3100,3700,4400
