Type,Name,Request Count,Failure Count,Median Response Time,Average Response Time,Min Response Time,Max Response Time,Average Content Size,Requests/s,Failures/s,50%,66%,75%,80%,90%,95%,98%,99%,99.9%,99.99%,100%
POST,compose_post,10336,0,1100.0,1206.8985355767868,60.33918703906238,5057.868700008839,25.0,87.5859333661083,0.0,1100,1200,1400,1500,1900,2400,3000,3500,4800,4900,5100
GET,index,1000,0,730.0,703.0260265669785,76.62796694785357,1615.774494013749,2583.0,8.473871262200882,0.0,740,900,1000,1200,1300,1400,1400,1500,1600,1600,1600
GET,read_home_timeline,52163,0,850.0,957.502084635827,2.5940469931811094,3436.9792270008475,3.0,442.0225466501846,0.0,850,970,1100,1200,1500,1900,2400,2600,3100,3300,3400
GET,read_user_timeline,31055,0,1100.0,1204.0601753227802,8.699805999640375,5391.18444401538,243.9008533247464,263.15607204764837,0.0,1100,1300,1400,1400,1700,2000,2700,3600,5100,5300,5400
,Aggregated,94554,0,970.0,1063.0517934280394,2.5940469931811094,5391.18444401538,111.81155741692578,801.2384233261422,0.0,970,1100,1200,1300,1600,2000,2500,2900,4600,5200,5400
