Type,Name,Request Count,Failure Count,Median Response Time,Average Response Time,Min Response Time,Max Response Time,Average Content Size,Requests/s,Failures/s,50%,66%,75%,80%,90%,95%,98%,99%,99.9%,99.99%,100%
POST,compose_post,303,0,14,14.985234258203112,9.61910601472482,100.86978098843247,25.0,23.368944660204136,0.0,14,15,15,16,18,20,26,27,100,100,100
GET,index,1,0,87.91501400992274,87.91501400992274,87.91501400992274,87.91501400992274,2583.0,0.07712522990166382,0.0,88,88,88,88,88,88,88,88,88,88,88
GET,read_home_timeline,1449,0,3,3.135553003980388,2.5098990299738944,32.77808602433652,3.0,111.75445812751087,0.0,3,3,3,3,4,4,5,6,13,33,33
GET,read_user_timeline,845,0,4,4.188679706666222,3.2867270056158304,24.24356999108568,3.0,65.17081926690592,0.0,4,4,4,4,5,6,8,9,24,24,24
,Aggregated,2598,0,3,4.892721958870672,2.5098990299738944,100.86978098843247,6.558891454965358,200.37134728452259,0.0,3,4,4,4,13,14,16,19,44,100,100
