Type,Name,Request Count,Failure Count,Median Response Time,Average Response Time,Min Response Time,Max Response Time,Average Content Size,Requests/s,Failures/s,50%,66%,75%,80%,90%,95%,98%,99%,99.9%,99.99%,100%
POST,compose_post,719,0,13,14.16163477024662,8.031253004446626,146.0265580099076,25.0,59.86671593317164,0.0,13,14,15,15,18,21,24,29,150,150,150
GET,index,3,0,80,80.05556764934833,73.81592702586204,86.14688395755365,2583.0,0.24979158247498598,0.0,80,80,86,86,86,86,86,86,86,86,86
GET,read_home_timeline,3580,0,3,3.4468208692802698,2.4962820461951196,29.793511028401554,3.0,298.08462175348325,0.0,3,3,4,4,4,5,6,8,22,30,30
GET,read_user_timeline,2172,0,4,4.032838716668859,2.9535070061683655,31.203918042592704,4.093922651933702,180.84910571188985,0.0,4,4,4,4,5,6,8,10,25,31,31
,Aggregated,6474,0,3,4.868910489246755,2.4962820461951196,146.0265580099076,7.005869632375656,539.0502349810197,0.0,3,4,4,4,11,13,16,19,51,150,150
