Type,Name,Request Count,Failure Count,Median Response Time,Average Response Time,Min Response Time,Max Response Time,Average Content Size,Requests/s,Failures/s,50%,66%,75%,80%,90%,95%,98%,99%,99.9%,99.99%,100%
POST,compose_post,3539,0,22,24.558827941430675,8.366359979845583,224.8514579841867,25.0,30.219718649178397,0.0,22,27,30,32,39,46,60,69,190,220,220
GET,index,50,0,100.0,95.3258285112679,52.62789799598977,118.0531540303491,2583.0,0.426952792443888,0.0,100,110,110,110,110,110,120,120,120,120,120
GET,read_home_timeline,17692,0,300.0,314.4526649060975,19.372738024685532,913.497161003761,3.0,151.07297607834533,0.0,300,370,390,400,500,580,620,700,880,910,910
GET,read_user_timeline,10443,0,11,13.225328081627804,3.1112649594433606,143.66064796922728,47.21918988796323,89.17336022983045,0.0,11,16,18,20,24,29,36,41,92,140,140
,Aggregated,31724,0,170.0,182.60902257550723,3.1112649594433606,913.497161003761,24.076755768503343,270.8930077497981,0.0,170,280,300,360,410,500,600,650,830,900,910
