Type,Name,Request Count,Failure Count,Median Response Time,Average Response Time,Min Response Time,Max Response Time,Average Content Size,Requests/s,Failures/s,50%,66%,75%,80%,90%,95%,98%,99%,99.9%,99.99%,100%
POST,compose_post,213,0,14,17.017567720747348,9.058627998456359,164.61476002587005,25.0,46.60503095571465,0.0,14,16,17,18,22,26,38,60,160,160,160
GET,index,3,0,63,63.1085573307549,62.65736400382593,63.84538096608594,2583.0,0.6564088867002064,0.0,63,63,64,64,64,64,64,64,64,64,64
GET,read_home_timeline,1153,0,3,3.026177751714992,2.1029089693911374,49.802463967353106,3.0,252.27981545511264,0.0,3,3,3,3,4,4,5,6,26,50,50
GET,read_user_timeline,694,0,4,4.151270580907441,3.0523950117640197,25.865987001452595,4.953890489913545,151.84925578998107,0.0,4,4,4,4,5,6,8,15,26,26,26
,Aggregated,2063,0,3,4.936612858646922,2.1029089693911374,164.61476002587005,9.680562287930199,451.39051108750857,0.0,3,4,4,4,12,15,19,24,64,160,160
