Type,Name,Request Count,Failure Count,Median Response Time,Average Response Time,Min Response Time,Max Response Time,Average Content Size,Requests/s,Failures/s,50%,66%,75%,80%,90%,95%,98%,99%,99.9%,99.99%,100%
POST,compose_post,8329,0,70,69.45132428052914,8.345570007804781,251.9372960086912,25.0,71.1056038414821,0.0,70,79,85,89,100,110,130,140,190,250,250
GET,index,50,0,88,81.24201950151473,44.15769298793748,103.56718598632142,2583.0,0.42685558795462897,0.0,91,94,95,97,99,100,100,100,100,100,100
GET,read_home_timeline,41220,0,39,105.1735578131149,3.9208480156958103,1111.2759769894183,3.0,351.89974670979615,0.0,39,49,97,190,310,400,500,600,800,1000,1100
GET,read_user_timeline,24955,0,31,31.361546730246648,2.976271032821387,145.60328697552904,182.87854137447405,213.04362394815533,0.0,31,36,39,41,48,56,67,77,110,140,150
,Aggregated,74554,0,37,76.46006428384104,2.976271032821387,1111.2759769894183,67.397711725729,636.4758300873882,0.0,37,46,58,72,210,320,430,510,730,980,1100
