Type,Name,Request Count,Failure Count,Median Response Time,Average Response Time,Min Response Time,Max Response Time,Average Content Size,Requests/s,Failures/s,50%,66%,75%,80%,90%,95%,98%,99%,99.9%,99.99%,100%
POST,compose_post,10238,0,48,80.2722826240379,23.008216987363994,810.4675259673968,25.0,87.39882736222383,0.0,48,51,56,60,200,310,410,510,700,800,810
GET,index,50,0,100.0,104.89681510371156,88.66226597456262,122.54165101330727,2583.0,0.4268354530290283,0.0,110,110,110,110,120,120,120,120,120,120,120
GET,read_home_timeline,51665,0,30,28.950041186034152,2.6426599943079054,255.8393710060045,3.0,441.04907361489495,0.0,30,33,34,35,38,43,50,54,69,240,260
GET,read_user_timeline,30874,0,33,100.5342709086849,9.859512967523187,1597.3420259542763,236.4286130724882,263.5623555363644,0.0,33,36,40,43,410,600,790,900,1200,1500,1600
,Aggregated,92827,0,32,58.46005395166576,2.6426599943079054,1597.3420259542763,84.4537903842632,792.4370919665122,0.0,32,36,38,41,50,190,590,700,1100,1400,1600
