Type,Name,Request Count,Failure Count,Median Response Time,Average Response Time,Min Response Time,Max Response Time,Average Content Size,Requests/s,Failures/s,50%,66%,75%,80%,90%,95%,98%,99%,99.9%,99.99%,100%
POST,compose_post,5476,0,37,36.094959422798354,7.428893004544079,272.9962089797482,25.0,46.74146236112405,0.0,37,45,49,51,58,64,74,80,180,270,270
GET,index,50,0,95,93.95188265712932,69.01932298205793,108.79230598220602,2583.0,0.4267847184178602,0.0,95,99,100,100,100,110,110,110,110,110,110
GET,read_home_timeline,27807,0,160.0,184.60342075984815,10.314072016626596,1000.5481169791892,3.0,237.35205330090878,0.0,160,280,300,340,410,500,590,620,800,910,1000
GET,read_user_timeline,16877,0,23,21.366654677501025,2.654501993674785,101.19666601531208,83.96978135924631,144.05691385476453,0.0,23,28,31,33,36,41,47,51,77,100,100
,Aggregated,50210,0,34,113.44803712394678,2.654501993674785,1000.5481169791892,35.184803823939454,428.57721423521525,0.0,34,47,190,270,370,420,510,600,720,910,1000
