Type,Name,Request Count,Failure Count,Median Response Time,Average Response Time,Min Response Time,Max Response Time,Average Content Size,Requests/s,Failures/s,50%,66%,75%,80%,90%,95%,98%,99%,99.9%,99.99%,100%
POST,compose_post,3918,0,29,34.77023432971451,8.55071604019031,382.6773369801231,25.0,33.48126659644041,0.0,29,38,45,48,60,69,86,100,360,380,380
GET,index,50,0,120.0,109.56820331746712,69.29550197673962,130.01863902900368,2583.0,0.42727496932670256,0.0,120,120,120,120,130,130,130,130,130,130,130
GET,read_home_timeline,19417,0,280.0,278.95125289159546,2.8099860064685345,908.499795012176,3.0,165.92796158833167,0.0,280,320,390,400,490,570,620,700,820,900,910
GET,read_user_timeline,11633,0,16,19.266314848721358,3.1804159516468644,229.24758004955947,56.51990028367575,99.40979436355062,0.0,16,22,26,30,37,43,51,58,170,230,230
,Aggregated,35018,0,50,165.12164333488371,2.8099860064685345,908.499795012176,26.924638757210577,299.2462975176494,0.0,50,240,290,310,410,500,590,620,810,890,910
