Type,Name,Request Count,Failure Count,Median Response Time,Average Response Time,Min Response Time,Max Response Time,Average Content Size,Requests/s,Failures/s,50%,66%,75%,80%,90%,95%,98%,99%,99.9%,99.99%,100%
POST,compose_post,4110,0,32,35.750434299862384,8.589981007389724,264.972761971876,25.0,35.0792088944727,0.0,32,41,46,50,61,71,81,94,220,260,260
GET,index,50,0,100.0,93.20585564244539,60.26068999199197,126.14826502976939,2583.0,0.4267543661128066,0.0,100,110,110,110,120,120,130,130,130,130,130
GET,read_home_timeline,20898,0,270.0,256.16382403789413,2.6617160183377564,1034.717342001386,3.0,178.36625486050863,0.0,270,310,380,400,480,520,610,690,900,1000,1000
GET,read_user_timeline,12517,0,18,20.195741793162345,2.8687870362773538,234.1804290190339,60.55396660541663,106.83368801268,0.0,18,24,29,31,37,43,50,56,180,230,230
,Aggregated,37575,0,39,153.23210306117045,2.6617160183377564,1034.717342001386,28.01192282102462,320.70590613377414,0.0,39,210,290,310,400,490,590,620,830,1000,1000
