Type,Name,Request Count,Failure Count,Median Response Time,Average Response Time,Min Response Time,Max Response Time,Average Content Size,Requests/s,Failures/s,50%,66%,75%,80%,90%,95%,98%,99%,99.9%,99.99%,100%
POST,compose_post,5122,0,45,50.644844977897165,8.856186002958566,318.4937890036963,25.0,43.73968897060133,0.0,45,59,68,73,87,99,120,150,280,320,320
GET,index,50,0,75,79.80203093611635,60.221985972020775,99.4324489729479,2583.0,0.42697861158337885,0.0,75,89,91,92,98,98,99,99,99,99,99
GET,read_home_timeline,25033,0,200.0,203.59559027347288,4.848127020522952,824.1047069896013,3.0,213.77111167533445,0.0,200,290,310,360,410,490,580,610,770,810,820
GET,read_user_timeline,15298,0,25,26.9952964003169,2.918527985457331,271.1452660150826,83.18015426853184,130.63837600005058,0.0,25,33,38,41,49,55,65,72,190,270,270
,Aggregated,45503,0,41,126.87021631917662,2.918527985457331,824.1047069896013,35.2677625651056,388.5761552575697,0.0,41,110,220,280,370,420,510,590,710,810,820
