Type,Name,Request Count,Failure Count,Median Response Time,Average Response Time,Min Response Time,Max Response Time,Average Content Size,Requests/s,Failures/s,50%,66%,75%,80%,90%,95%,98%,99%,99.9%,99.99%,100%
POST,compose_post,7734,0,46,45.65308912387492,8.986646018456668,217.08040998782963,25.0,66.00823567973038,0.0,46,53,57,60,67,73,81,87,180,220,220
GET,index,50,0,76,74.99511102330871,53.614380012732,96.13996796542779,2583.0,0.42674059787775,0.0,77,86,89,89,95,95,96,96,96,96,96
GET,read_home_timeline,38897,0,34,117.7561728893978,6.9754719734191895,1288.8991789659485,3.0,331.9785807130168,0.0,34,43,200,270,370,410,500,580,780,1200,1300
GET,read_user_timeline,23334,0,32,30.13979472288534,3.3957029809243977,220.86046100594103,161.5511699665724,199.15130221758838,0.0,32,36,39,40,46,51,57,62,83,190,220
,Aggregated,70015,0,34,80.56094513715531,3.3957029809243977,1288.8991789659485,60.11320431336142,597.5648592082133,0.0,34,40,49,59,280,380,470,510,700,1200,1300
