Type,Name,Request Count,Failure Count,Median Response Time,Average Response Time,Min Response Time,Max Response Time,Average Content Size,Requests/s,Failures/s,50%,66%,75%,80%,90%,95%,98%,99%,99.9%,99.99%,100%
POST,compose_post,3908,0,33,40.05657798287298,8.350524003617465,468.6868190183304,25.0,33.406348597800815,0.0,33,43,51,56,73,85,98,110,450,470,470
GET,index,50,0,99,98.1612471176777,55.634328979067504,125.37917000008747,2583.0,0.4274097824693042,0.0,100,110,110,110,120,120,130,130,130,130,130
GET,read_home_timeline,19639,0,290.0,273.6236623614344,7.714643026702106,1065.9880439634435,3.0,167.8780143582933,0.0,290,350,390,400,490,570,630,700,900,1000,1100
GET,read_user_timeline,12001,0,17,20.0423287979119,3.3030780032277107,549.2474369821139,48.962919756686944,102.5868959882824,0.0,17,23,27,30,36,41,49,58,360,550,550
,Aggregated,35598,0,41,162.2470998969876,3.3030780032277107,1065.9880439634435,24.534271588291478,304.2986687268458,0.0,41,240,300,330,410,490,590,670,840,980,1100
