Type,Name,Request Count,Failure Count,Median Response Time,Average Response Time,Min Response Time,Max Response Time,Average Content Size,Requests/s,Failures/s,50%,66%,75%,80%,90%,95%,98%,99%,99.9%,99.99%,100%
POST,compose_post,4845,0,47,75.19104981638051,9.119569964241236,874.4874530239031,25.0,41.38288949294279,0.0,47,59,67,74,120,310,480,520,810,870,870
GET,index,50,0,88,81.89166268217377,38.33259700331837,105.68681103177369,2583.0,0.42706800302314535,0.0,88,91,92,93,96,99,110,110,110,110,110
GET,read_home_timeline,24073,0,150.0,179.1000213181971,2.2434740094467998,915.7990990206599,3.0,205.61616073552355,0.0,150,260,300,320,410,500,590,620,800,830,920
GET,read_user_timeline,14588,0,23,73.45894053053917,3.129869990516454,1402.2498480044305,69.68830545653962,124.6013605620329,0.0,23,31,35,37,55,580,780,880,1100,1400,1400
,Aggregated,43556,0,35,132.04814622892087,2.2434740094467998,1402.2498480044305,30.744489852144365,372.0274787935224,0.0,35,85,210,280,390,500,610,740,1000,1200,1400
