Type,Name,Request Count,Failure Count,Median Response Time,Average Response Time,Min Response Time,Max Response Time,Average Content Size,Requests/s,Failures/s,50%,66%,75%,80%,90%,95%,98%,99%,99.9%,99.99%,100%
POST,compose_post,4510,0,48,54.7481451363343,9.645775018725544,307.7719379798509,25.0,38.52213383689273,0.0,48,63,74,80,95,110,120,130,300,310,310
GET,index,50,0,79,74.92385665886104,47.45514603564516,97.9795969906263,2583.0,0.42707465451100585,0.0,83,85,87,90,93,94,98,98,98,98,98
GET,read_home_timeline,21842,0,250.0,241.5265567057756,10.124320979230106,1058.7252040277235,3.0,186.5632920765878,0.0,250,300,360,390,470,520,610,690,930,1100,1100
GET,read_user_timeline,12897,0,19,21.286442150119058,3.0864690197631717,199.5673679630272,62.040707141195625,110.15963638456886,0.0,19,25,29,32,39,45,54,60,140,200,200
,Aggregated,39299,0,48,147.60209225108542,3.0864690197631717,1058.7252040277235,28.18303264714115,335.6721369525604,0.0,48,190,270,300,400,480,570,620,840,1100,1100
