Type,Name,Request Count,Failure Count,Median Response Time,Average Response Time,Min Response Time,Max Response Time,Average Content Size,Requests/s,Failures/s,50%,66%,75%,80%,90%,95%,98%,99%,99.9%,99.99%,100%
POST,compose_post,4691,0,47,53.149483912390444,7.466924958862364,396.596105012577,25.0,40.045850788115274,0.0,47,63,73,79,92,100,120,140,380,400,400
GET,index,50,0,72,73.44064088072628,44.26474199863151,98.73858402715996,2583.0,0.42683703675245444,0.0,72,82,85,88,91,94,99,99,99,99,99
GET,read_home_timeline,23959,0,210.0,216.30380825381988,6.394246011041105,904.034391976893,3.0,204.5317712710411,0.0,210,290,310,370,420,500,600,660,800,890,900
GET,read_user_timeline,14676,0,22,23.645193979822345,3.098110028076917,307.9019099823199,64.15419732897247,125.28520702758041,0.0,22,29,32,35,42,48,55,61,280,300,310
,Aggregated,43376,0,41,133.30957372459795,3.098110028076917,904.034391976893,29.04437938030247,370.28966612348927,0.0,41,160,240,280,380,430,520,600,780,850,900
