Type,Name,Request Count,Failure Count,Median Response Time,Average Response Time,Min Response Time,Max Response Time,Average Content Size,Requests/s,Failures/s,50%,66%,75%,80%,90%,95%,98%,99%,99.9%,99.99%,100%
POST,compose_post,3444,0,34,37.46013033131646,8.089125039987266,320.1299039646983,25.0,29.408787648540567,0.0,34,41,46,50,60,75,93,100,280,320,320
GET,index,50,0,96,94.54553396091796,75.08285500807688,114.07106800470501,2583.0,0.42695684739460754,0.0,98,100,100,110,110,110,110,110,110,110,110
GET,read_home_timeline,17473,0,300.0,315.1685588322927,13.584611006081104,1009.5339130493812,3.0,149.20433989051955,0.0,300,370,400,410,500,580,670,710,910,1000,1000
GET,read_user_timeline,10556,0,14,16.180170924370042,2.951243019197136,162.5177480163984,43.93662372110648,90.13912962194954,0.0,14,19,22,24,30,35,42,49,110,160,160
,Aggregated,31523,0,170.0,184.35675786928266,2.951243019197136,1009.5339130493812,23.204136662119723,269.17921400840424,0.0,170,270,300,350,420,500,600,680,890,980,1000
