Type,Name,Request Count,Failure Count,Median Response Time,Average Response Time,Min Response Time,Max Response Time,Average Content Size,Requests/s,Failures/s,50%,66%,75%,80%,90%,95%,98%,99%,99.9%,99.99%,100%
POST,compose_post,1556,0,710.0,783.8581348095265,28.666103025898337,2107.7203690074384,25.0,8.783160956842783,0.0,710,880,980,1000,1200,1300,1600,1800,2100,2100,2100
GET,index,50,0,68,64.20735195279121,32.08839299622923,83.84549000766128,2583.0,0.28223524925587345,0.0,68,72,73,74,81,83,84,84,84,84,84
GET,read_home_timeline,9625,0,710.0,777.411896882482,12.717806035652757,2593.6079130042344,3239.7568831168833,54.330285481755645,0.0,710,890,980,1000,1200,1300,1500,1700,2200,2600,2600
GET,read_user_timeline,4794,0,12,24.130697383178756,3.0399130191653967,202.97696301713586,14.159991656236963,27.060715698653148,0.0,12,17,21,24,80,93,100,160,200,200,200
,Aggregated,16025,0,590.0,550.4627579475891,3.0399130191653967,2593.6079130042344,1960.5986271450859,90.45639738650745,0.0,590,730,870,900,1100,1200,1400,1600,2100,2400,2600
