Type,Name,Request Count,Failure Count,Median Response Time,Average Response Time,Min Response Time,Max Response Time,Average Content Size,Requests/s,Failures/s,50%,66%,75%,80%,90%,95%,98%,99%,99.9%,99.99%,100%
POST,compose_post,4099,2,9200.0,8720.81118351347,188.74352308921516,92072.6131289266,25.03415467187119,22.801403529533946,0.011125349367911172,9200,10000,11000,12000,13000,14000,16000,18000,24000,92000,92000
GET,index,1992,0,210.0,1603.1586143960074,43.29965100623667,158868.08867985383,2583.0,11.080847970439526,0.0,210,400,730,1000,1800,3000,6100,12000,156000,159000,159000
GET,read_home_timeline,25241,22,8100.0,7551.926439599238,67.02469591982663,104251.46194803528,6130.94639673547,140.40747169772294,0.12237884304702289,8100,9200,9900,10000,11000,13000,14000,15000,20000,85000,104000
GET,read_user_timeline,12541,7,8600.0,7632.338372648226,4.030460026115179,79269.38837091438,61.174388007335935,69.761503211487,0.0389387227876891,8600,9900,11000,11000,13000,14000,15000,17000,24000,77000,79000
,Aggregated,43873,31,8100.0,7414.022925134049,4.030460026115179,158868.08867985383,3664.3575091742073,244.0512264091834,0.17244291520262317,8100,9400,10000,11000,12000,13000,14000,16000,25000,143000,159000
