Type,Name,Request Count,Failure Count,Median Response Time,Average Response Time,Min Response Time,Max Response Time,Average Content Size,Requests/s,Failures/s,50%,66%,75%,80%,90%,95%,98%,99%,99.9%,99.99%,100%
POST,compose_post,1816,0,600.0,659.4634196576909,29.822162119671702,2781.048676930368,25.0,10.26777085694657,0.0,600,710,800,880,1100,1200,1400,1600,2600,2800,2800
GET,index,50,0,72,70.24353920016438,40.517971850931644,91.86829905956984,2583.0,0.2827029420965465,0.0,72,80,83,86,88,89,92,92,92,92,92
GET,read_home_timeline,11303,0,610.0,660.7090393443438,11.7109848652035,2783.1738139502704,3576.371936653986,63.9078270903453,0.0,610,720,810,890,1000,1200,1300,1500,2300,2700,2800
GET,read_user_timeline,5572,0,15,25.01413223127402,3.227823879569769,263.88777303509414,20.37616654702082,31.504415867239143,0.0,15,21,27,32,69,86,96,110,180,260,260
,Aggregated,18741,0,500.0,470.0107125318901,3.227823879569769,2783.1738139502704,2172.3396830478628,105.96271675662756,0.0,500,620,710,790,980,1100,1300,1400,2200,2800,2800
