Type,Name,Request Count,Failure Count,Median Response Time,Average Response Time,Min Response Time,Max Response Time,Average Content Size,Requests/s,Failures/s,50%,66%,75%,80%,90%,95%,98%,99%,99.9%,99.99%,100%
POST,compose_post,4147,41,7800.0,8095.908764546695,4.598313942551613,93964.5564390812,25.744634675669158,23.06712772616265,0.2280569657035613,7800,9600,11000,11000,14000,15000,18000,22000,67000,94000,94000
GET,index,2000,32,320.0,4002.6468189979205,53.51391318254173,20864.84097293578,2543.192,11.124730034320063,0.17799568054912102,330,790,1600,13000,18000,18000,20000,20000,21000,21000,21000
GET,read_home_timeline,25561,305,7500.0,7624.090094813745,1.6702930442988873,100049.03163202107,6033.42623528031,142.17961220362756,1.6965213302338096,7500,9100,10000,11000,13000,15000,17000,19000,83000,99000,100000
GET,read_user_timeline,12943,130,6400.0,6650.229238957216,3.589390078559518,88347.12250879966,53.88109402765974,71.99369041710229,0.7231074522308041,6400,8600,9700,10000,13000,14000,17000,19000,83000,88000,88000
,Aggregated,44651,508,7100.0,7223.406222434599,1.6702930442988873,100049.03163202107,3585.8309556336926,248.36516038121258,2.825681428717296,7100,8900,10000,11000,13000,15000,18000,19000,83000,98000,100000
