Type,Name,Request Count,Failure Count,Median Response Time,Average Response Time,Min Response Time,Max Response Time,Average Content Size,Requests/s,Failures/s,50%,66%,75%,80%,90%,95%,98%,99%,99.9%,99.99%,100%
POST,compose_post,5942,0,690.0,737.2708305381806,46.71517200767994,2913.8127411715686,25.0,9.941866195849206,0.0,690,800,890,950,1100,1300,1500,1700,2600,2900,2900
GET,index,50,0,52,56.789992889389396,39.08476093783975,78.54812196455896,2583.0,0.08365757485568165,0.0,52,66,68,71,74,76,79,79,79,79,79
GET,read_home_timeline,34939,0,680.0,714.3737062606923,12.592209037393332,3136.2764639779925,7270.553421677781,58.45824015765322,0.0,680,790,870,910,1100,1200,1400,1600,2300,3000,3100
GET,read_user_timeline,17476,0,14,28.61393656881725,3.4131109714508057,331.9890999700874,115.86152437628748,29.239995563557848,0.0,14,21,43,52,72,95,110,150,240,300,330
,Aggregated,58407,0,550.0,510.953530453904,3.4131109714508057,3136.2764639779925,4388.658243018816,97.72375949191596,0.0,550,690,780,820,1000,1100,1400,1500,2100,2900,3100
