Type,Name,Request Count,Failure Count,Median Response Time,Average Response Time,Min Response Time,Max Response Time,Average Content Size,Requests/s,Failures/s,50%,66%,75%,80%,90%,95%,98%,99%,99.9%,99.99%,100%
POST,compose_post,5892,0,650.0,678.1310494379023,40.16453097574413,2295.2039989177138,25.0,9.858133160023302,0.0,650,790,880,900,1100,1300,1500,1600,2100,2300,2300
GET,index,50,0,64,64.0082466090098,42.458864161744714,80.3439780138433,2583.0,0.08365693448763833,0.0,65,71,75,77,78,79,80,80,80,80,80
GET,read_home_timeline,35593,0,660.0,681.0492970364999,6.5495658200234175,2296.4865430258214,7386.163459107128,59.552025384370225,0.0,660,790,890,920,1100,1300,1500,1600,2000,2200,2300
GET,read_user_timeline,17452,0,22,91.36255824817653,3.094053128734231,1201.3007390778512,115.88671785468715,29.199616413565284,0.0,22,98,110,190,270,310,410,500,710,1100,1200
,Aggregated,58987,0,490.0,505.7689923472297,3.094053128734231,2296.4865430258214,4495.814687982098,98.69343189244645,0.0,490,680,790,820,1000,1200,1400,1500,1900,2200,2300
