Type,Name,Request Count,Failure Count,Median Response Time,Average Response Time,Min Response Time,Max Response Time,Average Content Size,Requests/s,Failures/s,50%,66%,75%,80%,90%,95%,98%,99%,99.9%,99.99%,100%
POST,compose_post,6227,0,710.0,755.5471631785505,41.58288799226284,2025.4597919993103,25.0,10.417190017742897,0.0,710,820,910,990,1100,1300,1500,1600,1900,2000,2000
GET,index,50,0,65,63.551772772334516,36.32883308455348,86.15305903367698,2583.0,0.08364533497464989,0.0,66,72,75,77,79,82,86,86,86,86,86
GET,read_home_timeline,36724,0,15,28.972773411407424,2.312547992914915,297.64806502498686,7467.614584467923,61.43582563218085,0.0,15,22,33,58,83,94,100,110,200,290,300
GET,read_user_timeline,18118,0,1300.0,1327.9775576711043,4.588646115735173,3799.2285299114883,127.0614306214814,30.309723581414133,0.0,1300,1500,1600,1700,1900,2100,2400,2600,3200,3500,3800
,Aggregated,61119,0,66,488.1012990133534,2.312547992914915,3799.2285299114883,4529.321520312832,102.24638456631253,0.0,66,620,1000,1200,1500,1800,2100,2300,2800,3300,3800
