Type,Name,Request Count,Failure Count,Median Response Time,Average Response Time,Min Response Time,Max Response Time,Average Content Size,Requests/s,Failures/s,50%,66%,75%,80%,90%,95%,98%,99%,99.9%,99.99%,100%
POST,compose_post,5653,0,680.0,706.4536962750508,50.306818913668394,3123.05706506595,25.0,9.456624937660168,0.0,680,800,890,980,1200,1300,1600,1700,3000,3100,3100
GET,index,50,0,59,60.11432660277933,38.90377189964056,79.34423605911434,2583.0,0.08364253438581433,0.0,59,69,73,75,77,78,79,79,79,79,79
GET,read_home_timeline,34675,0,700.0,722.4308933211356,5.665656179189682,3114.951682044193,7038.844989185292,58.006097596562235,0.0,700,820,910,990,1200,1300,1500,1700,2200,3100,3100
GET,read_user_timeline,17093,0,21,46.57588692738641,3.0435281805694103,698.8232079893351,103.15959749605102,28.594036805134486,0.0,21,44,68,81,100,170,210,290,490,610,700
,Aggregated,57471,0,530.0,519.2706116568952,3.0435281805694103,3123.05706506595,4282.259435193402,96.1404018737427,0.0,530,700,800,890,1100,1200,1500,1600,2100,3100,3100
