Type,Name,Request Count,Failure Count,Median Response Time,Average Response Time,Min Response Time,Max Response Time,Average Content Size,Requests/s,Failures/s,50%,66%,75%,80%,90%,95%,98%,99%,99.9%,99.99%,100%
POST,compose_post,7373,0,410.0,483.60437070899707,32.345240004360676,2110.8858038205653,25.0,12.333852772876067,0.0,410,540,610,700,890,1000,1200,1300,1800,2100,2100
GET,index,50,0,57,54.40785828977823,36.29440697841346,65.62651507556438,2583.0,0.08364202341567928,0.0,57,60,61,62,63,65,66,66,66,66,66
GET,read_home_timeline,43391,0,390.0,426.44446887142027,7.003698032349348,2093.974961899221,7891.080915397202,72.5862207605948,0.0,390,500,590,610,800,910,1100,1300,1700,1900,2100
GET,read_user_timeline,21777,0,300.0,355.30532513850846,3.5696858540177345,1995.226320112124,170.74776139964183,36.42944687846496,0.0,300,400,500,510,700,810,1000,1100,1500,1800,2000
,Aggregated,72591,0,390.0,410.65244221037176,3.5696858540177345,2110.8858038205653,4772.406234932705,121.43316243535149,0.0,390,490,580,600,790,900,1100,1200,1700,1900,2100
