Type,Name,Request Count,Failure Count,Median Response Time,Average Response Time,Min Response Time,Max Response Time,Average Content Size,Requests/s,Failures/s,50%,66%,75%,80%,90%,95%,98%,99%,99.9%,99.99%,100%
POST,compose_post,10904,257,12000.0,11466.795421172359,12.235038913786411,210449.63650708087,26.67461482024945,18.220439704177068,0.42944359904379187,12000,13000,14000,14000,16000,18000,20000,23000,85000,207000,210000
GET,index,2000,22,260.0,482.40660290326923,58.216542936861515,3185.897463001311,2555.632,3.341973533414723,0.03676170886756195,260,340,430,540,1300,2000,2500,2700,3200,3200,3200
GET,read_home_timeline,65529,1497,11000.0,10547.444593868215,2.6020200457423925,217447.2861639224,8527.321445466892,109.49809183556668,2.5014671897609198,11000,12000,13000,14000,15000,16000,19000,21000,54000,184000,217000
GET,read_user_timeline,33024,681,11000.0,10412.111432016452,4.960455000400543,206168.27244497836,286.88511385658916,55.1826669837439,1.137941988127713,11000,12000,13000,14000,15000,17000,19000,22000,48000,190000,206000
,Aggregated,111457,2457,11000.0,10416.679214412368,2.6020200457423925,217447.2861639224,5146.945144764349,186.24317205690238,4.105614485799987,11000,12000,13000,14000,15000,16000,19000,21000,54000,190000,217000
