Type,Name,Request Count,Failure Count,Median Response Time,Average Response Time,Min Response Time,Max Response Time,Average Content Size,Requests/s,Failures/s,50%,66%,75%,80%,90%,95%,98%,99%,99.9%,99.99%,100%
POST,compose_post,1864,0,680.0,682.5770171220032,38.53931603953242,3705.4267450002953,25.0,10.530687335777714,0.0,680,790,890,910,1100,1300,1600,2100,3700,3700,3700
GET,index,50,0,72,68.52549757575616,36.24051506631076,89.53858399763703,2583.0,0.2824755186635653,0.0,73,78,80,81,87,87,90,90,90,90,90
GET,read_home_timeline,11063,0,680.0,669.2178042033365,11.666212929412723,3797.1901620039716,3558.595227334358,62.50053325950046,0.0,680,800,890,930,1100,1300,1500,1800,3300,3800,3800
GET,read_user_timeline,5583,0,14,25.952181210137535,2.810079953633249,282.9385818913579,17.98996955042092,31.5412164139737,0.0,14,22,30,38,68,84,100,150,250,280,280
,Aggregated,18560,0,500.0,475.4416718961154,2.810079953633249,3797.1901620039716,2136.0413254310347,104.85491252791543,0.0,500,690,790,860,1000,1200,1400,1600,3300,3800,3800
