Type,Name,Request Count,Failure Count,Median Response Time,Average Response Time,Min Response Time,Max Response Time,Average Content Size,Requests/s,Failures/s,50%,66%,75%,80%,90%,95%,98%,99%,99.9%,99.99%,100%
POST,compose_post,1774,0,690.0,704.5563926614229,39.9319069692865,1895.1124839950353,25.0,10.014558725600882,0.0,690,800,890,970,1100,1200,1400,1600,1900,1900,1900
GET,index,50,0,54,53.437667766120285,27.921249042265117,70.66403899807483,2583.0,0.28225926509585353,0.0,55,61,63,65,68,70,71,71,71,71,71
GET,read_home_timeline,10556,0,700.0,705.7156388969177,14.307616045698524,1903.5185500979424,3780.1279840848806,59.59057604703659,0.0,700,800,900,950,1100,1200,1400,1500,1800,1900,1900
GET,read_user_timeline,5328,0,13,24.760510842101727,2.9196160612627864,287.233310053125,16.331456456456458,30.07754728861415,0.0,13,19,25,36,70,88,100,110,200,290,290
,Aggregated,17708,0,570.0,498.87131296206456,2.9196160612627864,1903.5185500979424,2268.101705443867,99.96494132634747,0.0,570,700,800,870,1000,1100,1300,1400,1700,1900,1900
