Type,Name,Request Count,Failure Count,Median Response Time,Average Response Time,Min Response Time,Max Response Time,Average Content Size,Requests/s,Failures/s,50%,66%,75%,80%,90%,95%,98%,99%,99.9%,99.99%,100%
POST,compose_post,2995,5,10000.0,10113.148402964975,345.6251749303192,111612.17019404285,25.146911519198664,16.659713853377752,0.02781254399562229,10000,12000,13000,14000,15000,17000,21000,24000,58000,112000,112000
GET,index,1843,0,360.0,4196.235041615133,64.56921389326453,163561.19098188356,2583.0,10.251703716786377,0.0,360,580,750,810,1300,3200,90000,134000,161000,164000,164000
GET,read_home_timeline,18392,26,9900.0,9330.202590108725,49.19125116430223,144166.3111539092,4961.05023923445,102.30566183349704,0.1446252287772359,9900,12000,13000,14000,15000,16000,19000,20000,31000,138000,144000
GET,read_user_timeline,9470,9,9100.0,8547.401201444816,3.511776914820075,122994.69287600368,39.29387539598733,52.67695832770862,0.05006257919212012,9100,11000,12000,13000,14000,15000,18000,19000,50000,123000,123000
,Aggregated,32700,40,9300.0,8885.856760352859,3.511776914820075,163561.19098188356,2949.588165137615,181.8940377313698,0.22250035196497833,9300,12000,13000,13000,15000,16000,19000,21000,118000,157000,164000
