Type,Name,Request Count,Failure Count,Median Response Time,Average Response Time,Min Response Time,Max Response Time,Average Content Size,Requests/s,Failures/s,50%,66%,75%,80%,90%,95%,98%,99%,99.9%,99.99%,100%
POST,compose_post,4288,4,7900.0,7802.757614049013,178.1288448255509,78976.28016700037,25.09911380597015,24.091427636002557,0.02247334667537552,7900,9200,10000,11000,12000,14000,15000,18000,57000,79000,79000
GET,index,1942,0,550.0,6709.362257703857,53.429652005434036,158718.5664649587,2583.0,10.910809810894815,0.0,550,830,1200,1600,13000,53000,72000,111000,156000,159000,159000
GET,read_home_timeline,25932,8,7000.0,6888.608474943654,14.343238901346922,134596.35618911125,6118.273175998766,145.6947064964595,0.04494669335075104,7000,8600,9400,9900,11000,12000,13000,14000,25000,63000,135000
GET,read_user_timeline,12987,1,7000.0,6666.848392400095,3.4806779585778713,144258.5906391032,57.046508046508045,72.96533831827547,0.00561833666884388,7000,8300,9300,10000,12000,13000,15000,16000,52000,141000,144000
,Aggregated,45149,13,6900.0,6903.930567628087,3.4806779585778713,158718.5664649587,3644.017231832377,253.66228226163233,0.07303837669497044,6900,8500,9400,10000,11000,13000,14000,18000,76000,150000,159000
