Type,Name,Request Count,Failure Count,Median Response Time,Average Response Time,Min Response Time,Max Response Time,Average Content Size,Requests/s,Failures/s,50%,66%,75%,80%,90%,95%,98%,99%,99.9%,99.99%,100%
POST,compose_post,4028,0,7600.0,7569.36622573698,576.4542988035828,141224.95733597316,25.0,22.39942444599214,0.0,7600,9000,10000,11000,12000,13000,15000,17000,22000,141000,141000
GET,index,1806,0,340.0,7778.9327657592285,49.88555097952485,161804.4347090181,2583.0,10.043038865308292,0.0,340,580,740,990,14000,64000,122000,141000,161000,162000,162000
GET,read_home_timeline,24064,0,6900.0,6890.1124056534645,118.0604889523238,103685.49737101421,6111.369099069149,133.81820999710894,0.0,6900,8100,9000,9600,11000,12000,13000,14000,27000,93000,104000
GET,read_user_timeline,12052,0,7300.0,6590.878402508207,4.980080993846059,151507.15916696936,61.11591437105874,67.02032359063983,0.0,7300,8700,9700,10000,12000,13000,14000,14000,22000,124000,152000
,Aggregated,41950,0,6900.0,6907.630302000054,4.980080993846059,161804.4347090181,3636.8570441001193,233.2809968990492,0.0,6900,8300,9300,9800,11000,12000,14000,16000,121000,156000,162000
