Type,Name,Request Count,Failure Count,Median Response Time,Average Response Time,Min Response Time,Max Response Time,Average Content Size,Requests/s,Failures/s,50%,66%,75%,80%,90%,95%,98%,99%,99.9%,99.99%,100%
POST,compose_post,1997,0,590.0,611.5589985923825,48.42471797019243,2396.1461088620126,25.0,11.268728267242643,0.0,590,690,780,800,980,1100,1300,1400,1800,2400,2400
GET,index,50,0,62,62.91074613109231,30.164990108460188,85.45162715017796,2583.0,0.28214141880928,0.0,64,70,72,74,76,77,85,85,85,85,85
GET,read_home_timeline,12234,0,590.0,609.5168360956445,5.139640998095274,1813.364699948579,3793.618276933137,69.03436235425464,0.0,590,700,790,810,990,1100,1300,1400,1700,1800,1800
GET,read_user_timeline,6238,0,13,22.767936701564768,2.934153890237212,238.34789590910077,24.68515549855723,35.19996341064577,0.0,13,19,25,31,63,79,94,100,170,240,240
,Aggregated,20519,0,480.0,430.00556652049414,2.934153890237212,2396.1461088620126,2278.0928407817146,115.78519545095233,0.0,480,600,690,730,900,1000,1200,1300,1700,1800,2400
