Type,Name,Request Count,Failure Count,Median Response Time,Average Response Time,Min Response Time,Max Response Time,Average Content Size,Requests/s,Failures/s,50%,66%,75%,80%,90%,95%,98%,99%,99.9%,99.99%,100%
POST,compose_post,8025,0,400.0,459.34682371738916,50.25709606707096,2517.778434092179,25.0,13.424462678908162,0.0,400,500,600,610,800,990,1300,1400,2000,2500,2500
GET,index,50,0,74,74.76657511200756,43.69993694126606,96.13052802160382,2583.0,0.0836415120181194,0.0,78,82,83,89,93,95,96,96,96,96,96
GET,read_home_timeline,47500,0,380.0,418.3002430067403,3.7254078779369593,2877.1869018673897,8070.25627368421,79.45943641721342,0.0,380,490,570,600,790,980,1200,1400,1900,2500,2900
GET,read_user_timeline,23846,0,200.0,261.798898853932,3.0114478431642056,1604.108669096604,177.6359137800889,39.8903099116815,0.0,200,300,390,400,510,610,800,900,1200,1500,1600
,Aggregated,79421,0,300.0,375.2422492033519,3.0114478431642056,2877.1869018673897,4884.134599161431,132.8578505198212,0.0,300,400,500,580,700,900,1100,1300,1800,2500,2900
