Type,Name,Request Count,Failure Count,Median Response Time,Average Response Time,Min Response Time,Max Response Time,Average Content Size,Requests/s,Failures/s,50%,66%,75%,80%,90%,95%,98%,99%,99.9%,99.99%,100%
POST,compose_post,6329,0,520.0,606.3766523578812,45.55905098095536,2981.134223053232,25.0,10.588447513492005,0.0,520,690,790,820,1000,1200,1500,1700,2600,3000,3000
GET,index,50,0,60,58.36477522738278,27.79965102672577,72.80266797170043,2583.0,0.08365024106092595,0.0,62,67,67,68,69,70,73,73,73,73,73
GET,read_home_timeline,37977,0,510.0,591.9807410836713,11.052249930799007,2945.7768979482353,7517.89130263054,63.53570409541569,0.0,510,690,790,840,1100,1300,1500,1700,2500,2800,2900
GET,read_user_timeline,18938,0,110.0,184.91117837168295,2.7753361500799656,1294.3550769705325,120.79395923539973,31.683365304236307,0.0,110,200,300,310,420,580,700,790,1000,1200,1300
,Aggregated,63294,0,400.0,471.200691561156,2.7753361500799656,2981.134223053232,4551.488750908459,105.89116715420492,0.0,400,580,680,720,950,1200,1400,1600,2500,2800,3000
