Type,Name,Request Count,Failure Count,Median Response Time,Average Response Time,Min Response Time,Max Response Time,Average Content Size,Requests/s,Failures/s,50%,66%,75%,80%,90%,95%,98%,99%,99.9%,99.99%,100%
POST,compose_post,1952,0,590.0,625.5817214404204,33.49684993736446,2859.517408069223,25.0,11.024448585717161,0.0,590,690,790,810,980,1100,1300,1400,2800,2900,2900
GET,index,50,0,56,53.13332060119137,25.647436967119575,70.15967892948538,2583.0,0.282388539593165,0.0,56,60,62,65,67,70,70,70,70,70,70
GET,read_home_timeline,12046,0,600.0,622.7720549361562,12.798178009688854,2860.2714019361883,3763.136476838785,68.0330469587853,0.0,600,700,790,810,980,1100,1200,1300,2600,2800,2900
GET,read_user_timeline,6015,0,10,16.381715309008,2.6468350552022457,162.50592097640038,26.562593516209475,33.97134131305775,0.0,10,14,17,19,35,65,81,89,120,160,160
,Aggregated,20063,0,490.0,439.82656520093457,2.6468350552022457,2860.2714019361883,2276.2531027264117,113.3112253971534,0.0,490,600,690,720,890,1000,1200,1300,2600,2800,2900
