Type,Name,Request Count,Failure Count,Median Response Time,Average Response Time,Min Response Time,Max Response Time,Average Content Size,Requests/s,Failures/s,50%,66%,75%,80%,90%,95%,98%,99%,99.9%,99.99%,100%
POST,compose_post,4218,0,7600.0,7717.747803973582,64.0695858746767,90987.03010892496,25.0,23.4631065573847,0.0,7600,8900,9800,10000,12000,14000,15000,16000,26000,91000,91000
GET,index,1943,0,300.0,6143.017732367644,32.353159971535206,160670.05098890513,2583.0,10.808159326931834,0.0,300,470,770,1000,1800,35000,118000,137000,160000,161000,161000
GET,read_home_timeline,25886,0,6600.0,6690.463081013508,8.532852865755558,157790.98489880562,6117.553696979062,143.99383033296832,0.0,6600,7900,8700,9200,11000,12000,14000,15000,52000,113000,158000
GET,read_user_timeline,12986,0,6800.0,6746.782677526059,3.5327370278537273,150483.14004088752,59.03018635453565,72.23610757567513,0.0,6800,8200,9100,9800,11000,13000,15000,16000,23000,103000,150000
,Aggregated,45033,0,6600.0,6779.303862869908,3.5327370278537273,160670.05098890513,3647.320409477494,250.50120379296,0.0,6600,8000,8900,9400,11000,13000,15000,16000,113000,157000,161000
