Type,Name,Request Count,Failure Count,Median Response Time,Average Response Time,Min Response Time,Max Response Time,Average Content Size,Requests/s,Failures/s,50%,66%,75%,80%,90%,95%,98%,99%,99.9%,99.99%,100%
POST,compose_post,4151,8,8300.0,8391.475460276959,87.42756210267544,97079.65723494999,25.134907251264757,23.05178377229594,0.0444264683638563,8300,10000,11000,12000,14000,15000,16000,17000,23000,97000,97000
GET,index,1973,0,240.0,2887.6035220441217,51.800081972032785,159221.0510878358,2583.0,10.956677760236062,0.0,240,420,500,930,4400,12000,31000,82000,152000,159000,159000
GET,read_home_timeline,25158,18,7200.0,7403.187049059768,8.323049871250987,121098.55523402803,6039.339414897846,139.71013638723713,0.09995955381867669,7200,9300,10000,11000,13000,14000,15000,16000,26000,105000,121000
GET,read_user_timeline,12566,9,7300.0,7481.422089867189,4.813467850908637,131488.55163203552,64.05467133534935,69.78287518252729,0.049979776909338344,7300,9600,11000,12000,13000,14000,16000,17000,26000,129000,131000
,Aggregated,43848,35,7000.0,7315.982168995566,4.813467850908637,159221.0510878358,3602.0618044152525,243.50147310229642,0.19436579909187135,7000,9300,11000,11000,13000,14000,15000,17000,62000,135000,159000
