Type,Name,Request Count,Failure Count,Median Response Time,Average Response Time,Min Response Time,Max Response Time,Average Content Size,Requests/s,Failures/s,50%,66%,75%,80%,90%,95%,98%,99%,99.9%,99.99%,100%
POST,compose_post,1730,0,700.0,729.565183617137,59.17205708101392,1889.1276100184768,25.0,9.768943025336547,0.0,700,800,890,900,1100,1200,1500,1600,1800,1900,1900
GET,index,50,0,59,57.688929536379874,32.470314064994454,74.39371920190752,2583.0,0.282339393795854,0.0,59,61,63,70,72,72,74,74,74,74,74
GET,read_home_timeline,10235,0,700.0,729.1455527521628,12.83458387479186,2007.509637158364,3441.5383488031266,57.79487391001131,0.0,700,800,890,900,1000,1200,1400,1500,1900,2000,2000
GET,read_user_timeline,5005,0,14,20.570889896537352,2.7761368546634912,282.4342038948089,19.157042957042957,28.262173318964983,0.0,14,19,23,26,42,63,89,100,260,280,280
,Aggregated,17020,0,590.0,518.8480758216816,2.7761368546634912,2007.509637158364,2085.3364277320798,96.1083296481087,0.0,590,700,800,860,980,1100,1300,1500,1800,2000,2000
