Type,Name,Request Count,Failure Count,Median Response Time,Average Response Time,Min Response Time,Max Response Time,Average Content Size,Requests/s,Failures/s,50%,66%,75%,80%,90%,95%,98%,99%,99.9%,99.99%,100%
POST,compose_post,3983,8,8500.0,8401.446978988713,58.72628604993224,153714.4622078631,25.172231985940247,22.416965514246538,0.04502528850463779,8500,10000,11000,12000,14000,15000,17000,18000,22000,154000,154000
GET,index,1931,0,420.0,3435.436996536552,65.02228416502476,154171.79307504557,2583.0,10.867979012806945,0.0,420,690,1000,1600,5800,7800,47000,80000,139000,154000,154000
GET,read_home_timeline,23979,28,7500.0,7387.839119986601,25.32911696471274,159113.65328193642,6095.11026314692,134.95767413158867,0.15758850976623223,7500,9100,10000,11000,12000,14000,15000,16000,23000,154000,159000
GET,read_user_timeline,11748,21,7700.0,7367.829667402238,3.1902240589261055,154762.39817286842,55.34244126659857,66.11963616906058,0.11819138232467419,7700,9600,11000,11000,13000,14000,16000,16000,20000,147000,155000
,Aggregated,41641,57,7400.0,7295.863436238916,3.1902240589261055,159113.65328193642,3647.675271967532,234.36225482770274,0.3208051805955442,7400,9200,10000,11000,13000,14000,16000,17000,76000,154000,159000
