Type,Name,Request Count,Failure Count,Median Response Time,Average Response Time,Min Response Time,Max Response Time,Average Content Size,Requests/s,Failures/s,50%,66%,75%,80%,90%,95%,98%,99%,99.9%,99.99%,100%
POST,compose_post,4050,17,8900.0,8704.552910143095,22.53799419850111,145995.35536696203,25.334074074074074,22.530197922071498,0.09457120115437419,8900,11000,12000,12000,14000,15000,17000,18000,26000,146000,146000
GET,index,2000,16,400.0,1898.793594833929,68.49762797355652,44093.22899510153,2563.096,11.126023665220492,0.08900818932176394,400,910,2200,2700,6700,8200,11000,11000,38000,44000,44000
GET,read_home_timeline,24841,41,7700.0,7608.78133196082,2.6544698048382998,154070.24236605503,6115.239080552313,138.19077693387112,0.2280834851370201,7700,9500,10000,11000,12000,13000,15000,17000,73000,141000,154000
GET,read_user_timeline,12391,26,7800.0,7806.468912394792,29.553062049672008,133864.64371811599,69.73343555806633,68.93127961787356,0.1446383076478664,7800,9900,11000,12000,13000,14000,16000,18000,42000,128000,134000
,Aggregated,43282,100,7600.0,7504.059882548748,2.6544698048382998,154070.24236605503,3650.5132849683473,240.77827813903667,0.5563011832610246,7600,9500,11000,11000,13000,14000,15000,17000,60000,138000,154000
