Type,Name,Request Count,Failure Count,Median Response Time,Average Response Time,Min Response Time,Max Response Time,Average Content Size,Requests/s,Failures/s,50%,66%,75%,80%,90%,95%,98%,99%,99.9%,99.99%,100%
POST,compose_post,5259,0,710.0,773.5320903017906,45.746046118438244,2382.8573010396212,25.0,8.798087265931754,0.0,710,860,930,1000,1200,1400,1600,1800,2100,2400,2400
GET,index,50,0,61,65.76581192668527,38.81865297444165,91.41256706789136,2583.0,0.08364791087594366,0.0,61,77,79,81,87,89,91,91,91,91,91
GET,read_home_timeline,31780,0,740.0,791.2501164766587,8.2713239826262,2415.007591014728,7003.378791692889,53.166612152749785,0.0,740,870,960,1000,1200,1400,1600,1800,2200,2400,2400
GET,read_user_timeline,15866,0,20,39.33533963785301,2.918204991146922,399.07217980362475,88.23295096432624,26.543155079154438,0.0,20,39,63,75,96,110,170,190,280,400,400
,Aggregated,52955,0,600.0,563.5221745598326,2.918204991146922,2415.007591014728,4234.310395618922,88.59150240871192,0.0,600,760,850,900,1100,1300,1500,1700,2100,2300,2400
