Type,Name,Request Count,Failure Count,Median Response Time,Average Response Time,Min Response Time,Max Response Time,Average Content Size,Requests/s,Failures/s,50%,66%,75%,80%,90%,95%,98%,99%,99.9%,99.99%,100%
POST,compose_post,10187,83,12000.0,11838.495340836553,6.84549892321229,362157.79347601347,25.702954746245215,17.02526044384524,0.13871567849603955,12000,14000,15000,16000,18000,19000,22000,25000,36000,338000,362000
GET,index,2000,0,220.0,15078.503010119895,45.58293707668781,493507.21180904657,2583.0,3.3425464697840854,0.0,220,500,950,1000,14000,114000,236000,391000,486000,494000,494000
GET,read_home_timeline,61153,510,11000.0,11096.874343859688,5.384488962590694,525392.0660000294,8534.023531143199,102.20337213335308,0.8523493497949418,11000,13000,14000,15000,17000,19000,21000,24000,35000,366000,525000
GET,read_user_timeline,30817,183,11000.0,10794.16524062538,5.936603993177414,515667.8607328795,280.4620826167375,51.50362727966808,0.30584300198524383,11000,13000,14000,15000,17000,19000,21000,23000,31000,344000,516000
,Aggregated,104157,776,11000.0,11156.29967287598,5.384488962590694,525392.0660000294,5145.616492410496,174.0748063266505,1.2969080302762253,11000,13000,14000,15000,17000,19000,21000,24000,142000,467000,525000
