Type,Name,Request Count,Failure Count,Median Response Time,Average Response Time,Min Response Time,Max Response Time,Average Content Size,Requests/s,Failures/s,50%,66%,75%,80%,90%,95%,98%,99%,99.9%,99.99%,100%
POST,compose_post,10756,534,11000.0,11398.3411502575,8.722389815375209,218142.5111941062,28.928319077724062,17.960927421718715,0.891700933729806,11000,13000,15000,16000,18000,20000,23000,25000,52000,198000,218000
GET,index,2000,0,880.0,4112.63849897508,51.44215398468077,41304.101383080706,2583.0,3.3397038716472136,0.0,880,5000,6400,7400,10000,12000,30000,31000,36000,41000,41000
GET,read_home_timeline,64480,3117,11000.0,10539.68173535285,5.972974002361298,257340.7448490616,8238.129776674938,107.67205282190616,5.204928483962182,11000,13000,14000,15000,17000,19000,21000,22000,109000,242000,257000
GET,read_user_timeline,32646,1157,10000.0,10343.355499393843,6.167117040604353,265554.7405909747,271.6516571708632,54.513986296897464,1.932018689747913,10000,12000,14000,15000,17000,19000,22000,26000,155000,250000,266000
,Aggregated,109882,4808,10000.0,10448.42373035517,5.972974002361298,265554.7405909747,4964.781319961413,183.48667041216956,8.028648107439901,10000,13000,14000,15000,17000,19000,21000,24000,116000,244000,266000
