Type,Name,Request Count,Failure Count,Median Response Time,Average Response Time,Min Response Time,Max Response Time,Average Content Size,Requests/s,Failures/s,50%,66%,75%,80%,90%,95%,98%,99%,99.9%,99.99%,100%
POST,compose_post,5170,0,710.0,786.4224327657447,67.86812492646277,2395.3916439786553,25.0,8.651132789043126,0.0,710,870,970,1000,1200,1400,1600,1700,2100,2400,2400
GET,index,50,0,63,59.69182519707829,38.12963585369289,79.15065786801279,2583.0,0.08366666140273817,0.0,64,68,69,71,74,76,79,79,79,79,79
GET,read_home_timeline,31404,0,760.0,801.7248959775882,7.1971488650888205,2592.4883750267327,7010.841294102662,52.54935669383178,0.0,760,880,970,1000,1200,1400,1600,1700,2200,2500,2600
GET,read_user_timeline,15671,0,20,38.06358144723939,2.985921921208501,359.40313595347106,83.21147342224491,26.222805016846195,0.0,20,36,57,70,97,110,160,190,270,360,360
,Aggregated,52295,0,600.0,570.6597492455955,2.985921921208501,2592.4883750267327,4240.001281193231,87.50696116112384,0.0,600,770,860,910,1100,1300,1500,1600,2100,2400,2600
