Type,Name,Request Count,Failure Count,Median Response Time,Average Response Time,Min Response Time,Max Response Time,Average Content Size,Requests/s,Failures/s,50%,66%,75%,80%,90%,95%,98%,99%,99.9%,99.99%,100%
POST,compose_post,9356,166,13000.0,12766.622740474146,66.89116195775568,361378.82608012296,26.551731509191963,15.631674086667632,0.27734693227734364,13000,15000,16000,17000,19000,22000,26000,28000,40000,361000,361000
GET,index,2000,0,400.0,12630.610739996424,43.305212864652276,345415.6210948713,2583.0,3.3415293045463086,0.0,400,740,1600,2900,8100,101000,206000,275000,342000,345000,345000
GET,read_home_timeline,56826,813,12000.0,11857.539336250176,7.003786973655224,384662.0266509708,8244.87530355823,94.94287213007428,1.3583316622980746,12000,14000,15000,16000,18000,20000,23000,25000,36000,307000,385000
GET,read_user_timeline,28641,355,12000.0,11922.382792655795,3.691362915560603,381575.97344508395,237.42952410879508,47.852370405755416,0.5931214515569698,12000,14000,16000,17000,19000,21000,24000,26000,38000,275000,382000
,Aggregated,96823,1334,12000.0,11980.533961208383,3.691362915560603,384662.0266509708,4965.121107588073,161.76844592704362,2.228800046132388,12000,14000,16000,16000,18000,21000,24000,26000,127000,342000,385000
