Type,Name,Request Count,Failure Count,Median Response Time,Average Response Time,Min Response Time,Max Response Time,Average Content Size,Requests/s,Failures/s,50%,66%,75%,80%,90%,95%,98%,99%,99.9%,99.99%,100%
POST,compose_post,1680,0,700.0,763.4403124619331,36.598130012862384,2016.846908023581,25.0,9.508169091292965,0.0,700,810,900,980,1200,1300,1600,1800,2000,2000,2000
GET,index,50,0,50,51.11145473551005,28.659258037805557,68.37367301341146,2583.0,0.2829812229551477,0.0,51,58,62,64,66,67,68,68,68,68,68
GET,read_home_timeline,9821,0,710.0,755.95813323361,16.24309702310711,2302.4445340270177,3317.317584767335,55.58317181285012,0.0,710,810,900,980,1100,1300,1500,1700,2000,2300,2300
GET,read_user_timeline,4846,0,11,16.15238854249542,2.8874060371890664,189.21353993937373,20.28848534874123,27.42654012881292,0.0,11,14,16,18,24,78,93,100,180,190,190
,Aggregated,16397,0,590.0,535.9318533290871,2.8874060371890664,2302.4445340270177,2003.3447581874734,92.80086225591116,0.0,590,710,810,890,1100,1200,1400,1600,2000,2300,2300
