Type,Name,Request Count,Failure Count,Median Response Time,Average Response Time,Min Response Time,Max Response Time,Average Content Size,Requests/s,Failures/s,50%,66%,75%,80%,90%,95%,98%,99%,99.9%,99.99%,100%
POST,compose_post,1925,0,600.0,645.4768044736793,33.618055982515216,2076.756352907978,25.0,10.878817746226774,0.0,600,700,790,880,1000,1200,1400,1600,2000,2100,2100
GET,index,50,0,58,57.75572032434866,36.54283902142197,76.37503207661211,2583.0,0.282566694707189,0.0,58,61,64,67,69,71,76,76,76,76,76
GET,read_home_timeline,11665,0,610.0,637.5031978893004,6.273014936596155,2044.8877869639546,3981.7022717531077,65.92280987518718,0.0,610,710,800,820,990,1100,1300,1400,1900,2000,2000
GET,read_user_timeline,5794,0,13,23.528385081694616,3.0643970239907503,210.9603980788961,22.179150845702452,32.74382858266905,0.0,13,18,23,30,73,88,98,110,180,210,210
,Aggregated,19434,0,500.0,453.752644909441,3.0643970239907503,2076.756352907978,2405.6981578676546,109.82802289879021,0.0,500,610,700,780,900,1100,1300,1400,1800,2000,2100
