Type,Name,Request Count,Failure Count,Median Response Time,Average Response Time,Min Response Time,Max Response Time,Average Content Size,Requests/s,Failures/s,50%,66%,75%,80%,90%,95%,98%,99%,99.9%,99.99%,100%
POST,compose_post,1911,0,600.0,642.2638638455066,27.350128977559507,1691.658635972999,25.0,10.788656571914798,0.0,600,700,790,870,1000,1200,1300,1400,1700,1700,1700
GET,index,50,0,61,59.678115744609386,37.85638406407088,71.40988693572581,2583.0,0.2822777752986603,0.0,62,64,66,67,69,70,71,71,71,71,71
GET,read_home_timeline,11775,0,600.0,635.3484434612795,16.01808296982199,1906.8190089892596,3729.060127388535,66.4764160828345,0.0,600,710,800,820,990,1100,1300,1400,1800,1900,1900
GET,read_user_timeline,5735,0,11,20.38867770383214,2.836570027284324,276.4826309867203,19.055972101133392,32.377260826756334,0.0,11,14,18,22,65,81,93,100,210,280,280
,Aggregated,19471,0,500.0,453.4182701445249,2.836570027284324,1906.8190089892596,2269.8317497817266,109.9246112568043,0.0,500,610,700,780,900,1100,1200,1300,1700,1900,1900
