Type,Name,Request Count,Failure Count,Median Response Time,Average Response Time,Min Response Time,Max Response Time,Average Content Size,Requests/s,Failures/s,50%,66%,75%,80%,90%,95%,98%,99%,99.9%,99.99%,100%
POST,compose_post,1670,0,720.0,777.3867989943953,36.18183208163828,2404.31897691451,25.0,9.443236679304713,0.0,720,810,900,990,1100,1300,1500,1600,2000,2400,2400
GET,index,50,0,55,56.608904821332544,40.244993986561894,81.22809103224427,2583.0,0.28273163710493154,0.0,56,59,67,67,70,76,81,81,81,81,81
GET,read_home_timeline,9559,0,710.0,772.9059811653254,32.01655996963382,2092.1320089837536,3353.982424939847,54.05263438172081,0.0,710,820,910,990,1100,1200,1400,1500,1800,2100,2100
GET,read_user_timeline,4908,0,11,26.479187654449923,2.9746999498456717,359.63390895631164,16.643846780766097,27.752937498220078,0.0,11,15,20,32,87,98,110,180,210,360,360
,Aggregated,16187,0,600.0,544.8344057903942,2.9746999498456717,2404.31897691451,1996.2504478902824,91.53154019635053,0.0,600,720,810,890,1100,1200,1300,1500,1800,2100,2400
