Type,Name,Request Count,Failure Count,Median Response Time,Average Response Time,Min Response Time,Max Response Time,Average Content Size,Requests/s,Failures/s,50%,66%,75%,80%,90%,95%,98%,99%,99.9%,99.99%,100%
POST,compose_post,1944,0,670.0,644.3113818945059,29.29311105981469,2147.739009000361,25.0,10.976523484610745,0.0,670,780,850,890,1000,1200,1400,1500,2000,2100,2100
GET,index,50,0,59,56.23709112405777,30.616873991675675,72.68526591360569,2583.0,0.28231799085932985,0.0,59,65,66,66,70,72,73,73,73,73,73
GET,read_home_timeline,11529,0,630.0,646.8311349860879,9.27012600004673,2240.126737044193,3851.6474976147106,65.09688233234428,0.0,630,780,810,890,1000,1200,1300,1500,1900,2100,2200
GET,read_user_timeline,5969,0,11,18.761419860843816,2.7018480468541384,180.8609269792214,18.76428212430893,33.7031217487868,0.0,11,15,20,24,46,74,91,99,120,180,180
,Aggregated,19492,0,520.0,452.73221072045516,2.7018480468541384,2240.126737044193,2293.0124153498873,110.05884555660116,0.0,520,660,740,800,940,1100,1300,1400,1900,2100,2200
