Type,Name,Request Count,Failure Count,Median Response Time,Average Response Time,Min Response Time,Max Response Time,Average Content Size,Requests/s,Failures/s,50%,66%,75%,80%,90%,95%,98%,99%,99.9%,99.99%,100%
POST,compose_post,2041,0,590.0,585.7960339192992,32.23753301426768,2131.454177084379,25.0,11.526501889593352,0.0,590,690,780,800,960,1100,1200,1400,2000,2100,2100
GET,index,50,0,58,57.059437087737024,32.39618299994618,76.18689502123743,2583.0,0.282373882645599,0.0,59,62,66,70,73,73,76,76,76,76,76
GET,read_home_timeline,12718,0,600.0,588.8556432944681,9.78843995835632,2303.4322450403124,4014.225743041359,71.82462078973457,0.0,600,700,780,810,970,1100,1300,1400,2000,2200,2300
GET,read_user_timeline,6446,0,13,20.947920005626802,3.1056550797075033,206.20332099497318,26.272572137759852,36.40364095067062,0.0,13,19,25,30,46,68,94,100,180,210,210
,Aggregated,21255,0,470.0,415.08158272684165,3.1056550797075033,2303.4322450403124,2418.369842390026,120.03713751264414,0.0,470,600,690,720,890,1000,1200,1300,2000,2200,2300
