Type,Name,Request Count,Failure Count,Median Response Time,Average Response Time,Min Response Time,Max Response Time,Average Content Size,Requests/s,Failures/s,50%,66%,75%,80%,90%,95%,98%,99%,99.9%,99.99%,100%
POST,compose_post,1811,0,680.0,690.9938686121561,38.771898951381445,2576.4767880318686,25.0,10.223644635096331,0.0,680,780,860,900,1100,1200,1300,1500,2500,2600,2600
GET,index,50,0,63,59.71233658492565,31.8727899575606,78.77911499235779,2583.0,0.2822651749060279,0.0,63,68,71,73,75,75,79,79,79,79,79
GET,read_home_timeline,11187,0,640.0,668.7321614073124,16.770082991570234,2503.8982710102573,3520.873871457942,63.154010233474686,0.0,640,730,810,880,1000,1100,1300,1400,1800,2500,2500
GET,read_user_timeline,5547,0,11,17.463931712237653,2.7245800010859966,173.9062740234658,19.87001983053903,31.314498504074738,0.0,11,16,20,24,43,60,74,83,110,170,170
,Aggregated,18595,0,510.0,474.98546016441315,2.7245800010859966,2576.4767880318686,2133.5122344716324,104.97441854755178,0.0,510,670,720,790,940,1100,1300,1400,1800,2500,2600
