Type,Name,Request Count,Failure Count,Median Response Time,Average Response Time,Min Response Time,Max Response Time,Average Content Size,Requests/s,Failures/s,50%,66%,75%,80%,90%,95%,98%,99%,99.9%,99.99%,100%
POST,compose_post,1701,0,700.0,726.6448755114958,42.11470496375114,2012.8925730241463,25.0,9.62479020701589,0.0,700,800,890,940,1100,1200,1400,1600,1900,2000,2000
GET,index,50,0,57,53.269209219142795,25.801136041991413,69.03821497689933,2583.0,0.28291564394520546,0.0,57,60,64,64,66,66,69,69,69,69,69
GET,read_home_timeline,10273,0,700.0,727.8643881308044,11.640895972959697,2290.7551039243117,3213.5146500535384,58.127848204981916,0.0,700,800,900,930,1100,1200,1400,1600,1900,2000,2300
GET,read_user_timeline,5167,0,11,18.51202427381291,2.714251051656902,185.89983799029142,15.014708728469131,29.236502645297534,0.0,11,14,17,19,57,78,89,97,170,190,190
,Aggregated,17191,0,590.0,512.5757013784284,2.714251051656902,2290.7551039243117,1934.8317142690944,97.27205670124054,0.0,590,700,800,880,1000,1200,1300,1500,1900,2000,2300
