Type,Name,Request Count,Failure Count,Median Response Time,Average Response Time,Min Response Time,Max Response Time,Average Content Size,Requests/s,Failures/s,50%,66%,75%,80%,90%,95%,98%,99%,99.9%,99.99%,100%
POST,compose_post,1709,0,760.0,788.6044095715697,187.12199002038687,3171.49552796036,25.0,9.645955759489459,0.0,760,850,900,990,1200,1400,1600,1700,3000,3200,3200
GET,index,50,0,62,65.56466291891411,38.9294569613412,84.39109695609659,2583.0,0.28221052543854475,0.0,63,72,77,77,81,82,84,84,84,84,84
GET,read_home_timeline,9627,0,710.0,763.9030754771452,60.19006494898349,3001.3401809846982,3341.2045289290536,54.3368145679374,0.0,710,810,900,920,1100,1200,1500,1600,2800,3000,3000
GET,read_user_timeline,4940,0,12,22.37376629665724,2.9448550194501877,291.6229449911043,16.73400809716599,27.882399913328218,0.0,12,16,20,23,72,90,100,150,210,290,290
,Aggregated,16326,0,600.0,539.9745487092821,2.9448550194501877,3171.49552796036,1985.8089550410389,92.14738076619362,0.0,600,720,800,880,1000,1200,1400,1600,2800,3000,3200
