Type,Name,Request Count,Failure Count,Median Response Time,Average Response Time,Min Response Time,Max Response Time,Average Content Size,Requests/s,Failures/s,50%,66%,75%,80%,90%,95%,98%,99%,99.9%,99.99%,100%
POST,compose_post,2076,0,600.0,611.3886340637467,32.230621902272105,2241.1929899826646,25.0,11.715265519514555,0.0,600,700,800,870,1100,1200,1400,1600,2100,2200,2200
GET,index,50,0,57,59.4124057632871,30.728164012543857,80.67942410707474,2583.0,0.28215957416942566,0.0,58,69,73,75,78,79,81,81,81,81,81
GET,read_home_timeline,12538,0,600.0,589.8458697265028,3.9021180709823966,2009.5255040796474,3774.8274844472803,70.75433481872518,0.0,600,700,780,830,1000,1100,1300,1500,1900,2000,2000
GET,read_user_timeline,6222,0,18,26.04208994997029,2.6776010636240244,281.2107109930366,27.383960141433622,35.11193740964333,0.0,18,27,34,39,56,78,98,110,190,280,280
,Aggregated,20886,0,470.0,422.7585379155467,2.6776010636240244,2241.1929899826646,2282.879440773724,117.86369732205249,0.0,470,600,690,750,910,1100,1300,1400,1900,2100,2200
