Type,Name,Request Count,Failure Count,Median Response Time,Average Response Time,Min Response Time,Max Response Time,Average Content Size,Requests/s,Failures/s,50%,66%,75%,80%,90%,95%,98%,99%,99.9%,99.99%,100%
POST,compose_post,1905,0,670.0,698.72088317345,79.1518660262227,3492.1653689816594,25.0,10.750876140023864,0.0,670,770,850,900,1100,1200,1400,1500,2200,3500,3500
GET,index,50,0,50,49.696252916473895,26.679427013732493,66.66384998243302,2583.0,0.2821752267722799,0.0,51,53,56,61,63,66,67,67,67,67,67
GET,read_home_timeline,11002,0,630.0,672.3100810424087,17.299130093306303,2308.9908650144935,3854.57471368842,62.08983689897247,0.0,630,730,800,870,1000,1200,1300,1500,1900,2200,2300
GET,read_user_timeline,5538,0,14,17.915612990564657,2.964740968309343,242.4224530113861,17.22300469483568,31.253728117297722,0.0,14,19,22,24,32,44,59,100,220,240,240
,Aggregated,18495,0,500.0,477.40039315823526,2.964740968309343,3492.1653689816594,2307.6608272506082,104.37661638306633,0.0,500,650,710,790,930,1100,1300,1400,1900,2300,3500
