Type,Name,Request Count,Failure Count,Median Response Time,Average Response Time,Min Response Time,Max Response Time,Average Content Size,Requests/s,Failures/s,50%,66%,75%,80%,90%,95%,98%,99%,99.9%,99.99%,100%
POST,compose_post,2254,0,570.0,542.3734218785279,28.104654978960752,2630.2104799542576,25.0,12.761837651901656,0.0,570,680,770,800,980,1100,1300,1500,2200,2600,2600
GET,index,50,0,56,56.80021805688739,26.69976104516536,80.27292601764202,2583.0,0.2830931156144999,0.0,57,65,66,67,75,78,80,80,80,80,80
GET,read_home_timeline,13729,0,580.0,534.6472692966804,3.4125010715797544,2316.2327349418774,4438.8435428654675,77.73170768542938,0.0,580,690,760,800,960,1100,1200,1400,1900,2200,2300
GET,read_user_timeline,6717,0,22,34.70046844090631,2.6500310050323606,214.79906502645463,27.023820157808544,38.03072915165192,0.0,22,35,46,56,88,100,130,170,210,210,210
,Aggregated,22750,0,350.0,386.7518729893958,2.6500310050323606,2630.2104799542576,2694.852835164835,128.80736760459746,0.0,350,590,680,720,890,1000,1200,1300,1900,2300,2600
