Type,Name,Request Count,Failure Count,Median Response Time,Average Response Time,Min Response Time,Max Response Time,Average Content Size,Requests/s,Failures/s,50%,66%,75%,80%,90%,95%,98%,99%,99.9%,99.99%,100%
POST,compose_post,1828,0,680.0,685.5920145186979,38.850049022585154,2350.7534289965406,25.0,10.325940398698245,0.0,680,780,800,890,1100,1200,1400,1600,2300,2400,2400
GET,index,50,0,58,59.05116688227281,27.62868197169155,81.546611036174,2583.0,0.2824381947127529,0.0,66,68,70,71,77,80,82,82,82,82,82
GET,read_home_timeline,10950,0,680.0,679.8694606755593,5.295352078974247,2298.575922031887,3324.8089497716896,61.85396464209288,0.0,680,780,820,900,1000,1200,1400,1500,2100,2200,2300
GET,read_user_timeline,5562,0,13,20.433244494885724,2.6697490829974413,203.14907701686025,18.26591154261057,31.41842477984663,0.0,13,17,22,25,54,76,90,96,180,200,200
,Aggregated,18390,0,520.0,479.3058760827748,2.6697490829974413,2350.7534289965406,1994.7309951060358,103.88076801535051,0.0,520,690,770,800,980,1100,1300,1400,2100,2300,2400
