Type,Name,Request Count,Failure Count,Median Response Time,Average Response Time,Min Response Time,Max Response Time,Average Content Size,Requests/s,Failures/s,50%,66%,75%,80%,90%,95%,98%,99%,99.9%,99.99%,100%
POST,compose_post,1708,0,700.0,737.0350902887286,49.12378906738013,2306.1258820816875,25.0,9.639573633671606,0.0,700,800,890,900,1100,1300,1400,1500,2000,2300,2300
GET,index,50,0,63,60.919722937978804,35.57951399125159,81.59549301490188,2583.0,0.2821889237023304,0.0,63,67,69,71,77,80,82,82,82,82,82
GET,read_home_timeline,10301,0,690.0,723.6754861874914,18.584908917546272,2209.666248993017,3351.789340840695,58.1365620611541,0.0,690,800,890,910,1100,1200,1400,1500,1800,2200,2200
GET,read_user_timeline,4964,0,12,18.69214691906416,2.541317022405565,187.30267195496708,15.669218372280419,28.01571634516736,0.0,12,16,19,21,43,75,89,95,170,190,190
,Aggregated,17023,0,590.0,517.4922705095215,2.541317022405565,2306.1258820816875,2042.9074781178406,96.0740409636954,0.0,590,700,800,870,1000,1100,1300,1400,1800,2200,2300
