Type,Name,Request Count,Failure Count,Median Response Time,Average Response Time,Min Response Time,Max Response Time,Average Content Size,Requests/s,Failures/s,50%,66%,75%,80%,90%,95%,98%,99%,99.9%,99.99%,100%
POST,compose_post,1837,0,670.0,695.2915768630581,48.126800917088985,2000.66008802969,25.0,10.377863857783932,0.0,670,770,860,900,1100,1200,1400,1600,2000,2000,2000
GET,index,50,0,62,60.24566549807787,36.51730506680906,78.84798396844417,2583.0,0.28246771523636177,0.0,62,68,69,72,74,77,79,79,79,79,79
GET,read_home_timeline,10740,0,670.0,691.9632675991505,16.96308807004243,2070.13939099852,3730.678212290503,60.67406523277051,0.0,670,760,810,890,1000,1200,1300,1600,1900,2000,2100
GET,read_user_timeline,5540,0,14,21.804789591741173,2.602481050416827,242.6185649819672,19.654693140794222,31.297422848188884,0.0,14,19,23,27,59,78,93,100,230,240,240
,Aggregated,18167,0,540.0,486.1973324338337,2.602481050416827,2070.13939099852,2221.1397589035064,102.63181965397969,0.0,540,680,720,790,970,1100,1300,1500,1800,2000,2100
