Type,Name,Request Count,Failure Count,Median Response Time,Average Response Time,Min Response Time,Max Response Time,Average Content Size,Requests/s,Failures/s,50%,66%,75%,80%,90%,95%,98%,99%,99.9%,99.99%,100%
POST,compose_post,1816,0,670.0,676.712170931883,35.84020189009607,2099.204662023112,25.0,10.247516168113275,0.0,670,780,860,900,1100,1200,1400,1500,2100,2100,2100
GET,index,50,0,80,74.57264197524637,40.77884298749268,99.87630508840084,2583.0,0.28214526894585007,0.0,81,86,90,93,95,96,100,100,100,100,100
GET,read_home_timeline,11346,0,660.0,657.6627800994231,12.201262870803475,1891.2805758882314,3565.6189846641987,64.0244044291923,0.0,660,770,820,890,1000,1200,1400,1500,1700,1900,1900
GET,read_user_timeline,5699,0,15,20.204225297392025,2.9419269412755966,200.79085789620876,18.581680996666083,32.15891775444799,0.0,15,21,25,29,39,51,71,96,180,200,200
,Aggregated,18911,0,500.0,465.84652940029366,2.9419269412755966,2099.204662023112,2154.0880968748347,106.71298362069942,0.0,500,670,760,800,960,1100,1300,1400,1700,2100,2100
