Type,Name,Request Count,Failure Count,Median Response Time,Average Response Time,Min Response Time,Max Response Time,Average Content Size,Requests/s,Failures/s,50%,66%,75%,80%,90%,95%,98%,99%,99.9%,99.99%,100%
POST,compose_post,4420,25,7700.0,7838.00761534957,51.57233402132988,62879.57016099244,25.436651583710407,24.867712818106884,0.14065448426531044,7700,9300,10000,11000,13000,15000,16000,17000,58000,63000,63000
GET,index,2000,30,510.0,4866.516899122158,51.69999389909208,58714.86009401269,2545.68,11.252358741224834,0.16878538111837252,510,1300,2900,3900,15000,28000,58000,58000,59000,59000,59000
GET,read_home_timeline,26649,130,6600.0,7089.86438381652,23.839060915634036,97583.68338714354,6217.958047206274,149.9320540474503,0.7314033181796142,6600,8300,9500,10000,12000,14000,15000,16000,63000,94000,98000
GET,read_user_timeline,13240,67,6600.0,6584.004101995345,3.79440700635314,101454.65233107097,61.44335347432024,74.4906148669084,0.37695401783103194,6600,8200,9200,10000,12000,14000,15000,16000,61000,90000,101000
,Aggregated,46309,252,6500.0,6920.620996627657,3.79440700635314,101454.65233107097,3708.12723228746,260.5427404736904,1.4177972013943292,6500,8300,9400,10000,12000,14000,16000,18000,62000,91000,101000
