Type,Name,Request Count,Failure Count,Median Response Time,Average Response Time,Min Response Time,Max Response Time,Average Content Size,Requests/s,Failures/s,50%,66%,75%,80%,90%,95%,98%,99%,99.9%,99.99%,100%
POST,compose_post,3783,3,8200.0,8351.413302633895,74.55892115831375,82552.30590910651,25.069785884218874,21.030842291140083,0.016677908240396576,8200,10000,11000,12000,14000,17000,20000,22000,27000,83000,83000
GET,index,1910,0,450.0,4718.120355588623,51.32614588364959,157638.28494306654,2583.0,10.61826824638582,0.0,450,970,2200,3400,9100,20000,57000,97000,155000,158000,158000
GET,read_home_timeline,23315,44,7500.0,7623.835717854185,20.767751848325133,158965.99394711666,5775.081063692902,129.6151435416154,0.24460932085914977,7500,9200,10000,11000,13000,16000,19000,22000,42000,142000,159000
GET,read_user_timeline,11913,18,7500.0,7488.711930861271,3.19921993650496,118000.31857891008,54.33316544950894,66.2279736226148,0.10006744944237946,7500,9700,11000,11000,13000,16000,19000,21000,35000,88000,118000
,Aggregated,40921,65,7400.0,7516.135025956308,3.19921993650496,158965.99394711666,3429.0866547738324,227.4922277017561,0.3613546785419258,7400,9300,10000,11000,13000,16000,20000,22000,84000,152000,159000
