Type,Name,Request Count,Failure Count,Median Response Time,Average Response Time,Min Response Time,Max Response Time,Average Content Size,Requests/s,Failures/s,50%,66%,75%,80%,90%,95%,98%,99%,99.9%,99.99%,100%
POST,compose_post,1756,0,690.0,712.1766288069996,36.966032115742564,2480.9125119354576,25.0,9.918845678088438,0.0,690,800,890,900,1100,1300,1400,1500,2400,2500,2500
GET,index,50,0,64,61.19134621694684,35.21288512274623,76.9839899148792,2583.0,0.2824272687382813,0.0,65,67,69,71,75,76,77,77,77,77,77
GET,read_home_timeline,10600,0,690.0,705.1432613850975,7.848712150007486,2474.1906349081546,3311.454528301887,59.87458097251563,0.0,690,800,890,910,1100,1200,1400,1500,2200,2500,2500
GET,read_user_timeline,5229,0,11,18.20639131763844,3.1900329049676657,285.4024569969624,18.974564926372157,29.536243764649456,0.0,11,15,18,21,36,70,94,100,190,290,290
,Aggregated,17635,0,570.0,500.3323798343013,3.1900329049676657,2480.9125119354576,2005.8795576977602,99.6120976839918,0.0,570,690,790,850,1000,1100,1300,1500,2200,2500,2500
