Type,Name,Request Count,Failure Count,Median Response Time,Average Response Time,Min Response Time,Max Response Time,Average Content Size,Requests/s,Failures/s,50%,66%,75%,80%,90%,95%,98%,99%,99.9%,99.99%,100%
POST,compose_post,1870,0,690.0,685.6959370861358,31.857914989814162,2002.3395139724016,25.0,10.554703733996895,0.0,690,790,880,900,1100,1200,1300,1600,1900,2000,2000
GET,index,50,0,54,54.760937062092125,35.546073922887444,73.206553934142,2583.0,0.28221132978601327,0.0,54,62,65,66,70,72,73,73,73,73,73
GET,read_home_timeline,11247,0,670.0,662.2453706883535,8.360292995348573,2001.7827888950706,3512.1064283809014,63.48061652206582,0.0,670,780,850,900,1000,1100,1300,1400,1700,2000,2000
GET,read_user_timeline,5594,0,11,15.862403878911998,2.9730580281466246,248.2338029658422,20.17679656775116,31.573803576459163,0.0,11,14,18,21,33,46,62,82,230,250,250
,Aggregated,18761,0,500.0,470.23066044639006,2.9730580281466246,2002.3395139724016,2120.858696231544,105.8913351623079,0.0,500,680,770,800,980,1100,1200,1400,1700,2000,2000
