Type,Name,Request Count,Failure Count,Median Response Time,Average Response Time,Min Response Time,Max Response Time,Average Content Size,Requests/s,Failures/s,50%,66%,75%,80%,90%,95%,98%,99%,99.9%,99.99%,100%
POST,compose_post,1891,0,660.0,670.6848146067858,38.53197710122913,2296.92897410132,25.0,10.673966929723086,0.0,660,750,800,880,1000,1100,1300,1500,2300,2300,2300
GET,index,50,0,61,60.898555093444884,35.92349390964955,89.7667839890346,2583.0,0.2822307490672418,0.0,62,69,72,74,84,88,90,90,90,90,90
GET,read_home_timeline,11496,0,610.0,649.2397444773825,9.809319977648556,2332.683712011203,3627.4311064718163,64.89049382554023,0.0,610,710,800,840,990,1100,1300,1400,2000,2300,2300
GET,read_user_timeline,5883,0,11,15.534027898312122,2.9370890697464347,257.0810089819133,21.93302736698963,33.207269935251674,0.0,11,15,18,20,29,39,79,100,220,260,260
,Aggregated,19320,0,500.0,456.8507609116895,2.9370890697464347,2332.683712011203,2174.2445652173915,109.05396143958224,0.0,500,620,700,780,900,1000,1200,1400,1900,2300,2300
