Type,Name,Request Count,Failure Count,Median Response Time,Average Response Time,Min Response Time,Max Response Time,Average Content Size,Requests/s,Failures/s,50%,66%,75%,80%,90%,95%,98%,99%,99.9%,99.99%,100%
POST,compose_post,1745,0,700.0,744.3539353822061,33.637685934081674,2292.9747039452195,25.0,9.849970695805494,0.0,700,870,900,990,1100,1300,1500,1700,2100,2300,2300
GET,index,50,0,60,58.80381094291806,31.68392099905759,77.79167604167014,2583.0,0.2822341173583236,0.0,60,63,65,67,72,73,78,78,78,78,78
GET,read_home_timeline,10107,0,700.0,734.8721452931416,4.241644986905158,2400.9875180199742,3681.1266448995743,57.05080448281153,0.0,700,810,900,930,1100,1300,1500,1700,2100,2400,2400
GET,read_user_timeline,5202,0,10,19.661554880735636,2.664817962795496,341.6207659756765,17.474625144175317,29.363637569959987,0.0,10,14,17,20,63,81,93,100,210,340,340
,Aggregated,17104,0,590.0,516.3394521022256,2.664817962795496,2400.9875180199742,2190.6469246959778,96.54664686593533,0.0,590,710,800,890,1000,1200,1400,1600,2000,2400,2400
