Type,Name,Request Count,Failure Count,Median Response Time,Average Response Time,Min Response Time,Max Response Time,Average Content Size,Requests/s,Failures/s,50%,66%,75%,80%,90%,95%,98%,99%,99.9%,99.99%,100%
POST,compose_post,1684,0,710.0,765.7805910590326,50.736271077767015,3138.6520869564265,25.0,9.503292136525687,0.0,710,800,900,980,1100,1300,1500,1600,3100,3100,3100
GET,index,50,0,62,63.069226196967065,36.24485107138753,80.19214891828597,2583.0,0.2821642558350857,0.0,63,72,75,76,78,79,80,80,80,80,80
GET,read_home_timeline,9851,0,710.0,755.9819755610694,11.3705659750849,3186.2343719694763,3332.929550299462,55.59200168462859,0.0,710,810,900,970,1100,1300,1500,1600,2100,3200,3200
GET,read_user_timeline,4993,0,10,17.484964138550108,2.992030931636691,192.67582707107067,21.731624273983577,28.17692258769166,0.0,10,14,17,19,36,76,90,99,180,190,190
,Aggregated,16578,0,600.0,532.4652457382756,2.992030931636691,3186.2343719694763,1997.3727228857522,93.55438066468102,0.0,600,720,800,890,1000,1200,1400,1500,2900,3200,3200
