Type,Name,Request Count,Failure Count,Median Response Time,Average Response Time,Min Response Time,Max Response Time,Average Content Size,Requests/s,Failures/s,50%,66%,75%,80%,90%,95%,98%,99%,99.9%,99.99%,100%
POST,compose_post,1783,0,690.0,708.7144211048377,31.488846987485886,2258.36114003323,25.0,10.067504576595827,0.0,690,790,880,900,1100,1200,1400,1500,2200,2300,2300
GET,index,50,0,52,49.615513037424535,24.78238905314356,68.44355503562838,2583.0,0.2823192534098662,0.0,52,54,55,56,63,65,68,68,68,68,68
GET,read_home_timeline,10512,0,690.0,708.9126773120636,16.580946976318955,2298.410612042062,3356.20700152207,59.354799836890265,0.0,690,800,890,910,1100,1200,1400,1500,2100,2300,2300
GET,read_user_timeline,5378,0,10,19.270534191610324,2.9916699277237058,272.81823894008994,17.95388620304946,30.366258896765206,0.0,10,14,18,21,62,82,93,100,170,270,270
,Aggregated,17723,0,570.0,497.76254501318436,2.9916699277237058,2298.410612042062,2005.9092140156858,100.07088256366116,0.0,570,700,790,830,1000,1100,1300,1500,2000,2300,2300
