Type,Name,Request Count,Failure Count,Median Response Time,Average Response Time,Min Response Time,Max Response Time,Average Content Size,Requests/s,Failures/s,50%,66%,75%,80%,90%,95%,98%,99%,99.9%,99.99%,100%
POST,compose_post,1521,0,790.0,830.7498217675006,38.394792936742306,4278.221396030858,25.0,8.592929155383727,0.0,790,900,1000,1100,1200,1300,1500,1800,4300,4300,4300
GET,index,50,0,57,55.1455327658914,36.38008504640311,67.96619796659797,2583.0,0.28247630359578324,0.0,57,59,60,61,65,67,68,68,68,68,68
GET,read_home_timeline,8991,0,800.0,831.1325516209647,13.95804900676012,4409.438189002685,3275.8242687131574,50.79488891259375,0.0,800,910,1000,1100,1200,1300,1500,1700,4200,4400,4400
GET,read_user_timeline,4487,0,11,20.352620971024848,2.7726200642064214,194.01145295705646,17.546021840873635,25.34942348468559,0.0,11,15,19,22,68,85,96,100,180,190,190
,Aggregated,15049,0,680.0,586.774053921705,2.7726200642064214,4409.438189002685,1973.4759784703303,85.01971785625885,0.0,680,800,900,980,1100,1200,1400,1600,4200,4400,4400
