Type,Name,Request Count,Failure Count,Median Response Time,Average Response Time,Min Response Time,Max Response Time,Average Content Size,Requests/s,Failures/s,50%,66%,75%,80%,90%,95%,98%,99%,99.9%,99.99%,100%
POST,compose_post,1728,0,680.0,704.4680306832931,47.6341329049319,2717.7873619366437,25.0,9.751500418071235,0.0,680,780,860,890,1000,1200,1300,1500,2600,2700,2700
GET,index,50,0,62,63.062607906758785,39.695790968835354,89.23747087828815,2583.0,0.28216147043030193,0.0,64,70,73,76,82,83,89,89,89,89,89
GET,read_home_timeline,10747,0,690.0,701.8849921793718,11.060246033594012,2788.943644845858,3418.673025030241,60.6477864542891,0.0,690,790,830,890,1000,1200,1300,1400,2700,2800,2800
GET,read_user_timeline,5281,0,11,13.755039884080121,3.1659689266234636,203.10277002863586,16.621094489679987,29.80189450684849,0.0,11,14,17,18,23,30,44,63,120,200,200
,Aggregated,17806,0,570.0,496.25251398380345,3.1659689266234636,2788.943644845858,2077.9852296978547,100.48334284963913,0.0,570,690,780,800,970,1100,1200,1400,2600,2800,2800
