Type,Name,Request Count,Failure Count,Median Response Time,Average Response Time,Min Response Time,Max Response Time,Average Content Size,Requests/s,Failures/s,50%,66%,75%,80%,90%,95%,98%,99%,99.9%,99.99%,100%
POST,compose_post,1578,0,700.0,777.4637080708351,170.72885599918664,2177.831555949524,25.0,8.920056173747476,0.0,700,860,900,990,1200,1300,1500,1500,2200,2200,2200
GET,index,50,0,62,59.724104455672204,26.393044041469693,77.71042711101472,2583.0,0.2826380283189948,0.0,62,67,70,73,73,76,78,78,78,78,78
GET,read_home_timeline,9896,0,700.0,761.0881672322529,10.174814146012068,2185.389088001102,3092.3233629749393,55.93971856489545,0.0,700,810,900,990,1100,1300,1400,1500,2000,2200,2200
GET,read_user_timeline,4894,0,10,12.300499847358983,2.7731109876185656,185.74306392110884,22.04944830404577,27.66461021186321,0.0,10,13,15,17,22,27,35,42,120,190,190
,Aggregated,16418,0,600.0,537.3219080120546,2.7731109876185656,2185.389088001102,1880.7492995492753,92.80702297882513,0.0,600,710,800,890,1100,1200,1400,1500,1900,2200,2200
