Type,Name,Request Count,Failure Count,Median Response Time,Average Response Time,Min Response Time,Max Response Time,Average Content Size,Requests/s,Failures/s,50%,66%,75%,80%,90%,95%,98%,99%,99.9%,99.99%,100%
POST,compose_post,1926,0,670.0,658.7882375860585,33.383104018867016,1855.0757369957864,25.0,10.895395664446545,0.0,670,790,880,900,1100,1200,1400,1500,1800,1900,1900
GET,index,50,0,60,56.64567703846842,31.606311909854412,73.49508092738688,2583.0,0.28285035473641085,0.0,61,65,66,67,69,69,73,73,73,73,73
GET,read_home_timeline,11383,0,680.0,651.229834920659,10.198267991654575,2004.3355550151318,3596.0272335939558,64.39371175929129,0.0,680,790,820,890,1000,1100,1300,1500,1900,2000,2000
GET,read_user_timeline,5625,0,12,21.975142564479675,3.164905938319862,167.76796500198543,21.607644444444446,31.82066490784622,0.0,12,18,23,31,66,80,92,98,160,170,170
,Aggregated,18984,0,500.0,463.9811323888403,3.164905938319862,2004.3355550151318,2171.9564369995787,107.39262268632046,0.0,500,680,780,800,970,1100,1300,1400,1800,2000,2000
