Type,Name,Request Count,Failure Count,Median Response Time,Average Response Time,Min Response Time,Max Response Time,Average Content Size,Requests/s,Failures/s,50%,66%,75%,80%,90%,95%,98%,99%,99.9%,99.99%,100%
POST,compose_post,2043,0,590.0,604.5118032615474,21.557505009695888,2385.338949970901,25.0,11.536975835695264,0.0,590,690,770,800,900,1100,1200,1400,2200,2400,2400
GET,index,50,0,71,67.43379312800243,42.00706991832703,85.23395995143801,2583.0,0.28235378941985473,0.0,72,76,79,80,82,84,85,85,85,85,85
GET,read_home_timeline,12443,0,590.0,600.6655485708435,5.001361016184092,2414.7951930062845,3899.8452141766456,70.26656403502504,0.0,590,690,740,790,900,1000,1200,1400,2000,2200,2400
GET,read_user_timeline,6242,0,11,18.112661034960656,2.7730120345950127,191.12674507778138,17.585869913489265,35.249047071174665,0.0,11,17,22,27,44,59,73,80,110,190,190
,Aggregated,20778,0,490.0,424.75358334618284,2.7730120345950127,2414.7951930062845,2349.3969583213016,117.33494073131483,0.0,490,590,680,710,840,980,1100,1300,1900,2300,2400
