Type,Name,Request Count,Failure Count,Median Response Time,Average Response Time,Min Response Time,Max Response Time,Average Content Size,Requests/s,Failures/s,50%,66%,75%,80%,90%,95%,98%,99%,99.9%,99.99%,100%
POST,compose_post,1733,0,690.0,717.475936537559,63.577712047845125,2075.7414100226015,25.0,9.784271463252958,0.0,690,800,900,990,1200,1300,1500,1600,1900,2100,2100
GET,index,50,0,71,67.65087218489498,29.85770395025611,89.31931597180665,2583.0,0.28229288699518057,0.0,72,76,79,80,85,88,89,89,89,89,89
GET,read_home_timeline,10333,0,680.0,693.902857920661,10.313351871445775,2398.514467990026,3393.11458434143,58.33864802642402,0.0,680,800,900,960,1100,1300,1500,1600,2100,2400,2400
GET,read_user_timeline,5124,0,20,79.46673385340176,2.784803044050932,1206.6894909366965,18.378024980483996,28.929375059266103,0.0,20,77,95,100,200,310,510,610,900,1200,1200
,Aggregated,17240,0,500.0,511.8360856605484,2.784803044050932,2398.514467990026,2049.1703596287703,97.33458743593826,0.0,500,690,800,880,1000,1200,1400,1600,2000,2400,2400
