Type,Name,Request Count,Failure Count,Median Response Time,Average Response Time,Min Response Time,Max Response Time,Average Content Size,Requests/s,Failures/s,50%,66%,75%,80%,90%,95%,98%,99%,99.9%,99.99%,100%
POST,compose_post,1828,0,670.0,682.4732733098433,36.70511406380683,2729.112526983954,25.0,10.317144405881923,0.0,670,770,810,890,1100,1200,1400,1500,2600,2700,2700
GET,index,50,0,53,54.673380865715444,38.50367804989219,71.69054297264665,2583.0,0.282197604099615,0.0,54,63,65,67,69,70,72,72,72,72,72
GET,read_home_timeline,11060,0,630.0,674.3926750888537,9.517211001366377,2690.1758769527078,3539.331103074141,62.42211002683483,0.0,630,730,800,890,1000,1200,1300,1500,2100,2600,2700
GET,read_user_timeline,5540,0,12,20.204359566160758,2.8150000143796206,175.01867900136858,23.751083032490975,31.26749453423734,0.0,12,16,19,22,61,81,91,97,160,180,180
,Aggregated,18478,0,510.0,477.3790427066189,2.8150000143796206,2729.112526983954,2135.0488689252084,104.28894657105371,0.0,510,670,710,790,970,1100,1300,1400,2100,2700,2700
