Type,Name,Request Count,Failure Count,Median Response Time,Average Response Time,Min Response Time,Max Response Time,Average Content Size,Requests/s,Failures/s,50%,66%,75%,80%,90%,95%,98%,99%,99.9%,99.99%,100%
POST,compose_post,1788,0,690.0,705.6830991089492,38.08924194891006,2493.4785119257867,25.0,10.108697348721337,0.0,690,800,890,910,1100,1300,1500,1600,2100,2500,2500
GET,index,50,0,69,68.7657419545576,45.99238408263773,87.35108911059797,2583.0,0.2826816931969054,0.0,70,73,83,84,86,87,87,87,87,87,87
GET,read_home_timeline,10698,0,700.0,694.7434644903116,8.990954025648534,2207.930280943401,3581.8223032342494,60.48257507640988,0.0,700,800,890,910,1100,1200,1400,1500,1900,2100,2200
GET,read_user_timeline,5195,0,12,22.258251023284295,2.6186610339209437,195.64818404614925,19.165158806544756,29.370627923158473,0.0,12,17,23,29,65,82,96,110,180,200,200
,Aggregated,17731,0,580.0,497.05018698820317,2.6186610339209437,2493.4785119257867,2176.5127742372115,100.2445820414866,0.0,580,700,790,820,1000,1100,1300,1500,1900,2200,2500
