Type,Name,Request Count,Failure Count,Median Response Time,Average Response Time,Min Response Time,Max Response Time,Average Content Size,Requests/s,Failures/s,50%,66%,75%,80%,90%,95%,98%,99%,99.9%,99.99%,100%
POST,compose_post,1732,0,690.0,727.0072716933258,37.504534935578704,2543.525535147637,25.0,9.797466814248134,0.0,690,800,890,960,1100,1300,1500,1600,2400,2500,2500
GET,index,50,0,67,64.27100731059909,31.312830979004502,82.59339816868305,2583.0,0.28283680179700155,0.0,68,73,74,75,79,82,83,83,83,83,83
GET,read_home_timeline,10349,0,690.0,714.2138594598786,4.287111107259989,2497.406539041549,3421.2886269204755,58.541561235943384,0.0,690,800,900,940,1100,1200,1500,1600,2300,2500,2500
GET,read_user_timeline,5254,0,19,29.78968314420918,2.611869014799595,283.96011400036514,21.22915873620099,29.720491132828926,0.0,19,28,37,46,75,91,100,120,190,280,280
,Aggregated,17385,0,530.0,506.7762077496882,2.611869014799595,2543.525535147637,2052.9711820534944,98.34235598481744,0.0,530,690,790,860,1000,1200,1400,1500,2300,2500,2500
