Type,Name,Request Count,Failure Count,Median Response Time,Average Response Time,Min Response Time,Max Response Time,Average Content Size,Requests/s,Failures/s,50%,66%,75%,80%,90%,95%,98%,99%,99.9%,99.99%,100%
POST,compose_post,4334,37,7200.0,8029.086322556648,16.30371017381549,139569.2371930927,25.61859713890171,24.10499703014978,0.20578793034507195,7200,9700,11000,13000,16000,17000,18000,20000,74000,140000,140000
GET,index,2000,3,1300.0,2392.3530546124093,59.755772119387984,8899.925645906478,2579.268,11.123671910544429,0.016685507865816646,1300,3400,4300,5100,6300,7100,7900,8000,8900,8900,8900
GET,read_home_timeline,26170,196,6000.0,7068.298594424552,11.693913023918867,151271.51252515614,6147.85047764616,145.55324694947387,1.0901198472333542,6000,8500,10000,12000,14000,16000,17000,18000,87000,144000,151000
GET,read_user_timeline,12878,85,6500.0,7527.350827977996,4.306488903239369,142274.25837609917,61.97577263550241,71.62532343199558,0.47275605619813826,6500,9400,11000,12000,15000,17000,18000,20000,99000,135000,142000
,Aggregated,45382,321,6000.0,7084.248477589674,4.306488903239369,151271.51252515614,3678.9241990216387,252.40723932216366,1.785349341642381,6000,8600,11000,12000,15000,16000,17000,19000,90000,141000,151000
