Type,Name,Request Count,Failure Count,Median Response Time,Average Response Time,Min Response Time,Max Response Time,Average Content Size,Requests/s,Failures/s,50%,66%,75%,80%,90%,95%,98%,99%,99.9%,99.99%,100%
POST,compose_post,4027,21,8400.0,8749.140580521485,6.2684169970452785,155705.6339699775,25.432580084430096,22.399718337284092,0.11681005341022248,8400,9900,11000,12000,15000,17000,20000,22000,49000,156000,156000
GET,index,2000,0,440.0,2840.5795487993164,48.90715703368187,140651.0124548804,2583.0,11.12476699144976,0.0,440,1000,1500,1700,9800,13000,15000,37000,135000,141000,141000
GET,read_home_timeline,24341,83,7700.0,7786.59436278754,11.056176153942943,98060.85257907398,6090.704120619531,135.3939766694393,0.46167783014516506,7700,9200,10000,11000,14000,16000,18000,19000,28000,89000,98000
GET,read_user_timeline,12084,38,7400.0,7489.629303570003,3.046585014089942,159892.6608460024,58.88886130420391,67.21584216233946,0.21137057283754546,7400,9200,10000,11000,14000,16000,18000,19000,42000,101000,160000
,Aggregated,42452,142,7500.0,7560.353389812255,3.046585014089942,159892.6608460024,3633.135282201074,236.1343041605126,0.789858456392933,7500,9200,10000,11000,14000,16000,18000,20000,46000,135000,160000
