Type,Name,Request Count,Failure Count,Median Response Time,Average Response Time,Min Response Time,Max Response Time,Average Content Size,Requests/s,Failures/s,50%,66%,75%,80%,90%,95%,98%,99%,99.9%,99.99%,100%
POST,compose_post,4176,3,6500.0,8098.646021275148,631.4300450030714,89086.11632487737,25.063218390804597,23.22895553955954,0.016687468060028406,6500,8700,11000,13000,15000,17000,19000,21000,56000,89000,89000
GET,index,1954,0,210.0,7218.323886059792,50.56054098531604,161911.90186492167,2583.0,10.869104196431834,0.0,210,320,910,1400,19000,66000,103000,104000,154000,162000,162000
GET,read_home_timeline,25159,35,5500.0,7076.1023524476395,156.0699511319399,105975.35448800772,6211.53555387734,139.94666964075154,0.19468712736699806,5500,7900,10000,11000,14000,16000,17000,18000,51000,93000,106000
GET,read_user_timeline,12430,9,5700.0,6974.811803612498,4.714131820946932,112385.42669499293,67.24199517296863,69.14174266205103,0.050062404180085215,5700,7400,9500,11000,15000,16000,18000,19000,64000,112000,112000
,Aggregated,43719,47,5500.0,7151.33284069494,4.714131820946932,161911.90186492167,3711.5141471671354,243.18647203879397,0.2614369996071117,5500,7600,9900,11000,14000,16000,18000,20000,103000,135000,162000
