Type,Name,Request Count,Failure Count,Median Response Time,Average Response Time,Min Response Time,Max Response Time,Average Content Size,Requests/s,Failures/s,50%,66%,75%,80%,90%,95%,98%,99%,99.9%,99.99%,100%
POST,compose_post,4057,13,9400.0,8700.552353159153,56.670782156288624,109466.55402006581,25.246734039930985,22.561890684830693,0.07229592775518832,9400,11000,12000,12000,13000,14000,17000,21000,70000,109000,109000
GET,index,2000,24,340.0,3262.583334547002,52.50582890585065,20139.572145882994,2553.144,11.122450423875126,0.1334694050865015,340,770,1900,4700,16000,17000,18000,18000,20000,20000,20000
GET,read_home_timeline,24568,57,8600.0,7817.587738070754,55.7043778244406,136741.88140709884,6098.966541843048,136.62818100688204,0.3169898370804411,8600,9900,11000,11000,12000,13000,14000,17000,60000,128000,137000
GET,read_user_timeline,12207,29,8500.0,7505.13771207165,3.69331706315279,116377.16355803423,57.571557303186694,67.88587616212183,0.16127553114618934,8500,10000,11000,11000,13000,13000,16000,18000,39000,106000,116000
,Aggregated,42832,123,8500.0,7599.482143398423,3.69331706315279,136741.88140709884,3636.3209749719836,238.19839827770969,0.6840307010683202,8500,9900,11000,11000,12000,13000,16000,18000,52000,124000,137000
