Type,Name,Request Count,Failure Count,Median Response Time,Average Response Time,Min Response Time,Max Response Time,Average Content Size,Requests/s,Failures/s,50%,66%,75%,80%,90%,95%,98%,99%,99.9%,99.99%,100%
POST,compose_post,4056,18,8800.0,8674.703470436687,10.15420607291162,118244.32670511305,25.31508875739645,22.560931865037574,0.10012247869099515,8800,10000,11000,12000,13000,14000,15000,17000,35000,118000,118000
GET,index,2000,1,200.0,2174.9340504994616,50.68501294590533,37502.12242291309,2581.756,11.124719854555016,0.005562359927277508,200,320,510,740,3100,20000,21000,21000,35000,38000,38000
GET,read_home_timeline,24552,125,8000.0,7894.940181598304,4.997302079573274,134975.31701507978,6092.875244379276,136.56706093451737,0.6952949909096885,8000,9500,10000,11000,12000,14000,15000,18000,59000,126000,135000
GET,read_user_timeline,12290,66,7300.0,7294.912474200336,17.802709946408868,136858.89202100225,67.51285598047193,68.36140350624058,0.36711575520031553,7300,9100,10000,11000,12000,14000,15000,18000,67000,133000,137000
,Aggregated,42898,210,7700.0,7530.083244524505,4.997302079573274,136858.89202100225,3629.264674343792,238.61411616035053,1.1680955847282768,7700,9300,10000,11000,12000,14000,15000,19000,59000,129000,137000
