Type,Name,Request Count,Failure Count,Median Response Time,Average Response Time,Min Response Time,Max Response Time,Average Content Size,Requests/s,Failures/s,50%,66%,75%,80%,90%,95%,98%,99%,99.9%,99.99%,100%
POST,compose_post,4059,45,8900.0,8551.737213653501,2.180851064622402,106264.9183650501,25.798472530179847,22.576468461385506,0.25029344192223396,8900,10000,11000,12000,13000,14000,17000,19000,49000,106000,106000
GET,index,2000,28,350.0,575.6593542415649,38.577717961743474,3025.3335798624903,2548.168,11.12415297432151,0.15573814164050115,350,570,720,890,1200,2100,2600,3000,3000,3000,3000
GET,read_home_timeline,25442,251,8400.0,7951.210274404441,1.848537940531969,151034.92833697237,5952.872848046537,141.51034998634393,1.3960811982773496,8400,9600,10000,11000,12000,13000,15000,16000,52000,142000,151000
GET,read_user_timeline,12377,90,7600.0,6895.981003778064,7.847510045394301,123359.87167502753,68.16150925103014,68.84182068158867,0.5005868838444679,7600,9300,10000,10000,12000,13000,14000,15000,63000,119000,123000
,Aggregated,43878,414,8000.0,7372.921936821592,1.848537940531969,151034.92833697237,3589.4452345138793,244.0527921036396,2.3026996656845524,8000,9400,10000,11000,12000,13000,14000,16000,52000,136000,151000
