Type,Name,Request Count,Failure Count,Median Response Time,Average Response Time,Min Response Time,Max Response Time,Average Content Size,Requests/s,Failures/s,50%,66%,75%,80%,90%,95%,98%,99%,99.9%,99.99%,100%
POST,compose_post,4264,6,8300.0,8412.85729808979,6.476176902651787,124408.21862290613,25.12406191369606,23.71586849308048,0.033371297129100114,8300,10000,11000,11000,13000,14000,16000,17000,57000,124000,124000
GET,index,2000,0,160.0,2201.584153913427,51.80159490555525,107727.88321995176,2583.0,11.123765709700038,0.0,160,460,600,750,2800,3700,44000,53000,106000,108000,108000
GET,read_home_timeline,25409,119,7700.0,7710.315867989923,4.3169669806957245,150465.9082419239,6038.576173796686,141.32188145888412,0.6618640597271522,7700,9400,10000,11000,12000,13000,15000,17000,52000,137000,150000
GET,read_user_timeline,12689,31,7100.0,7126.786747097235,3.650547005236149,153736.1317339819,62.17432421782647,70.5747315451919,0.17241836850035058,7100,8900,9900,10000,12000,13000,15000,17000,77000,142000,154000
,Aggregated,44362,156,7400.0,7362.580694075002,3.650547005236149,153736.1317339819,3595.3347684955593,246.73624720685655,0.8676537253566029,7400,9200,10000,11000,12000,13000,15000,17000,65000,140000,154000
