Type,Name,Request Count,Failure Count,Median Response Time,Average Response Time,Min Response Time,Max Response Time,Average Content Size,Requests/s,Failures/s,50%,66%,75%,80%,90%,95%,98%,99%,99.9%,99.99%,100%
POST,compose_post,4531,651,8300.0,8394.92856580359,1.503129955381155,88604.61472114548,35.890090487751046,25.51595113331984,3.6660525684818404,8300,10000,11000,12000,15000,17000,19000,21000,75000,89000,89000
GET,index,2000,4,210.0,270.11337280552834,40.82888411357999,1207.5996708590537,2578.024,11.262834311772167,0.022525668623544333,210,260,320,340,570,720,920,1000,1100,1200,1200
GET,read_home_timeline,27298,3658,7700.0,7711.433826099089,1.4993110671639442,91788.38113881648,5144.452194299949,153.7264255213783,20.59972395623129,7700,9500,10000,11000,14000,16000,18000,20000,64000,90000,92000
GET,read_user_timeline,14306,1624,3900.0,5291.594247592532,1.409315038472414,90771.24656713568,63.23304907032014,80.5630538321063,9.145421461159,3900,6000,7200,8200,12000,15000,19000,21000,79000,90000,91000
,Aggregated,48135,5937,6100.0,6747.396197531489,1.409315038472414,91788.38113881648,3046.7754025137633,271.0682647985766,33.43372365449567,6100,8600,9900,11000,13000,16000,18000,20000,65000,90000,92000
