Type,Name,Request Count,Failure Count,Median Response Time,Average Response Time,Min Response Time,Max Response Time,Average Content Size,Requests/s,Failures/s,50%,66%,75%,80%,90%,95%,98%,99%,99.9%,99.99%,100%
POST,compose_post,4201,5,8500.0,8261.472790637568,386.1800958402455,62863.03341202438,25.08331349678648,23.373706971368804,0.027819218009246374,8500,10000,11000,12000,13000,14000,16000,17000,25000,63000,63000
GET,index,1972,0,390.0,2405.8152310091873,51.79922003298998,157825.3580899909,2583.0,10.97189958284677,0.0,400,680,890,1300,3600,6700,8900,64000,154000,158000,158000
GET,read_home_timeline,25541,30,7700.0,7370.760518118184,84.53533193096519,88246.72402697615,6157.394385497827,142.10612943483233,0.16691530805547825,7700,9100,9900,10000,12000,13000,14000,15000,24000,69000,88000
GET,read_user_timeline,12902,15,7800.0,7268.858303491007,5.752658937126398,80751.08439708129,68.32669353588591,71.78471015105934,0.08345765402773912,7800,9400,10000,11000,12000,13000,14000,16000,24000,77000,81000
,Aggregated,44616,50,7600.0,7205.713624124016,5.752658937126398,157825.3580899909,3661.1666666666665,248.23644614010723,0.2781921800924637,7600,9100,10000,11000,12000,13000,14000,16000,39000,136000,158000
