Type,Name,Request Count,Failure Count,Median Response Time,Average Response Time,Min Response Time,Max Response Time,Average Content Size,Requests/s,Failures/s,50%,66%,75%,80%,90%,95%,98%,99%,99.9%,99.99%,100%
POST,compose_post,1604,0,700.0,775.5248638298456,39.85321382060647,2997.6680369582027,25.0,9.076524086955555,0.0,700,880,970,1000,1200,1300,1500,1700,2300,3000,3000
GET,index,50,0,67,67.51789716538042,31.863460084423423,87.84444304183125,2583.0,0.282934042610834,0.0,67,78,79,81,87,87,88,88,88,88,88
GET,read_home_timeline,9775,0,710.0,765.5286658479287,2.3645549081265926,2587.587223853916,3180.8245524296676,55.31360533041804,0.0,710,880,920,1000,1200,1300,1500,1600,2000,2600,2600
GET,read_user_timeline,5014,0,10,16.46712091067857,2.742122858762741,256.0603751335293,19.311527722377342,28.372625793014432,0.0,10,13,15,17,32,74,90,100,180,260,260
,Aggregated,16443,0,590.0,535.9682922429597,2.3645549081265926,2997.6680369582027,1907.1117192726388,93.04568925299887,0.0,590,710,820,900,1100,1200,1400,1500,2000,2600,3000
