Type,Name,Request Count,Failure Count,Median Response Time,Average Response Time,Min Response Time,Max Response Time,Average Content Size,Requests/s,Failures/s,50%,66%,75%,80%,90%,95%,98%,99%,99.9%,99.99%,100%
POST,compose_post,6151,0,660.0,710.9735520733946,41.00892087444663,2634.759080130607,25.0,10.29015585190595,0.0,660,800,890,930,1100,1300,1500,1700,2400,2600,2600
GET,index,50,0,55,56.061430308036506,26.88774699345231,74.37257305718958,2583.0,0.08364620266546863,0.0,55,65,67,69,72,73,74,74,74,74,74
GET,read_home_timeline,37617,0,34,271.2285482857898,2.320852829143405,2793.706896947697,7188.654810325119,62.93038411333867,0.0,34,93,500,640,910,1100,1400,1600,2300,2700,2800
GET,read_user_timeline,19009,0,880.0,802.880359913163,3.374390071257949,3205.839141039178,120.61954863485717,31.800613329357866,0.0,880,1200,1300,1400,1600,1800,2100,2300,2900,3200,3200
,Aggregated,62827,0,120.0,474.96710733879746,2.320852829143405,3205.839141039178,4345.128845878365,105.10479949726796,0.0,120,660,870,990,1300,1500,1800,2000,2700,3100,3200
