Type,Name,Request Count,Failure Count,Median Response Time,Average Response Time,Min Response Time,Max Response Time,Average Content Size,Requests/s,Failures/s,50%,66%,75%,80%,90%,95%,98%,99%,99.9%,99.99%,100%
POST,compose_post,5029,0,780.0,827.4186545285066,59.002347057685256,3325.277387863025,25.0,8.413982298552789,0.0,780,910,1000,1100,1300,1500,1700,1900,3000,3300,3300
GET,index,50,0,55,59.2984154028818,38.07602706365287,78.37925083003938,2583.0,0.08365462615383565,0.0,56,68,72,73,76,77,78,78,78,78,78
GET,read_home_timeline,30851,0,780.0,817.9947015883205,5.135962972417474,3202.736912993714,6818.0934491588605,51.616577429439666,0.0,780,900,1000,1100,1300,1400,1600,1800,2400,3100,3200
GET,read_user_timeline,15227,0,16,29.762248127604614,3.2909931614995003,392.08873896859586,87.77408550600906,25.476179848889107,0.0,16,23,30,37,83,110,180,200,300,380,390
,Aggregated,51157,0,610.0,583.5603656456422,3.2909931614995003,3325.277387863025,4142.862403972086,85.5903942030354,0.0,610,790,890,960,1200,1300,1600,1700,2300,3100,3300
