Type,Name,Request Count,Failure Count,Median Response Time,Average Response Time,Min Response Time,Max Response Time,Average Content Size,Requests/s,Failures/s,50%,66%,75%,80%,90%,95%,98%,99%,99.9%,99.99%,100%
POST,compose_post,6514,0,560.0,600.1779979614496,49.73839200101793,2178.3050089143217,25.0,10.898023230535154,0.0,570,690,790,840,1000,1200,1400,1500,1900,2200,2200
GET,index,50,0,62,65.14541713055223,43.617942137643695,88.96935591474175,2583.0,0.08365077702283662,0.0,62,71,76,77,83,84,89,89,89,89,89
GET,read_home_timeline,39358,0,580.0,602.4940467672825,4.1254679672420025,2335.545809008181,7554.0396107525785,65.84654564129606,0.0,580,710,810,890,1100,1200,1400,1600,1900,2300,2300
GET,read_user_timeline,19541,0,67,112.19057256361505,2.719811163842678,1007.4307830072939,136.92293127270867,32.692396676065,0.0,67,110,190,200,300,390,420,500,690,1000,1000
,Aggregated,65463,0,400.0,455.49537021996866,2.719811163842678,2335.545809008181,4587.0110138551545,109.52061632491906,0.0,400,590,700,780,970,1100,1400,1500,1900,2200,2300
