Type,Name,Request Count,Failure Count,Median Response Time,Average Response Time,Min Response Time,Max Response Time,Average Content Size,Requests/s,Failures/s,50%,66%,75%,80%,90%,95%,98%,99%,99.9%,99.99%,100%
POST,compose_post,10753,23,12000.0,11541.941147066134,24.73476412706077,173954.18432098813,25.166465172509998,17.948341800619193,0.03839038979022054,12000,13000,14000,15000,16000,18000,21000,23000,29000,123000,174000
GET,index,2000,2,380.0,2514.7810669279424,52.49480903148651,11978.130312869325,2580.512,3.3382947643670033,0.0033382947643670036,380,1300,4300,6700,9300,10000,11000,12000,12000,12000,12000
GET,read_home_timeline,64619,140,11000.0,10757.917550141328,10.073212906718254,176449.38820204698,8605.061777495783,107.8586346893157,0.23368063350569024,11000,13000,14000,14000,16000,17000,18000,21000,27000,148000,176000
GET,read_user_timeline,32211,59,11000.0,10548.421936017838,5.1714901346713305,180962.44486491196,286.83573934370247,53.764906327512776,0.0984796955488266,11000,12000,13000,14000,15000,17000,19000,22000,29000,155000,181000
,Aggregated,109583,224,11000.0,10622.826062819106,5.1714901346713305,180962.44486491196,5208.119799603953,182.91017758181468,0.3738890136091044,11000,13000,14000,14000,15000,17000,19000,21000,28000,154000,181000
