Type,Name,Request Count,Failure Count,Median Response Time,Average Response Time,Min Response Time,Max Response Time,Average Content Size,Requests/s,Failures/s,50%,66%,75%,80%,90%,95%,98%,99%,99.9%,99.99%,100%
POST,compose_post,5485,0,740.0,774.1116604337735,34.5403659157455,4209.090674063191,25.0,9.179225789193683,0.0,740,890,990,1100,1200,1500,1700,1900,2600,4200,4200
GET,index,50,0,56,57.84724657423794,40.1690739672631,76.80759415961802,2583.0,0.08367571366630523,0.0,57,67,70,72,74,75,77,77,77,77,77
GET,read_home_timeline,32827,0,730.0,757.0108218751436,4.97535290196538,3837.713999906555,7139.801657172449,54.93645305047604,0.0,730,870,970,1000,1200,1400,1700,1900,2700,3400,3800
GET,read_user_timeline,16427,0,19,44.50086386440718,3.169665113091469,803.3598528709263,89.07298959030864,27.490818967927922,0.0,19,31,46,66,110,190,230,300,500,700,800
,Aggregated,54789,0,560.0,544.4579160087578,3.169665113091469,4209.090674063191,4309.400536604063,91.69017352126396,0.0,560,750,860,930,1100,1300,1600,1800,2500,3200,4200
