Type,Name,Request Count,Failure Count,Median Response Time,Average Response Time,Min Response Time,Max Response Time,Average Content Size,Requests/s,Failures/s,50%,66%,75%,80%,90%,95%,98%,99%,99.9%,99.99%,100%
POST,compose_post,6108,0,600.0,652.158130109458,32.919024117290974,2954.9693430308253,25.0,10.220943829366895,0.0,600,750,840,890,1100,1200,1400,1500,2300,3000,3000
GET,index,50,0,62,62.27110273204744,36.49542201310396,78.65854515694082,2583.0,0.08366849893063928,0.0,63,69,73,75,77,78,79,79,79,79,79
GET,read_home_timeline,37194,0,630.0,660.980602670497,8.251596009358764,2983.868062030524,7354.341076517718,62.23932298452395,0.0,630,770,850,900,1100,1200,1400,1500,2100,2900,3000
GET,read_user_timeline,18770,0,33,66.73593098167717,2.8144679963588715,700.7011298555881,119.71779435269046,31.40915449856199,0.0,33,64,91,100,190,210,300,380,500,610,700
,Aggregated,62122,0,480.0,480.08179669195465,2.8144679963588715,2983.868062030524,4443.937976884195,103.95308981138348,0.0,480,640,740,800,1000,1100,1300,1500,2000,2900,3000
