Type,Name,Request Count,Failure Count,Median Response Time,Average Response Time,Min Response Time,Max Response Time,Average Content Size,Requests/s,Failures/s,50%,66%,75%,80%,90%,95%,98%,99%,99.9%,99.99%,100%
POST,compose_post,10750,248,12000.0,11551.046366226143,9.0699119027704,286651.2913519982,26.762418604651163,17.95319980755332,0.4141761443975092,12000,13000,14000,15000,17000,18000,20000,23000,117000,194000,287000
GET,index,2000,0,340.0,936.5691252624383,51.98309710249305,8691.62960210815,2583.0,3.3401301967541066,0.0,340,640,860,1300,2400,3700,7500,7900,8700,8700,8700
GET,read_home_timeline,63979,1460,11000.0,11071.562550643584,1.380660105496645,276253.8662320003,8435.056471654761,106.84909492906549,2.4382950436304975,11000,13000,14000,14000,16000,17000,19000,22000,94000,203000,276000
GET,read_user_timeline,31989,531,10000.0,10021.24889931856,2.202741103246808,263502.2335818503,277.22842227015536,53.42371243198355,0.8868045672382152,10000,12000,13000,14000,16000,17000,19000,22000,120000,242000,264000
,Aggregated,108718,2239,11000.0,10623.485698369872,1.380660105496645,286651.2913519982,5095.645927997204,181.56613736535647,3.739275755266222,11000,13000,14000,14000,16000,17000,20000,22000,99000,227000,287000
