Type,Name,Request Count,Failure Count,Median Response Time,Average Response Time,Min Response Time,Max Response Time,Average Content Size,Requests/s,Failures/s,50%,66%,75%,80%,90%,95%,98%,99%,99.9%,99.99%,100%
POST,compose_post,10793,4,11000.0,11202.976677928453,63.13267885707319,343607.30942199007,25.032613731122023,18.019002490070985,0.0066780329806619045,11000,13000,14000,14000,16000,17000,20000,23000,29000,173000,344000
GET,index,2000,0,370.0,17491.381423656483,52.066604141145945,418379.3815781828,2583.0,3.3390164903309523,0.0,370,1100,2600,5700,33000,105000,248000,308000,413000,418000,418000
GET,read_home_timeline,65421,53,11000.0,10187.391310269466,20.332334097474813,431366.4930551313,8738.577658550006,109.22089890697062,0.08848393699377023,11000,12000,13000,13000,15000,16000,17000,19000,27000,146000,431000
GET,read_user_timeline,32949,12,11000.0,10353.872208375973,3.0192818958312273,354181.97251297534,289.6707639078576,55.00862716995727,0.020034098941985715,11000,12000,13000,14000,15000,17000,19000,21000,32000,179000,354000
,Aggregated,111163,69,11000.0,10466.751998732623,3.0192818958312273,431366.4930551313,5277.538641454441,185.58754505732983,0.11519606891641786,11000,12000,13000,14000,15000,17000,18000,21000,120000,368000,431000
