Type,Name,Request Count,Failure Count,Median Response Time,Average Response Time,Min Response Time,Max Response Time,Average Content Size,Requests/s,Failures/s,50%,66%,75%,80%,90%,95%,98%,99%,99.9%,99.99%,100%
POST,compose_post,5443,0,700.0,758.0626225177248,33.50134892389178,2423.7919959705323,25.0,9.11384786748987,0.0,700,860,920,990,1200,1300,1500,1700,2000,2400,2400
GET,index,50,0,68,59.93569831363857,29.771663947030902,75.95078204758465,2583.0,0.08372081450936864,0.0,68,71,72,73,75,76,76,76,76,76,76
GET,read_home_timeline,32656,0,710.0,766.3844207213613,14.718667836859822,2519.674235023558,7009.626041156296,54.67973837235885,0.0,710,840,920,1000,1200,1300,1500,1700,2200,2400,2500
GET,read_user_timeline,16129,0,25,40.71082493707896,2.895462093874812,301.2486668303609,91.97185194370388,27.006660344432138,0.0,25,42,59,73,96,110,160,190,240,300,300
,Aggregated,54278,0,590.0,549.2613246207778,2.895462093874812,2519.674235023558,4249.511533217878,90.88396739879022,0.0,590,720,820,900,1100,1200,1400,1600,2100,2400,2500
