Type,Name,Request Count,Failure Count,Median Response Time,Average Response Time,Min Response Time,Max Response Time,Average Content Size,Requests/s,Failures/s,50%,66%,75%,80%,90%,95%,98%,99%,99.9%,99.99%,100%
POST,compose_post,9712,54,13000.0,12947.925058477182,18.321804935112596,232882.5460691005,25.44295716639209,16.226552412375412,0.09022177000291107,13000,15000,16000,16000,18000,20000,24000,27000,60000,233000,233000
GET,index,2000,16,230.0,1684.544126487337,41.27360391430557,14327.0573168993,2563.096,3.341547037144854,0.026732376297158834,230,520,980,1600,5000,12000,13000,14000,14000,14000,14000
GET,read_home_timeline,57441,266,13000.0,12226.453986965482,4.648769972845912,285568.634707015,8445.390626904127,95.97090168031879,0.4444257559402656,13000,14000,15000,16000,17000,18000,20000,23000,39000,222000,286000
GET,read_user_timeline,28839,120,12000.0,11470.38128055585,1.7030148301273584,252572.21527886577,259.3791740351607,48.18343750211022,0.20049282222869125,12000,14000,15000,15000,17000,18000,22000,25000,37000,240000,253000
,Aggregated,97992,456,12000.0,11860.288652503794,1.7030148301273584,285568.634707015,5081.692515715568,163.72243863194927,0.7618727244690268,12000,14000,15000,16000,17000,18000,21000,24000,39000,227000,286000
