Type,Name,Request Count,Failure Count,Median Response Time,Average Response Time,Min Response Time,Max Response Time,Average Content Size,Requests/s,Failures/s,50%,66%,75%,80%,90%,95%,98%,99%,99.9%,99.99%,100%
POST,compose_post,1645,0,770.0,782.8230791157649,46.16974084638059,2542.1395539306104,25.0,9.295931687913173,0.0,770,880,970,1000,1200,1300,1600,2000,2400,2500,2500
GET,index,50,0,63,60.051835658960044,26.04433591477573,77.26009096950293,2583.0,0.282551115134139,0.0,63,67,71,71,75,77,77,77,77,77,77
GET,read_home_timeline,9652,0,750.0,768.4972721422758,9.903503814712167,2493.4315329883248,3103.771549937837,54.54366726549419,0.0,750,880,930,1000,1200,1300,1500,1600,2300,2500,2500
GET,read_user_timeline,4945,0,15,21.594401644222643,2.9076330829411745,282.11948601529,20.90293225480283,27.944305286766344,0.0,15,20,25,29,47,68,86,98,220,280,280
,Aggregated,16292,0,600.0,541.0671828981285,2.9076330829411745,2542.1395539306104,1855.5882027989196,92.06645535530785,0.0,600,770,870,900,1100,1300,1400,1500,2300,2500,2500
