Type,Name,Request Count,Failure Count,Median Response Time,Average Response Time,Min Response Time,Max Response Time,Average Content Size,Requests/s,Failures/s,50%,66%,75%,80%,90%,95%,98%,99%,99.9%,99.99%,100%
GET,/productpage?u=normal,6620,0,330.0,337.3711469542063,43.56966889463365,1842.3958600033075,4931.664652567976,76.04228894836469,0.0,330,340,360,360,380,400,430,480,1700,1800,1800
GET,/productpage?u=test,6404,0,330.0,329.275321175762,28.252989053726196,865.1829811278731,4931.582136164897,73.56115081953587,0.0,330,340,360,360,380,400,420,440,780,870,870
,Aggregated,13024,0,330.0,333.3903677554074,28.252989053726196,1842.3958600033075,4931.624078624079,149.60343976790054,0.0,330,340,360,360,380,400,420,450,1600,1800,1800
