Type,Name,Request Count,Failure Count,Median Response Time,Average Response Time,Min Response Time,Max Response Time,Average Content Size,Requests/s,Failures/s,50%,66%,75%,80%,90%,95%,98%,99%,99.9%,99.99%,100%
GET,/productpage?u=normal,4724,0,410.0,465.03974474947006,166.0572679247707,2246.0052978713065,4935.180355630821,54.26161512907512,0.0,410,450,480,520,670,870,1100,1300,2000,2200,2200
GET,/productpage?u=test,4725,0,400.0,453.5959113705115,149.5011020451784,1492.3594880383462,4943.509417989418,54.273101499762895,0.0,400,440,480,510,670,840,1000,1100,1300,1500,1500
,Aggregated,9449,0,400.0,459.317222502081,149.5011020451784,2246.0052978713065,4939.345327547889,108.53471662883801,0.0,400,450,480,520,670,850,1100,1200,1900,2200,2200
