Type,Name,Request Count,Failure Count,Median Response Time,Average Response Time,Min Response Time,Max Response Time,Average Content Size,Requests/s,Failures/s,50%,66%,75%,80%,90%,95%,98%,99%,99.9%,99.99%,100%
GET,/productpage?u=normal,4723,0,400.0,465.94736027571156,163.35849417373538,2139.654343947768,4943.101842049545,54.24927837158062,0.0,400,440,490,540,740,880,1000,1300,2000,2100,2100
GET,/productpage?u=test,4709,0,400.0,454.72429472809495,182.0122159551829,1236.6564001422375,4934.704183478446,54.088471702683286,0.0,400,450,480,520,700,850,950,1000,1100,1200,1200
,Aggregated,9432,0,400.0,460.344156749023,163.35849417373538,2139.654343947768,4938.909245122985,108.33775007426391,0.0,400,450,480,530,720,860,980,1100,1900,2100,2100
