Type,Name,Request Count,Failure Count,Median Response Time,Average Response Time,Min Response Time,Max Response Time,Average Content Size,Requests/s,Failures/s,50%,66%,75%,80%,90%,95%,98%,99%,99.9%,99.99%,100%
GET,/productpage?u=normal,4792,0,400.0,462.8796436290318,215.1172710582614,2230.568443890661,4932.315525876461,55.0565015065787,0.0,400,450,490,520,720,880,1100,1400,1700,2200,2200
GET,/productpage?u=test,4649,0,400.0,456.9423061742546,202.68981391564012,1694.4385969545692,4941.459668745967,53.413538293840645,0.0,400,450,490,520,700,880,1000,1100,1400,1700,1700
,Aggregated,9441,0,400.0,459.9559404379229,202.68981391564012,2230.568443890661,4936.818345514246,108.47003980041934,0.0,400,450,490,520,710,880,1000,1200,1700,2200,2200
