Type,Name,Request Count,Failure Count,Median Response Time,Average Response Time,Min Response Time,Max Response Time,Average Content Size,Requests/s,Failures/s,50%,66%,75%,80%,90%,95%,98%,99%,99.9%,99.99%,100%
GET,/productpage?u=normal,4792,0,410.0,466.96332210713945,144.1813879646361,2164.284789003432,4943.51919866444,55.04894316344154,0.0,410,450,490,530,700,890,1000,1100,2100,2200,2200
GET,/productpage?u=test,4606,0,400.0,457.07925884435264,179.38620992936194,1229.4842370320112,4932.126791141989,52.91223543631297,0.0,400,450,490,530,690,870,970,1000,1100,1200,1200
,Aggregated,9398,0,400.0,462.1191004229092,144.1813879646361,2164.284789003432,4937.935731006597,107.9611785997545,0.0,400,450,490,530,700,880,1000,1100,2100,2200,2200
