Type,Name,Request Count,Failure Count,Median Response Time,Average Response Time,Min Response Time,Max Response Time,Average Content Size,Requests/s,Failures/s,50%,66%,75%,80%,90%,95%,98%,99%,99.9%,99.99%,100%
GET,/productpage?u=normal,8,0,1200.0,929.2560269968817,64.69374394509941,1251.8873310182244,5166.5,5.858915690251493,0.0,1200,1200,1200,1200,1300,1300,1300,1300,1300,1300,1300
GET,/productpage?u=test,1,0,23.01213692408055,23.01213692408055,23.01213692408055,23.01213692408055,4294.0,0.7323644612814366,0.0,23,23,23,23,23,23,23,23,23,23,23
,Aggregated,9,0,1200.0,828.5622614332372,23.01213692408055,1251.8873310182244,5069.555555555556,6.59128015153293,0.0,1200,1200,1200,1200,1300,1300,1300,1300,1300,1300,1300
