Type,Name,Request Count,Failure Count,Median Response Time,Average Response Time,Min Response Time,Max Response Time,Average Content Size,Requests/s,Failures/s,50%,66%,75%,80%,90%,95%,98%,99%,99.9%,99.99%,100%
GET,/productpage?u=normal,1,0,1422.2456279676408,1422.2456279676408,1422.2456279676408,1422.2456279676408,5294.0,0.6948147286733098,0.0,1400,1400,1400,1400,1400,1400,1400,1400,1400,1400,1400
,Aggregated,1,0,1422.2456279676408,1422.2456279676408,1422.2456279676408,1422.2456279676408,5294.0,0.6948147286733098,0.0,1400,1400,1400,1400,1400,1400,1400,1400,1400,1400,1400
