Type,Name,Request Count,Failure Count,Median Response Time,Average Response Time,Min Response Time,Max Response Time,Average Content Size,Requests/s,Failures/s,50%,66%,75%,80%,90%,95%,98%,99%,99.9%,99.99%,100%
GET,/productpage?u=normal,3,0,2500.0,2722.5497950178883,2470.315160928294,3223.5634750686586,5294.0,0.9220245905231066,0.0,2500,2500,3200,3200,3200,3200,3200,3200,3200,3200,3200
,Aggregated,3,0,2500.0,2722.5497950178883,2470.315160928294,3223.5634750686586,5294.0,0.9220245905231066,0.0,2500,2500,3200,3200,3200,3200,3200,3200,3200,3200,3200
