Type,Name,Request Count,Failure Count,Median Response Time,Average Response Time,Min Response Time,Max Response Time,Average Content Size,Requests/s,Failures/s,50%,66%,75%,80%,90%,95%,98%,99%,99.9%,99.99%,100%
GET,/productpage?u=normal,7982,0,360.0,367.91750712869936,23.9911749958992,3302.6085840538144,4936.128288649461,68.19620284942866,0.0,360,380,390,400,430,460,510,590,3100,3300,3300
GET,/productpage?u=test,8055,0,360.0,360.46180390522477,26.17837395519018,2128.168159048073,4941.9736809435135,68.81989651116861,0.0,360,380,390,400,430,460,500,540,1600,2100,2100
,Aggregated,16037,0,360.0,364.17268643498556,23.9911749958992,3302.6085840538144,4939.064288832076,137.01609936059728,0.0,360,380,390,400,430,460,500,560,2100,3300,3300
