Type,Name,Request Count,Failure Count,Median Response Time,Average Response Time,Min Response Time,Max Response Time,Average Content Size,Requests/s,Failures/s,50%,66%,75%,80%,90%,95%,98%,99%,99.9%,99.99%,100%
GET,/productpage?u=normal,8329,0,350.0,350.35583878905794,129.5736380852759,1356.4521529478952,4940.577980549886,71.14341841363455,0.0,350,360,370,380,400,420,450,490,1200,1400,1400
GET,/productpage?u=test,8442,0,340.0,346.319838796621,123.42453398741782,649.3376810103655,4929.665008291874,72.10862507478724,0.0,340,360,370,380,400,420,450,470,550,650,650
,Aggregated,16771,0,350.0,348.3242418696046,123.42453398741782,1356.4521529478952,4935.08472959275,143.2520434884218,0.0,350,360,370,380,400,420,450,480,1100,1400,1400
