Type,Name,Request Count,Failure Count,Median Response Time,Average Response Time,Min Response Time,Max Response Time,Average Content Size,Requests/s,Failures/s,50%,66%,75%,80%,90%,95%,98%,99%,99.9%,99.99%,100%
GET,/productpage?u=normal,6224,0,410.0,471.7979671877682,132.16660602483898,2244.294960051775,4940.190231362468,53.16812730562251,0.0,410,460,490,520,700,880,1000,1100,2100,2200,2200
GET,/productpage?u=test,6365,0,420.0,456.47038694376744,123.31136199645698,1307.0644589606673,4936.882639434407,54.37261090942919,0.0,420,450,490,510,640,820,950,1000,1100,1300,1300
,Aggregated,12589,0,410.0,464.0483406683413,123.31136199645698,2244.294960051775,4938.517912463261,107.5407382150517,0.0,410,450,490,520,670,860,980,1100,2100,2200,2200
