Type,Name,Request Count,Failure Count,Median Response Time,Average Response Time,Min Response Time,Max Response Time,Average Content Size,Requests/s,Failures/s,50%,66%,75%,80%,90%,95%,98%,99%,99.9%,99.99%,100%
GET,/productpage?u=normal,6500,0,410.0,461.0745962911393,161.36105894111097,2068.042194005102,4938.857846153846,55.524760034272674,0.0,410,450,480,500,630,880,1000,1200,2000,2100,2100
GET,/productpage?u=test,6266,0,410.0,454.03271218772727,156.7351579433307,1312.6568810548633,4933.318225343121,53.52586867303886,0.0,410,450,480,510,610,860,1000,1100,1200,1300,1300
,Aggregated,12766,0,410.0,457.61819289211223,156.7351579433307,2068.042194005102,4936.13880620398,109.05062870731153,0.0,410,450,480,510,620,870,1000,1100,2000,2100,2100
