Type,Name,Request Count,Failure Count,Median Response Time,Average Response Time,Min Response Time,Max Response Time,Average Content Size,Requests/s,Failures/s,50%,66%,75%,80%,90%,95%,98%,99%,99.9%,99.99%,100%
GET,/productpage?u=normal,6320,0,420.0,467.93307488689516,168.39474602602422,2022.6635460276157,4932.117721518987,53.97942946836979,0.0,420,460,490,520,670,850,1000,1200,1900,2000,2000
GET,/productpage?u=test,6276,0,420.0,459.6651412596421,180.95354503020644,1361.8069499498233,4940.095602294455,53.60362331384316,0.0,420,450,490,520,660,830,950,1000,1100,1400,1400
,Aggregated,12596,0,420.0,463.81354873219203,168.39474602602422,2022.6635460276157,4936.092727850111,107.58305278221295,0.0,420,460,490,520,660,840,970,1000,1800,2000,2000
