Type,Name,Request Count,Failure Count,Median Response Time,Average Response Time,Min Response Time,Max Response Time,Average Content Size,Requests/s,Failures/s,50%,66%,75%,80%,90%,95%,98%,99%,99.9%,99.99%,100%
GET,/productpage?u=normal,6922,0,380.0,429.7639730444156,128.75165697187185,2249.757613055408,4937.341230858134,59.12621538187893,0.0,380,410,440,460,590,770,960,1100,2100,2200,2200
GET,/productpage?u=test,6846,0,380.0,418.51746497262627,187.85577302332968,1233.6489179870114,4934.959392345895,58.47703994573001,0.0,380,410,440,450,570,740,910,980,1100,1200,1200
,Aggregated,13768,0,380.0,424.1717596321938,128.75165697187185,2249.757613055408,4936.156885531667,117.60325532760895,0.0,380,410,440,460,580,750,930,1000,2100,2200,2200
