Type,Name,Request Count,Failure Count,Median Response Time,Average Response Time,Min Response Time,Max Response Time,Average Content Size,Requests/s,Failures/s,50%,66%,75%,80%,90%,95%,98%,99%,99.9%,99.99%,100%
GET,/productpage?u=normal,6328,0,410.0,471.9995962106034,175.20266503561288,2500.2734599402174,4927.539823008849,54.05259322267744,0.0,410,450,480,510,660,920,1200,1400,2300,2500,2500
GET,/productpage?u=test,6203,0,410.0,460.5498444759848,205.85740997921675,1703.6983879515901,4945.736901499275,52.984866586641616,0.0,410,450,480,500,630,860,1100,1200,1500,1700,1700
,Aggregated,12531,0,410.0,466.3318274762774,175.20266503561288,2500.2734599402174,4936.547601947171,107.03745980931905,0.0,410,450,480,500,640,900,1100,1300,2200,2500,2500
