Type,Name,Request Count,Failure Count,Median Response Time,Average Response Time,Min Response Time,Max Response Time,Average Content Size,Requests/s,Failures/s,50%,66%,75%,80%,90%,95%,98%,99%,99.9%,99.99%,100%
GET,/productpage?u=normal,6350,0,410.0,469.51307014314693,149.29396007210016,2397.6518359268084,4929.737952755905,54.24856556909079,0.0,410,450,490,520,680,860,980,1100,2200,2400,2400
GET,/productpage?u=test,6289,0,410.0,454.8836928134567,192.26398295722902,1252.2644649725407,4933.5420575608205,53.727437616379845,0.0,410,450,490,520,640,810,920,990,1200,1300,1300
,Aggregated,12639,0,410.0,462.23368458840196,149.29396007210016,2397.6518359268084,4931.630825223515,107.97600318547063,0.0,410,450,490,520,650,840,950,1000,2100,2300,2400
