Type,Name,Request Count,Failure Count,Median Response Time,Average Response Time,Min Response Time,Max Response Time,Average Content Size,Requests/s,Failures/s,50%,66%,75%,80%,90%,95%,98%,99%,99.9%,99.99%,100%
GET,/productpage?u=normal,6274,0,420.0,473.11988892668285,225.772466044873,1991.408500005491,4935.034746573159,53.597020377004505,0.0,420,460,500,520,650,860,1000,1100,1900,2000,2000
GET,/productpage?u=test,6245,0,420.0,460.06737734268296,212.29720290284604,1225.8279930101708,4928.449959967975,53.34928151966738,0.0,420,460,490,510,630,810,960,1000,1100,1200,1200
,Aggregated,12519,0,420.0,466.6087510688604,212.29720290284604,1991.408500005491,4931.749980030354,106.94630189667188,0.0,420,460,490,520,640,840,980,1100,1800,1900,2000
