Type,Name,Request Count,Failure Count,Median Response Time,Average Response Time,Min Response Time,Max Response Time,Average Content Size,Requests/s,Failures/s,50%,66%,75%,80%,90%,95%,98%,99%,99.9%,99.99%,100%
GET,/productpage?u=normal,5909,0,460.0,501.69227223727967,239.92260603699833,2217.9414649726823,4934.090709087832,50.47154679123048,0.0,460,500,530,550,660,860,1000,1300,2000,2200,2200
GET,/productpage?u=test,5836,0,460.0,493.34174140446726,245.75924803502858,1578.0470359604806,4937.846470185058,49.84801947429702,0.0,460,500,530,550,650,800,960,1000,1300,1600,1600
,Aggregated,11745,0,460.0,497.5429578106902,239.92260603699833,2217.9414649726823,4935.956917837378,100.3195662655275,0.0,460,500,530,550,660,840,990,1100,1800,2100,2200
