Type,Name,Request Count,Failure Count,Median Response Time,Average Response Time,Min Response Time,Max Response Time,Average Content Size,Requests/s,Failures/s,50%,66%,75%,80%,90%,95%,98%,99%,99.9%,99.99%,100%
GET,/productpage?u=normal,6422,0,410.0,461.8271454803345,156.31446102634072,2042.6355239469558,4935.345375272501,54.86496662704519,0.0,410,450,480,510,650,840,1000,1300,1900,2000,2000
GET,/productpage?u=test,6354,0,410.0,452.0589646786461,193.9780960092321,1471.528148977086,4939.54800125905,54.284023349150594,0.0,410,440,480,510,630,810,950,1000,1300,1500,1500
,Aggregated,12776,0,410.0,456.9690505512543,156.31446102634072,2042.6355239469558,4937.435504070131,109.1489899761958,0.0,410,450,480,510,640,830,990,1100,1800,2000,2000
