Type,Name,Request Count,Failure Count,Median Response Time,Average Response Time,Min Response Time,Max Response Time,Average Content Size,Requests/s,Failures/s,50%,66%,75%,80%,90%,95%,98%,99%,99.9%,99.99%,100%
GET,/productpage?u=normal,5927,0,430.0,495.27138300170196,168.55387191753834,1988.5825940873474,4947.4968786907375,50.62599740591156,0.0,430,480,520,570,720,900,1200,1500,1800,2000,2000
GET,/productpage?u=test,5964,0,430.0,486.5833220914091,187.79237498529255,2014.3881649710238,4932.584171696848,50.942036195184166,0.0,430,480,520,570,700,860,1100,1200,1700,2000,2000
,Aggregated,11891,0,430.0,490.9138356743967,168.55387191753834,2014.3881649710238,4940.017324026575,101.56803360109572,0.0,430,480,520,570,710,880,1100,1400,1800,2000,2000
