Type,Name,Request Count,Failure Count,Median Response Time,Average Response Time,Min Response Time,Max Response Time,Average Content Size,Requests/s,Failures/s,50%,66%,75%,80%,90%,95%,98%,99%,99.9%,99.99%,100%
GET,/productpage?u=normal,6129,0,430.0,478.95500958647364,210.26445203460753,2188.9592750230804,4933.456355033448,52.347964928508404,0.0,430,470,500,530,670,870,1100,1400,2000,2200,2200
GET,/productpage?u=test,6242,0,420.0,465.7499092302871,177.23644408397377,2701.244176016189,4934.183274591477,53.313101172091606,0.0,420,460,500,520,620,810,1000,1100,1500,2700,2700
,Aggregated,12371,0,430.0,472.29214996127627,177.23644408397377,2701.244176016189,4933.823134750626,105.66106610060001,0.0,430,470,500,530,640,840,1100,1200,1900,2200,2700
