Type,Name,Request Count,Failure Count,Median Response Time,Average Response Time,Min Response Time,Max Response Time,Average Content Size,Requests/s,Failures/s,50%,66%,75%,80%,90%,95%,98%,99%,99.9%,99.99%,100%
GET,/productpage?u=normal,18847,10265,1100.0,1753.9248089926175,6.496126996353269,109346.81920497678,2301.1354061654374,160.61812883194523,87.48050578128708,1100,1700,2100,2400,3200,4100,6100,15000,54000,109000,109000
GET,/productpage?u=test,17779,10165,1100.0,1662.5684055904774,7.882530917413533,109347.15205500834,2164.9975251701444,151.51640645742845,86.62828458517129,1100,1600,2000,2200,2800,3600,5800,15000,54000,109000,109000
,Aggregated,36626,20430,1100.0,1709.5785659934638,6.496126996353269,109347.15205500834,2235.051329656528,312.1345352893737,174.10879036645835,1100,1600,2000,2300,3000,3900,6000,15000,54000,109000,109000
