Type,Name,Request Count,Failure Count,Median Response Time,Average Response Time,Min Response Time,Max Response Time,Average Content Size,Requests/s,Failures/s,50%,66%,75%,80%,90%,95%,98%,99%,99.9%,99.99%,100%
GET,/productpage?u=normal,17699,9763,1200.0,2178.2242966162735,7.533919997513294,110076.4804960927,2263.541951522685,151.0149106984906,83.30180084464455,1200,1700,2100,2300,3000,4300,14000,27000,110000,110000,110000
GET,/productpage?u=test,16975,9773,1100.0,1828.7489062857107,9.095447021536529,109979.04010303319,2142.619793814433,144.83745460799355,83.38712482379505,1100,1600,1900,2200,2700,3400,8200,17000,109000,110000,110000
,Aggregated,34674,19536,1100.0,2007.135159197422,7.533919997513294,110076.4804960927,2204.343311991694,295.85236530648416,166.6889256684396,1100,1600,2000,2200,2900,4000,11000,27000,110000,110000,110000
