Type,Name,Request Count,Failure Count,Median Response Time,Average Response Time,Min Response Time,Max Response Time,Average Content Size,Requests/s,Failures/s,50%,66%,75%,80%,90%,95%,98%,99%,99.9%,99.99%,100%
GET,/productpage?u=normal,34,0,630.0,596.2656778694295,123.65913798566908,1095.2194419223815,4734.235294117647,3.5643573106944215,0.0,630,700,720,720,790,1100,1100,1100,1100,1100,1100
GET,/productpage?u=test,1,0,20.924055017530918,20.924055017530918,20.924055017530918,20.924055017530918,5294.0,0.10483403854983593,0.0,21,21,21,21,21,21,21,21,21,21,21
,Aggregated,35,0,630.0,579.8273457879467,20.924055017530918,1095.2194419223815,4750.228571428572,3.669191349244257,0.0,630,700,720,720,790,1100,1100,1100,1100,1100,1100
