Type,Name,Request Count,Failure Count,Median Response Time,Average Response Time,Min Response Time,Max Response Time,Average Content Size,Requests/s,Failures/s,50%,66%,75%,80%,90%,95%,98%,99%,99.9%,99.99%,100%
GET,/productpage?u=normal,19294,11851,1100.0,2192.7522539852303,6.902805063873529,111028.73296791222,1959.1826992847518,164.41675239323578,100.99009705671386,1100,1600,2000,2300,3000,4200,14000,27000,111000,111000,111000
GET,/productpage?u=test,17901,11123,1000.0,1707.2126188275056,6.689520902000368,110820.58112102095,1924.4804759510641,152.54609125071596,94.78633444956783,1000,1500,1900,2100,2700,3400,7800,15000,109000,111000,111000
,Aggregated,37195,22974,1100.0,1959.0744744729598,6.689520902000368,111028.73296791222,1942.4814087915042,316.96284364395177,195.7764315062817,1100,1500,1900,2200,2800,3900,14000,16000,110000,111000,111000
