Type,Name,Request Count,Failure Count,Median Response Time,Average Response Time,Min Response Time,Max Response Time,Average Content Size,Requests/s,Failures/s,50%,66%,75%,80%,90%,95%,98%,99%,99.9%,99.99%,100%
GET,/productpage?u=normal,18782,11788,1100.0,2092.5057030349826,6.309114978648722,111437.7859160304,1895.5056969438824,160.1585730981833,100.51907462897374,1100,1600,2000,2200,3100,4800,14000,27000,111000,111000,111000
GET,/productpage?u=test,17752,11490,990.0,1705.1627189983537,7.235347991809249,111435.26532698888,1797.2991212257773,151.3755185623975,97.97795787978522,990,1500,1800,2000,2600,3400,8000,15000,111000,111000,111000
,Aggregated,36534,23278,1000.0,1904.2943751590801,6.309114978648722,111437.7859160304,1847.7867739639787,311.53409166058077,198.49703250875896,1000,1500,1900,2100,2800,4100,9900,16000,111000,111000,111000
