Type,Name,Request Count,Failure Count,Median Response Time,Average Response Time,Min Response Time,Max Response Time,Average Content Size,Requests/s,Failures/s,50%,66%,75%,80%,90%,95%,98%,99%,99.9%,99.99%,100%
GET,/productpage?u=normal,18757,12263,900.0,2566.704865890971,6.1725679552182555,110327.99215707928,1767.0007463880152,159.97279141490995,104.5874255542486,900,1500,1900,2200,3200,5000,16000,30000,110000,110000,110000
GET,/productpage?u=test,17986,12124,830.0,1717.724496159304,6.895678001455963,110388.72299902141,1666.7081063049038,153.39716513240765,103.40193650980265,830,1400,1700,2000,2800,3400,8000,15000,109000,110000,110000
,Aggregated,36743,24387,870.0,2151.1220084761467,6.1725679552182555,110388.72299902141,1717.9066761015704,313.3699565473176,207.98936206405125,870,1400,1800,2100,2900,4200,14000,27000,110000,110000,110000
