Type,Name,Request Count,Failure Count,Median Response Time,Average Response Time,Min Response Time,Max Response Time,Average Content Size,Requests/s,Failures/s,50%,66%,75%,80%,90%,95%,98%,99%,99.9%,99.99%,100%
GET,/productpage?u=normal,18369,11689,1100.0,2054.6961220984463,6.795788067393005,112245.93449092936,1851.238445206598,156.36047460037008,99.49902485729903,1100,1700,2200,2500,3400,5300,13000,17000,111000,112000,112000
GET,/productpage?u=test,17225,11314,990.0,1737.5654353625946,8.159350021742284,111508.77164397389,1756.1462989840347,146.6225257222154,96.30695245405776,990,1500,1900,2200,2800,3800,8000,16000,56000,111000,112000
,Aggregated,35594,23003,1000.0,1901.2271082470963,6.795788067393005,112245.93449092936,1805.2205146934878,302.9830003225855,195.8059773113568,1000,1600,2000,2300,3100,4700,10000,16000,57000,112000,112000
