Type,Name,Request Count,Failure Count,Median Response Time,Average Response Time,Min Response Time,Max Response Time,Average Content Size,Requests/s,Failures/s,50%,66%,75%,80%,90%,95%,98%,99%,99.9%,99.99%,100%
GET,/productpage?u=normal,18278,11153,1100.0,1828.2916628851804,6.747128092683852,57168.794531025924,1980.0569537148485,155.92815142280068,95.14534811349688,1100,1600,2000,2300,3200,5200,14000,17000,30000,57000,57000
GET,/productpage?u=test,17397,10805,1100.0,1658.3327129332802,6.481836084276438,57163.33988902625,1928.7589239524057,148.4124111118538,92.17658803607405,1100,1500,1900,2200,2700,3800,8500,15000,54000,57000,57000
,Aggregated,35675,21958,1100.0,1745.410770038278,6.481836084276438,57168.794531025924,1955.041345480028,304.34056253465445,187.32193614957094,1100,1600,2000,2300,2900,4500,11000,16000,54000,57000,57000
