Type,Name,Request Count,Failure Count,Median Response Time,Average Response Time,Min Response Time,Max Response Time,Average Content Size,Requests/s,Failures/s,50%,66%,75%,80%,90%,95%,98%,99%,99.9%,99.99%,100%
GET,/productpage?u=normal,18399,11858,900.0,2023.0083717257921,5.9752470115199685,110876.9638389349,1811.7773792053915,156.93193163067178,101.14130361848503,900,1500,2000,2300,3000,4800,9500,27000,111000,111000,111000
GET,/productpage?u=test,17616,11487,830.0,1589.3519151531077,5.426830030046403,110875.73444307782,1781.3954927338782,150.25343266514017,97.9769062797721,830,1400,1800,2000,2600,3300,6400,15000,56000,111000,111000
,Aggregated,36015,23345,870.0,1810.894193217275,5.426830030046403,110876.9638389349,1796.9167013744272,307.18536429581195,199.11820989825713,870,1400,1900,2200,2800,4000,8400,15000,111000,111000,111000
