Type,Name,Request Count,Failure Count,Median Response Time,Average Response Time,Min Response Time,Max Response Time,Average Content Size,Requests/s,Failures/s,50%,66%,75%,80%,90%,95%,98%,99%,99.9%,99.99%,100%
GET,/productpage?u=normal,16206,9408,1200.0,1834.0643705344942,5.959787056781352,56395.58464998845,2124.4531654942616,138.2610333170654,80.26408746433118,1200,1700,2100,2300,3000,4700,8000,17000,54000,56000,56000
GET,/productpage?u=test,15300,9279,1100.0,1675.7306359588988,4.371693008579314,56603.670303942636,1998.19,130.53151979212024,79.1635275915741,1100,1600,2000,2200,2700,3400,5600,16000,54000,56000,57000
,Aggregated,31506,18687,1100.0,1757.1740595141755,4.371693008579314,56603.670303942636,2063.1370215197107,268.79255310918563,159.42761505590528,1100,1600,2000,2300,2900,4200,6600,17000,54000,56000,57000
