Type,Name,Request Count,Failure Count,Median Response Time,Average Response Time,Min Response Time,Max Response Time,Average Content Size,Requests/s,Failures/s,50%,66%,75%,80%,90%,95%,98%,99%,99.9%,99.99%,100%
GET,/productpage?u=normal,18393,12083,1100.0,2193.7528498165557,5.656716995872557,111842.56506606471,1752.928668515196,156.74990803576463,102.9744543465527,1100,1700,2100,2400,3500,5700,13000,27000,110000,112000,112000
GET,/productpage?u=test,17545,11848,1000.0,1752.9838419592984,6.402128026820719,111774.11175193265,1665.863664861784,149.52303248450445,100.97172350392754,1000,1500,1900,2200,2900,3800,6500,15000,59000,112000,112000
,Aggregated,35938,23931,1100.0,1978.5685812747392,5.656716995872557,111842.56506606471,1710.4233680227057,306.27294052026906,203.94617785048024,1100,1600,2000,2300,3200,4700,8600,16000,110000,112000,112000
