Type,Name,Request Count,Failure Count,Median Response Time,Average Response Time,Min Response Time,Max Response Time,Average Content Size,Requests/s,Failures/s,50%,66%,75%,80%,90%,95%,98%,99%,99.9%,99.99%,100%
GET,/productpage?u=normal,18819,12221,920.0,1795.6984385995615,6.881774985231459,58960.550016956404,1791.4454009245974,160.34404501946423,104.12692354444299,920,1500,2000,2300,3100,5100,13000,17000,55000,58000,59000
GET,/productpage?u=test,18015,12099,860.0,1565.7046453809148,5.460413987748325,57713.79794203676,1684.5240632805994,153.49370163269293,103.08744357779361,860,1400,1800,2100,2700,3300,8400,15000,55000,56000,58000
,Aggregated,36834,24320,890.0,1683.2116550616902,5.460413987748325,58960.550016956404,1739.15165336374,313.8377466521572,207.21436712223658,890,1400,1900,2200,2900,4300,9700,16000,55000,56000,59000
