Type,Name,Request Count,Failure Count,Median Response Time,Average Response Time,Min Response Time,Max Response Time,Average Content Size,Requests/s,Failures/s,50%,66%,75%,80%,90%,95%,98%,99%,99.9%,99.99%,100%
GET,/productpage?u=normal,17600,11169,1200.0,1925.8633335488912,6.917270948179066,59621.24221900012,1861.2309659090909,150.08225305817768,95.24253888674923,1200,1700,2100,2400,3100,4600,9000,15000,57000,60000,60000
GET,/productpage?u=test,16860,10835,1100.0,1669.8794256034753,5.430005956441164,57188.377100043,1823.3861803084224,143.77197650914067,92.39438703894064,1100,1600,1900,2200,2800,3600,7100,15000,56000,57000,57000
,Aggregated,34460,22004,1100.0,1800.619900932545,5.430005956441164,59621.24221900012,1842.7149158444574,293.8542295673183,187.63692592568987,1100,1600,2000,2300,2900,4200,8200,15000,57000,60000,60000
