Type,Name,Request Count,Failure Count,Median Response Time,Average Response Time,Min Response Time,Max Response Time,Average Content Size,Requests/s,Failures/s,50%,66%,75%,80%,90%,95%,98%,99%,99.9%,99.99%,100%
GET,/productpage?u=normal,17457,10617,1200.0,2906.982658955792,7.607738021761179,111089.87184998114,1993.4102652231197,145.65701234471422,88.5856962859501,1200,1800,2100,2300,3300,5300,16000,55000,111000,111000,111000
GET,/productpage?u=test,16164,9915,1100.0,1894.3659823177034,6.549946963787079,110967.9608780425,1962.5970675575352,134.86853110728995,82.72837700623484,1100,1600,2000,2200,2700,3500,8300,15000,111000,111000,111000
,Aggregated,33621,20532,1100.0,2420.145980654204,6.549946963787079,111089.87184998114,1978.5961750096665,280.5255434520042,171.31407329218493,1100,1700,2100,2300,3000,4600,14000,28000,111000,111000,111000
