Type,Name,Request Count,Failure Count,Median Response Time,Average Response Time,Min Response Time,Max Response Time,Average Content Size,Requests/s,Failures/s,50%,66%,75%,80%,90%,95%,98%,99%,99.9%,99.99%,100%
GET,/productpage?u=normal,20057,11470,1200.0,2749.151879839373,9.733751998282969,111369.53960696701,2164.80331056489,169.94583647408484,97.18695439785377,1200,1700,2000,2200,2900,4200,16000,54000,111000,111000,111000
GET,/productpage?u=test,18252,10446,1100.0,2163.368872361717,7.611755048856139,111287.14818006847,2169.983234714004,154.65181270005468,88.51045559197738,1100,1600,1900,2100,2600,3500,14000,27000,111000,111000,111000
,Aggregated,38309,21916,1100.0,2470.0605056849618,7.611755048856139,111369.53960696701,2167.2712417447597,324.5976491741395,185.69740998983116,1100,1600,2000,2200,2700,3900,15000,29000,111000,111000,111000
