Type,Name,Request Count,Failure Count,Median Response Time,Average Response Time,Min Response Time,Max Response Time,Average Content Size,Requests/s,Failures/s,50%,66%,75%,80%,90%,95%,98%,99%,99.9%,99.99%,100%
GET,/productpage?u=normal,52,0,780.0,761.5215989308825,213.24901189655066,1703.8504419615492,4908.615384615385,2.6398251127637105,0.0,820,860,890,930,1000,1100,1200,1700,1700,1700,1700
GET,/productpage?u=test,1,0,49.51117897871882,49.51117897871882,49.51117897871882,49.51117897871882,4294.0,0.050765867553148276,0.0,50,50,50,50,50,50,50,50,50,50,50
,Aggregated,53,0,780.0,748.0874400638606,49.51117897871882,1703.8504419615492,4897.018867924528,2.6905909803168586,0.0,780,860,890,930,1000,1100,1200,1700,1700,1700,1700
