Type,Name,Request Count,Failure Count,Median Response Time,Average Response Time,Min Response Time,Max Response Time,Average Content Size,Requests/s,Failures/s,50%,66%,75%,80%,90%,95%,98%,99%,99.9%,99.99%,100%
GET,/productpage?u=normal,21058,12092,1300.0,2656.488669756211,10.846707038581371,110800.56439398322,2144.694842815082,175.23611783956525,100.62470970253695,1300,1800,2200,2400,3100,4300,15000,29000,110000,111000,111000
GET,/productpage?u=test,19013,11258,1300.0,2315.75338964475,6.915818084962666,110732.65977902338,2068.153789512439,158.21845894594236,93.68450064763158,1300,1700,2000,2200,2800,3800,14000,28000,110000,111000,111000
,Aggregated,40071,23350,1300.0,2494.8156423608602,6.915818084962666,110800.56439398322,2108.3774300616406,333.45457678550764,194.3092103501685,1300,1800,2100,2300,2900,4100,14000,29000,110000,111000,111000
