Type,Name,Request Count,Failure Count,Median Response Time,Average Response Time,Min Response Time,Max Response Time,Average Content Size,Requests/s,Failures/s,50%,66%,75%,80%,90%,95%,98%,99%,99.9%,99.99%,100%
GET,/productpage?u=normal,51,0,640.0,617.0290504746578,31.979797990061343,1607.4402839876711,4940.196078431372,2.5736429404134284,0.0,640,670,700,740,800,900,920,1600,1600,1600,1600
GET,/productpage?u=test,1,0,22.99177902750671,22.99177902750671,22.99177902750671,22.99177902750671,4294.0,0.05046358706692997,0.0,23,23,23,23,23,23,23,23,23,23,23
,Aggregated,52,0,630.0,605.6052567929818,22.99177902750671,1607.4402839876711,4927.7692307692305,2.6241065274803583,0.0,640,670,700,740,800,900,920,1600,1600,1600,1600
