Type,Name,Request Count,Failure Count,Median Response Time,Average Response Time,Min Response Time,Max Response Time,Average Content Size,Requests/s,Failures/s,50%,66%,75%,80%,90%,95%,98%,99%,99.9%,99.99%,100%
GET,/productpage?u=normal,21751,15241,1200.0,3403.4400772618033,5.758809042163193,111896.96759695653,1541.5255850305732,181.26775729140647,127.01493673294682,1200,1700,2200,2500,3500,5500,28000,109000,110000,112000,112000
GET,/productpage?u=test,19879,14130,1100.0,2238.6724428335956,10.746808024123311,111836.24894102104,1489.2219930580009,165.66694621837476,117.75612204163366,1100,1600,1900,2300,3100,4000,14000,28000,110000,112000,112000
,Aggregated,41630,29371,1100.0,2847.244645967118,5.758809042163193,111896.96759695653,1516.5497717991832,346.93470350978123,244.77105877458047,1100,1600,2000,2300,3300,5000,16000,56000,110000,112000,112000
