Type,Name,Request Count,Failure Count,Median Response Time,Average Response Time,Min Response Time,Max Response Time,Average Content Size,Requests/s,Failures/s,50%,66%,75%,80%,90%,95%,98%,99%,99.9%,99.99%,100%
GET,/productpage?u=normal,19560,12842,1200.0,2883.9552675118043,7.670616032555699,113028.76513905358,1758.6258691206544,163.19340590047722,107.14364614386136,1200,1700,2200,2500,3500,5900,17000,55000,112000,113000,113000
GET,/productpage?u=test,17686,11528,1100.0,2014.426473214952,7.366070058196783,113001.57113594469,1775.84055184892,147.55820944559508,96.18065353889065,1100,1600,2000,2300,2900,4600,8100,16000,112000,112000,113000
,Aggregated,37246,24370,1200.0,2471.065661757263,7.366070058196783,113028.76513905358,1766.8001396123075,310.7516153460723,203.324299682752,1200,1700,2100,2400,3200,5300,14000,28000,112000,113000,113000
