Type,Name,Request Count,Failure Count,Median Response Time,Average Response Time,Min Response Time,Max Response Time,Average Content Size,Requests/s,Failures/s,50%,66%,75%,80%,90%,95%,98%,99%,99.9%,99.99%,100%
GET,/productpage?u=normal,20530,14070,1300.0,2913.7132030605608,9.842815925367177,111767.94714597054,1615.6406234778374,171.2083347965367,117.33566831891238,1300,1700,2200,2500,3500,5400,16000,55000,111000,112000,112000
GET,/productpage?u=test,19000,12976,1200.0,2288.5362251997412,8.281280985102057,111915.89145199396,1626.8067368421052,158.4490190518362,108.21234059034876,1200,1600,2000,2300,3100,4300,14000,28000,110000,112000,112000
,Aggregated,39530,27046,1300.0,2613.2233831932467,8.281280985102057,111915.89145199396,1621.0075891727802,329.6573538483729,225.54800890926114,1300,1700,2100,2400,3300,4900,15000,29000,111000,112000,112000
