Type,Name,Request Count,Failure Count,Median Response Time,Average Response Time,Min Response Time,Max Response Time,Average Content Size,Requests/s,Failures/s,50%,66%,75%,80%,90%,95%,98%,99%,99.9%,99.99%,100%
GET,/productpage?u=normal,19935,12842,1200.0,2065.648837970405,9.944158955477178,111363.6063359445,1815.0978680712315,169.41566514940374,109.13649219205632,1200,1800,2100,2300,3100,5200,14000,27000,57000,111000,111000
GET,/productpage?u=test,17977,11797,1200.0,1778.7540037003112,8.558566914871335,57874.46611991618,1759.9171719419257,152.77579194335746,100.25566098658219,1200,1700,2000,2200,2800,3500,8000,19000,56000,58000,58000
,Aggregated,37912,24639,1200.0,1929.6098942144877,8.558566914871335,111363.6063359445,1788.9324488288669,322.1914570927612,209.3921531786385,1200,1700,2100,2300,2900,4300,9300,27000,57000,111000,111000
