Type,Name,Request Count,Failure Count,Median Response Time,Average Response Time,Min Response Time,Max Response Time,Average Content Size,Requests/s,Failures/s,50%,66%,75%,80%,90%,95%,98%,99%,99.9%,99.99%,100%
GET,/productpage?u=normal,22039,14911,1200.0,2384.713940879153,9.94774594437331,112440.85255695973,1659.088933254685,183.46556119301755,124.12790884110372,1200,1700,2200,2400,3400,5600,14000,27000,112000,112000,112000
GET,/productpage?u=test,20353,13952,1100.0,1928.852996955887,5.066598067060113,112288.92236505635,1616.0588611015576,169.43030840607497,116.14463041721407,1100,1600,2000,2300,2800,4000,9400,16000,59000,112000,112000
,Aggregated,42392,28863,1100.0,2165.848641019066,5.066598067060113,112440.85255695973,1638.4295857709,352.8958695990925,240.27253925831778,1100,1600,2100,2300,3100,4800,14000,27000,112000,112000,112000
