Type,Name,Request Count,Failure Count,Median Response Time,Average Response Time,Min Response Time,Max Response Time,Average Content Size,Requests/s,Failures/s,50%,66%,75%,80%,90%,95%,98%,99%,99.9%,99.99%,100%
GET,/productpage?u=normal,19899,13314,1400.0,2428.341159096654,4.223842988722026,112233.70301001705,1694.7356148550177,168.99439260258507,113.07057355197837,1400,1800,2200,2500,3200,5200,14000,30000,112000,112000,112000
GET,/productpage?u=test,17840,11987,1300.0,2004.2217742818611,7.518477970734239,112042.16163605452,1682.2903026905828,151.50811417810533,101.80088366888725,1300,1700,2100,2400,2900,4000,10000,16000,111000,112000,112000
,Aggregated,37739,25301,1300.0,2227.851219641561,4.223842988722026,112233.70301001705,1688.8524603195633,320.5025067806904,214.87145722086564,1300,1800,2200,2400,3100,4700,14000,28000,111000,112000,112000
