Type,Name,Request Count,Failure Count,Median Response Time,Average Response Time,Min Response Time,Max Response Time,Average Content Size,Requests/s,Failures/s,50%,66%,75%,80%,90%,95%,98%,99%,99.9%,99.99%,100%
GET,/productpage?u=normal,20916,14230,1200.0,2446.1239639196533,8.454930037260056,112577.32718903571,1639.7216484987568,177.27084550985936,120.60451958334761,1200,1700,2300,2500,3600,5600,14000,28000,112000,112000,113000
GET,/productpage?u=test,19069,13075,1100.0,1822.245252964001,11.660821968689561,112582.04430609476,1615.4972468404217,161.61683653793784,110.81546686944975,1100,1600,2100,2400,3000,4600,6600,15000,56000,112000,113000
,Aggregated,39985,27305,1200.0,2148.5938116322245,8.454930037260056,112582.04430609476,1628.168938351882,338.8876820477972,231.41998645279736,1200,1700,2200,2500,3300,5200,8900,19000,112000,112000,113000
