Type,Name,Request Count,Failure Count,Median Response Time,Average Response Time,Min Response Time,Max Response Time,Average Content Size,Requests/s,Failures/s,50%,66%,75%,80%,90%,95%,98%,99%,99.9%,99.99%,100%
GET,/productpage?u=normal,20678,13795,1200.0,2616.1670306654783,9.0120870154351,112498.65951295942,1706.2462036947481,172.06289297794962,114.78903223865049,1200,1700,2200,2500,3700,5600,15000,28000,112000,112000,112000
GET,/productpage?u=test,18808,12538,1100.0,2200.9354309412165,7.898209965787828,112516.13525801804,1706.3797320289239,156.50250948492487,104.32945894948894,1100,1600,2000,2300,3100,4700,14000,27000,111000,112000,113000
,Aggregated,39486,26333,1200.0,2418.3836155914273,7.898209965787828,112516.13525801804,1706.3098060071925,328.5654024628745,219.11849118813944,1200,1700,2100,2400,3400,5200,15000,28000,111000,112000,113000
