Type,Name,Request Count,Failure Count,Median Response Time,Average Response Time,Min Response Time,Max Response Time,Average Content Size,Requests/s,Failures/s,50%,66%,75%,80%,90%,95%,98%,99%,99.9%,99.99%,100%
GET,/productpage?u=normal,21106,14335,1300.0,2223.3575095262768,8.456930983811617,112628.0210110126,1644.873448308538,179.59732872888893,121.98084465690432,1300,1800,2200,2500,3400,5400,11000,20000,112000,112000,113000
GET,/productpage?u=test,18995,13138,1200.0,1908.2477126542817,12.574149994179606,112649.83263600152,1584.0,161.63419213518645,111.79521012224689,1200,1700,2000,2200,2900,3900,8700,16000,55000,113000,113000
,Aggregated,40101,27473,1300.0,2074.0966284613687,8.456930983811617,112649.83263600152,1616.038976584125,341.2315208640754,233.77605477915122,1300,1700,2200,2400,3200,4700,9600,18000,111000,113000,113000
