Type,Name,Request Count,Failure Count,Median Response Time,Average Response Time,Min Response Time,Max Response Time,Average Content Size,Requests/s,Failures/s,50%,66%,75%,80%,90%,95%,98%,99%,99.9%,99.99%,100%
GET,/productpage?u=normal,21519,14569,1300.0,2839.296768898286,10.328161995857954,111800.37931608967,1654.1890887123006,179.5184212879156,121.53928527086029,1300,1900,2500,2800,4600,6600,16000,31000,111000,112000,112000
GET,/productpage?u=test,19543,13338,1200.0,2253.024512406637,11.710697086527944,111680.60472793877,1632.3905234610859,163.03399355126794,111.26988722237178,1200,1700,2100,2500,4000,5900,14000,27000,61000,112000,112000
,Aggregated,41062,27907,1300.0,2560.267040472582,10.328161995857954,111800.37931608967,1643.8143051970192,342.55241483918354,232.80917249323207,1300,1800,2300,2700,4400,6300,15000,28000,111000,112000,112000
