Type,Name,Request Count,Failure Count,Median Response Time,Average Response Time,Min Response Time,Max Response Time,Average Content Size,Requests/s,Failures/s,50%,66%,75%,80%,90%,95%,98%,99%,99.9%,99.99%,100%
GET,/productpage?u=normal,20793,13664,1200.0,2718.684298407907,10.342309018597007,112690.32267900184,1754.1006107824749,172.9174097102941,113.63167827064197,1200,1700,2200,2500,3500,5800,17000,31000,112000,113000,113000
GET,/productpage?u=test,18894,12268,1100.0,1899.0634929925275,10.730964946560562,112684.75893198047,1793.3653011538054,157.1250680068435,102.02235282671514,1100,1600,2000,2300,2900,4100,8600,17000,55000,113000,113000
,Aggregated,39687,25932,1100.0,2328.4830864866944,10.342309018597007,112690.32267900184,1772.7935596039006,330.04247771713756,215.65403109735712,1100,1700,2100,2400,3100,5000,14000,28000,112000,113000,113000
