Type,Name,Request Count,Failure Count,Median Response Time,Average Response Time,Min Response Time,Max Response Time,Average Content Size,Requests/s,Failures/s,50%,66%,75%,80%,90%,95%,98%,99%,99.9%,99.99%,100%
GET,/productpage?u=normal,20083,13472,1200.0,2120.1254373265106,9.491128963418305,60608.34297398105,1690.1258776079271,167.564111504724,112.40470597976605,1200,1900,2300,2700,3700,5600,14000,19000,57000,61000,61000
GET,/productpage?u=test,18399,12501,1000.0,1870.5185356057402,7.123208022676408,60358.8698329404,1642.318984727431,153.51352325725324,104.30309007222799,1000,1600,2000,2300,3100,4200,9000,27000,55000,58000,60000
,Aggregated,38482,25973,1100.0,2000.7834752465772,7.123208022676408,60608.34297398105,1667.2684631775894,321.0776347619772,216.70779605199402,1100,1700,2200,2500,3400,5000,11000,20000,55000,61000,61000
