Type,Name,Request Count,Failure Count,Median Response Time,Average Response Time,Min Response Time,Max Response Time,Average Content Size,Requests/s,Failures/s,50%,66%,75%,80%,90%,95%,98%,99%,99.9%,99.99%,100%
GET,/productpage?u=normal,20852,14067,1200.0,1932.0071648953362,6.941925967112184,111190.0059049949,1667.3471609437943,173.99256855193698,117.37739602053028,1200,1600,2100,2300,3100,5100,14000,19000,55000,111000,111000
GET,/productpage?u=test,19200,13106,1000.0,1668.9067036415195,8.49301996640861,58500.81425905228,1629.4005208333333,160.2080048051597,109.35865161335536,1000,1500,1800,2100,2800,3500,8100,15000,54000,58000,59000
,Aggregated,40052,27173,1100.0,1805.8829050313104,6.941925967112184,111190.0059049949,1649.1564216518525,334.2005733570967,226.73604763388565,1100,1500,1900,2300,2900,4300,8900,16000,54000,110000,111000
