Type,Name,Request Count,Failure Count,Median Response Time,Average Response Time,Min Response Time,Max Response Time,Average Content Size,Requests/s,Failures/s,50%,66%,75%,80%,90%,95%,98%,99%,99.9%,99.99%,100%
GET,/productpage?u=normal,2,0,1300.0,1300.7256124983542,1267.1548699727282,1334.2963550239801,5292.0,1.4722768494225138,0.0,1300,1300,1300,1300,1300,1300,1300,1300,1300,1300,1300
,Aggregated,2,0,1300.0,1300.7256124983542,1267.1548699727282,1334.2963550239801,5292.0,1.4722768494225138,0.0,1300,1300,1300,1300,1300,1300,1300,1300,1300,1300,1300
