Type,Name,Request Count,Failure Count,Median Response Time,Average Response Time,Min Response Time,Max Response Time,Average Content Size,Requests/s,Failures/s,50%,66%,75%,80%,90%,95%,98%,99%,99.9%,99.99%,100%
GET,/productpage?u=normal,8517,0,340.0,346.41182446686446,52.39666497800499,1559.889983967878,4929.183750146765,72.75705598469165,0.0,340,360,370,380,400,430,470,530,1300,1600,1600
GET,/productpage?u=test,8451,0,340.0,342.12159494497314,34.29331001825631,696.0221260087565,4936.671873151106,72.19324646314773,0.0,340,360,370,380,400,430,460,490,600,700,700
,Aggregated,16968,0,340.0,344.2750535044939,34.29331001825631,1559.889983967878,4932.913248467704,144.9503024478394,0.0,340,360,370,380,400,430,460,510,1300,1600,1600
