Type,Name,Request Count,Failure Count,Median Response Time,Average Response Time,Min Response Time,Max Response Time,Average Content Size,Requests/s,Failures/s,50%,66%,75%,80%,90%,95%,98%,99%,99.9%,99.99%,100%
GET,/productpage?u=normal,2,0,1200.0,1316.3218360277824,1184.237229055725,1448.4064429998398,5292.0,1.3637655800306385,0.0,1400,1400,1400,1400,1400,1400,1400,1400,1400,1400,1400
,Aggregated,2,0,1200.0,1316.3218360277824,1184.237229055725,1448.4064429998398,5292.0,1.3637655800306385,0.0,1400,1400,1400,1400,1400,1400,1400,1400,1400,1400,1400
