Type,Name,Request Count,Failure Count,Median Response Time,Average Response Time,Min Response Time,Max Response Time,Average Content Size,Requests/s,Failures/s,50%,66%,75%,80%,90%,95%,98%,99%,99.9%,99.99%,100%
GET,/productpage?u=normal,8474,0,340.0,348.7085133467524,125.68394397385418,1827.990451012738,4934.455983006845,72.39104084521554,0.0,340,360,370,380,400,430,460,500,1600,1800,1800
GET,/productpage?u=test,8401,0,340.0,343.467744422405,128.00810602493584,811.1584570724517,4939.254612546126,71.76742201329428,0.0,340,360,370,380,400,420,450,470,550,810,810
,Aggregated,16875,0,340.0,346.0994644736595,125.68394397385418,1827.990451012738,4936.844918518518,144.15846285850984,0.0,340,360,370,380,400,430,460,480,1200,1800,1800
