Type,Name,Request Count,Failure Count,Median Response Time,Average Response Time,Min Response Time,Max Response Time,Average Content Size,Requests/s,Failures/s,50%,66%,75%,80%,90%,95%,98%,99%,99.9%,99.99%,100%
GET,/productpage?u=normal,2,0,1575.087648932822,1569.8075160034932,1564.5273830741644,1575.087648932822,5292.0,1.256674927541942,0.0,1600,1600,1600,1600,1600,1600,1600,1600,1600,1600,1600
,Aggregated,2,0,1575.087648932822,1569.8075160034932,1564.5273830741644,1575.087648932822,5292.0,1.256674927541942,0.0,1600,1600,1600,1600,1600,1600,1600,1600,1600,1600,1600
