Type,Name,Request Count,Failure Count,Median Response Time,Average Response Time,Min Response Time,Max Response Time,Average Content Size,Requests/s,Failures/s,50%,66%,75%,80%,90%,95%,98%,99%,99.9%,99.99%,100%
GET,/productpage?u=normal,6547,0,400.0,454.48709383060805,170.44315894600004,2176.1009239125997,4932.859324881625,55.92148984508951,0.0,400,440,480,510,650,850,970,1100,2000,2200,2200
GET,/productpage?u=test,6459,0,400.0,443.5805028720013,151.14045806694776,1185.1411759853363,4935.704907880477,55.16983395592381,0.0,400,440,470,500,640,820,940,1000,1100,1200,1200
,Aggregated,13006,0,400.0,449.07069593720183,151.14045806694776,2176.1009239125997,4934.272489620175,111.09132380101332,0.0,400,440,480,510,650,840,960,1000,1900,2100,2200
