Type,Name,Request Count,Failure Count,Median Response Time,Average Response Time,Min Response Time,Max Response Time,Average Content Size,Requests/s,Failures/s,50%,66%,75%,80%,90%,95%,98%,99%,99.9%,99.99%,100%
GET,/productpage?u=normal,6761,0,390.0,432.26909944595803,98.57704897876829,2183.797291945666,4937.177636444313,57.75044452526183,0.0,390,420,450,470,590,770,940,1100,2000,2200,2200
GET,/productpage?u=test,6782,0,390.0,430.2053323655975,91.78025601431727,1236.5739460801706,4937.209672662932,57.92982025888563,0.0,390,420,450,470,600,780,920,970,1100,1200,1200
,Aggregated,13543,0,390.0,431.23561585007786,91.78025601431727,2183.797291945666,4937.1936793915675,115.68026478414745,0.0,390,420,450,470,600,770,930,1000,1800,2200,2200
