Type,Name,Request Count,Failure Count,Median Response Time,Average Response Time,Min Response Time,Max Response Time,Average Content Size,Requests/s,Failures/s,50%,66%,75%,80%,90%,95%,98%,99%,99.9%,99.99%,100%
GET,/productpage?u=normal,6188,0,420.0,475.92569640214145,99.11966300569475,2499.403972993605,4926.5578539107955,52.85157717231627,0.0,420,460,490,520,700,870,1000,1300,2400,2500,2500
GET,/productpage?u=test,6170,0,420.0,469.4444200817218,168.61529892776161,1408.6455579381436,4935.978606158833,52.697839552875145,0.0,420,460,500,520,690,860,1000,1100,1400,1400,1400
,Aggregated,12358,0,420.0,472.6897783816697,99.11966300569475,2499.403972993605,4931.261369153584,105.5494167251914,0.0,420,460,490,520,690,870,1000,1100,2200,2500,2500
