Type,Name,Request Count,Failure Count,Median Response Time,Average Response Time,Min Response Time,Max Response Time,Average Content Size,Requests/s,Failures/s,50%,66%,75%,80%,90%,95%,98%,99%,99.9%,99.99%,100%
GET,/productpage?u=normal,6917,0,380.0,435.43372137847484,184.9124690052122,1816.0611320054159,4932.862512649993,59.08369129094704,0.0,380,410,440,470,640,830,980,1100,1700,1800,1800
GET,/productpage?u=test,6677,0,380.0,424.03910744086386,184.1939800651744,1197.3751770565286,4937.904148569717,57.03365718514578,0.0,380,410,440,460,600,790,920,970,1100,1200,1200
,Aggregated,13594,0,380.0,429.83699949665726,184.1939800651744,1816.0611320054159,4935.338825952626,116.11734847609281,0.0,380,410,440,470,620,810,950,1000,1700,1800,1800
