Type,Name,Request Count,Failure Count,Median Response Time,Average Response Time,Min Response Time,Max Response Time,Average Content Size,Requests/s,Failures/s,50%,66%,75%,80%,90%,95%,98%,99%,99.9%,99.99%,100%
GET,/productpage?u=normal,6300,0,420.0,473.90841427410675,171.52350198011845,2569.2890090867877,4936.179047619047,53.81394412148876,0.0,420,470,510,540,700,820,930,1100,2400,2600,2600
GET,/productpage?u=test,6194,0,420.0,461.1891185105344,214.33291397988796,1246.133788023144,4939.300613496933,52.90850315690498,0.0,420,460,500,530,680,800,900,960,1200,1200,1200
,Aggregated,12494,0,420.0,467.6027221051002,171.52350198011845,2569.2890090867877,4937.726588762606,106.72244727839374,0.0,420,460,500,540,690,810,910,990,2200,2500,2600
