Type,Name,Request Count,Failure Count,Median Response Time,Average Response Time,Min Response Time,Max Response Time,Average Content Size,Requests/s,Failures/s,50%,66%,75%,80%,90%,95%,98%,99%,99.9%,99.99%,100%
GET,/productpage?u=normal,6871,0,380.0,424.74847118270407,198.0134790064767,2037.7798000117764,4936.114393829137,58.683156390668145,0.0,380,410,440,460,580,760,930,1100,1900,2000,2000
GET,/productpage?u=test,6968,0,380.0,419.3704692061376,206.05409506242722,1761.7235340876505,4935.074052812859,59.51160438512235,0.0,380,410,440,460,560,740,890,950,1300,1800,1800
,Aggregated,13839,0,380.0,422.0406225106385,198.0134790064767,2037.7798000117764,4935.590577353855,118.1947607757905,0.0,380,410,440,460,570,750,900,990,1700,1900,2000
