Type,Name,Request Count,Failure Count,Median Response Time,Average Response Time,Min Response Time,Max Response Time,Average Content Size,Requests/s,Failures/s,50%,66%,75%,80%,90%,95%,98%,99%,99.9%,99.99%,100%
GET,/productpage?u=normal,6954,0,380.0,427.8334608211756,197.5580930011347,2557.647712994367,4936.0713258556225,59.39453228253951,0.0,380,410,430,450,600,760,980,1100,2000,2600,2600
GET,/productpage?u=test,6885,0,380.0,416.5675940243838,201.05599099770188,5698.843523976393,4943.217138707335,58.80519913219507,0.0,380,410,430,450,560,720,910,1000,1400,5700,5700
,Aggregated,13839,0,380.0,422.2286127182844,197.5580930011347,5698.843523976393,4939.626418093793,118.19973141473457,0.0,380,410,430,450,590,740,950,1000,1900,2600,5700
