Type,Name,Request Count,Failure Count,Median Response Time,Average Response Time,Min Response Time,Max Response Time,Average Content Size,Requests/s,Failures/s,50%,66%,75%,80%,90%,95%,98%,99%,99.9%,99.99%,100%
GET,/productpage?u=normal,6932,0,390.0,436.4482487707346,173.12450299505144,1769.6416650433093,4943.28793998846,59.21599510661624,0.0,390,420,440,460,600,800,1000,1200,1700,1800,1800
GET,/productpage?u=test,6599,0,390.0,426.7450888450793,170.8229979267344,1939.263517037034,4931.61357781482,56.371372144916414,0.0,390,420,440,460,570,760,940,1100,1500,1900,1900
,Aggregated,13531,0,390.0,431.7160669401678,170.8229979267344,1939.263517037034,4937.594412829798,115.58736725153265,0.0,390,420,440,460,590,780,980,1100,1500,1800,1900
