Type,Name,Request Count,Failure Count,Median Response Time,Average Response Time,Min Response Time,Max Response Time,Average Content Size,Requests/s,Failures/s,50%,66%,75%,80%,90%,95%,98%,99%,99.9%,99.99%,100%
GET,/productpage?u=normal,6708,0,390.0,439.7015917830378,179.9574539763853,2500.256755040027,4944.29099582588,57.304541960217755,0.0,390,420,450,480,610,820,960,1000,2100,2500,2500
GET,/productpage?u=test,6702,0,390.0,431.5877531677228,121.62662798073143,1269.5883039850742,4937.590569979111,57.25328566150557,0.0,390,420,450,470,610,780,920,980,1100,1300,1300
,Aggregated,13410,0,390.0,435.6464876518043,121.62662798073143,2500.256755040027,4940.9422818791945,114.55782762172333,0.0,390,420,450,470,610,790,940,1000,1800,2400,2500
