Type,Name,Request Count,Failure Count,Median Response Time,Average Response Time,Min Response Time,Max Response Time,Average Content Size,Requests/s,Failures/s,50%,66%,75%,80%,90%,95%,98%,99%,99.9%,99.99%,100%
GET,/productpage?u=normal,6402,0,410.0,458.14957132981084,106.77355900406837,1746.9151800032705,4937.653233364574,54.691518261245726,0.0,410,450,480,500,640,800,990,1200,1700,1700,1700
GET,/productpage?u=test,6468,0,410.0,449.774947691571,126.04663800448179,1551.2318459805101,4930.450834879406,55.25534834641321,0.0,410,450,480,500,620,780,910,1000,1300,1600,1600
,Aggregated,12870,0,410.0,453.9407861167467,106.77355900406837,1746.9151800032705,4934.033566433566,109.94686660765893,0.0,410,450,480,500,630,790,940,1100,1600,1700,1700
