Type,Name,Request Count,Failure Count,Median Response Time,Average Response Time,Min Response Time,Max Response Time,Average Content Size,Requests/s,Failures/s,50%,66%,75%,80%,90%,95%,98%,99%,99.9%,99.99%,100%
GET,/productpage?u=normal,6330,0,410.0,462.5335408526945,215.7897891011089,2030.3562539629638,4932.047393364929,54.06610640649923,0.0,410,440,480,510,650,840,1000,1200,2000,2000,2000
GET,/productpage?u=test,6404,0,410.0,455.5533975422767,221.55380400363356,1579.8349139513448,4943.394753279201,54.69815883526399,0.0,410,450,480,510,640,810,950,1000,1300,1600,1600
,Aggregated,12734,0,410.0,459.0231876439686,215.7897891011089,2030.3562539629638,4937.754044290875,108.76426524176323,0.0,410,440,480,510,650,830,980,1100,1900,2000,2000
