Type,Name,Request Count,Failure Count,Median Response Time,Average Response Time,Min Response Time,Max Response Time,Average Content Size,Requests/s,Failures/s,50%,66%,75%,80%,90%,95%,98%,99%,99.9%,99.99%,100%
GET,/productpage?u=normal,6503,0,410.0,455.7222581876898,189.605793915689,1943.712610984221,4943.930186067969,55.541551431593604,0.0,410,440,470,510,650,810,940,1100,1900,1900,1900
GET,/productpage?u=test,6458,0,410.0,445.5798948079282,159.84682296402752,1429.5125489588827,4939.670486218643,55.15721038678018,0.0,410,440,470,500,630,770,890,940,1300,1400,1400
,Aggregated,12961,0,410.0,450.6686834090076,159.84682296402752,1943.712610984221,4941.807730884962,110.69876181837378,0.0,410,440,470,500,640,790,910,990,1800,1900,1900
