Type,Name,Request Count,Failure Count,Median Response Time,Average Response Time,Min Response Time,Max Response Time,Average Content Size,Requests/s,Failures/s,50%,66%,75%,80%,90%,95%,98%,99%,99.9%,99.99%,100%
GET,/productpage?u=normal,6452,0,410.0,456.66047765175676,58.68119199294597,2292.1345769427717,4942.12771233726,55.10244984345088,0.0,410,450,480,510,630,850,1000,1100,2000,2300,2300
GET,/productpage?u=test,6496,0,410.0,445.75889732182145,75.3153070108965,1322.7699500275776,4935.732142857143,55.47822600481353,0.0,410,450,470,500,610,800,980,1100,1200,1300,1300
,Aggregated,12948,0,410.0,451.19116456685873,58.68119199294597,2292.1345769427717,4938.91906085882,110.5806758482644,0.0,410,450,480,510,620,830,1000,1100,2000,2200,2300
