Type,Name,Request Count,Failure Count,Median Response Time,Average Response Time,Min Response Time,Max Response Time,Average Content Size,Requests/s,Failures/s,50%,66%,75%,80%,90%,95%,98%,99%,99.9%,99.99%,100%
GET,/productpage?u=normal,6376,0,420.0,469.8188282513997,152.52524404786527,2009.912415058352,4940.130489335006,54.45973148621489,0.0,420,460,490,520,670,870,1100,1200,2000,2000,2000
GET,/productpage?u=test,6166,0,420.0,461.3431554987448,115.65348389558494,1634.7487639868632,4944.79403178722,52.666045223337676,0.0,420,460,490,520,650,810,1000,1100,1400,1600,1600
,Aggregated,12542,0,420.0,465.65194910988555,115.65348389558494,2009.912415058352,4942.423217987562,107.12577670955257,0.0,420,460,490,520,660,840,1000,1100,1900,2000,2000
