Type,Name,Request Count,Failure Count,Median Response Time,Average Response Time,Min Response Time,Max Response Time,Average Content Size,Requests/s,Failures/s,50%,66%,75%,80%,90%,95%,98%,99%,99.9%,99.99%,100%
GET,/productpage?u=normal,30,0,780.0,1006.1052405935092,140.67564602009952,2042.5981549778953,4992.4,3.0281904530688806,0.0,840,1000,1300,1600,1800,1900,2000,2000,2000,2000,2000
,Aggregated,30,0,780.0,1006.1052405935092,140.67564602009952,2042.5981549778953,4992.4,3.0281904530688806,0.0,840,1000,1300,1600,1800,1900,2000,2000,2000,2000,2000
