Type,Name,Request Count,Failure Count,Median Response Time,Average Response Time,Min Response Time,Max Response Time,Average Content Size,Requests/s,Failures/s,50%,66%,75%,80%,90%,95%,98%,99%,99.9%,99.99%,100%
GET,/productpage?u=normal,27,0,670.0,685.7811222413417,143.0488401092589,1541.6042460128665,4737.851851851852,2.760437888116547,0.0,670,710,730,740,1000,1400,1500,1500,1500,1500,1500
,Aggregated,27,0,670.0,685.7811222413417,143.0488401092589,1541.6042460128665,4737.851851851852,2.760437888116547,0.0,670,710,730,740,1000,1400,1500,1500,1500,1500,1500
