Type,Name,Request Count,Failure Count,Median Response Time,Average Response Time,Min Response Time,Max Response Time,Average Content Size,Requests/s,Failures/s,50%,66%,75%,80%,90%,95%,98%,99%,99.9%,99.99%,100%
GET,/productpage?u=normal,16977,7896,1300.0,2544.6724776198894,6.360897910781205,110370.23339502048,2685.9210696825116,141.70015876884653,65.90472130758157,1300,1900,2200,2300,2900,4000,15000,28000,110000,110000,110000
GET,/productpage?u=test,15693,7655,1200.0,2129.9342222607156,6.679872050881386,110344.72517797258,2572.8269292041036,130.98312962004528,63.89319169320376,1200,1800,2100,2200,2700,3300,14000,27000,110000,110000,110000
,Aggregated,32670,15551,1300.0,2345.45339462781,6.360897910781205,110370.23339502048,2631.5964187327822,272.6832883888918,129.79791300078531,1300,1900,2100,2300,2800,3800,14000,28000,110000,110000,110000
