Type,Name,Request Count,Failure Count,Median Response Time,Average Response Time,Min Response Time,Max Response Time,Average Content Size,Requests/s,Failures/s,50%,66%,75%,80%,90%,95%,98%,99%,99.9%,99.99%,100%
GET,/productpage?u=normal,17122,8489,1200.0,1837.9634165040015,6.350678973831236,58418.72498008888,2530.505606821633,145.96102041410802,72.36672715193102,1200,1800,2100,2300,3100,4000,6100,16000,55000,56000,58000
GET,/productpage?u=test,16331,8465,1200.0,1748.5493012814286,5.799334961920977,56981.553061981685,2421.751454289388,139.21793157240964,72.16213280022336,1200,1700,2000,2200,2700,3600,5400,15000,55000,56000,57000
,Aggregated,33453,16954,1200.0,1794.3134623683654,5.799334961920977,58418.72498008888,2477.414282725017,285.17895198651763,144.52885995215436,1200,1700,2100,2200,2900,3800,5800,15000,55000,56000,58000
