Type,Name,Request Count,Failure Count,Median Response Time,Average Response Time,Min Response Time,Max Response Time,Average Content Size,Requests/s,Failures/s,50%,66%,75%,80%,90%,95%,98%,99%,99.9%,99.99%,100%
GET,/productpage?u=normal,18214,10575,1200.0,3009.7020822909817,7.289765984751284,110027.44116005488,2122.9071593279896,155.25162844355398,90.13868292470535,1200,1700,2100,2300,3000,4500,17000,108000,110000,110000,110000
GET,/productpage?u=test,17157,10008,1100.0,1999.0837884615714,6.412085029296577,110024.88911093678,2110.405898467098,146.24202202734466,85.3057152444871,1100,1600,1900,2200,2700,3300,7700,27000,109000,110000,110000
,Aggregated,35371,20583,1200.0,2519.4932087157003,6.412085029296577,110027.44116005488,2116.84331797235,301.4936504708986,175.44439816919245,1200,1600,2000,2200,2800,3900,14000,29000,110000,110000,110000
