Type,Name,Request Count,Failure Count,Median Response Time,Average Response Time,Min Response Time,Max Response Time,Average Content Size,Requests/s,Failures/s,50%,66%,75%,80%,90%,95%,98%,99%,99.9%,99.99%,100%
GET,/productpage?u=normal,18942,12145,1000.0,1885.2984062040846,4.439320997335017,57668.364941026084,1828.315331010453,161.57801994549254,103.59861958811143,1000,1600,2100,2400,3600,5400,10000,16000,57000,58000,58000
GET,/productpage?u=test,17681,11721,910.0,1627.8327096598384,7.9238960752263665,56952.71281397436,1726.8880153837454,150.8215062113955,99.9818378091605,910,1500,1900,2200,2900,4400,7300,15000,30000,57000,57000
,Aggregated,36623,23866,950.0,1760.998076340383,4.439320997335017,57668.364941026084,1779.347841520356,312.39952615688804,203.58045739727194,950,1600,2000,2300,3200,5000,8700,16000,54000,58000,58000
