Type,Name,Request Count,Failure Count,Median Response Time,Average Response Time,Min Response Time,Max Response Time,Average Content Size,Requests/s,Failures/s,50%,66%,75%,80%,90%,95%,98%,99%,99.9%,99.99%,100%
GET,/productpage?u=normal,18868,12299,1000.0,1990.7155744698402,8.232775959186256,112189.79244399816,1776.0289908840364,160.95632699011895,104.91847920561125,1000,1600,2000,2300,3100,5300,14000,27000,112000,112000,112000
GET,/productpage?u=test,18000,11772,970.0,1735.0265863569036,7.600310957059264,112097.54342900123,1769.9055555555556,153.55172174168652,100.422826019063,970,1500,1900,2200,2800,3600,9100,15000,56000,112000,112000
,Aggregated,36868,24071,980.0,1865.8809811631072,7.600310957059264,112189.79244399816,1773.0393566236303,314.5080487318055,205.34130522467424,980,1500,1900,2200,3000,4400,13000,19000,56000,112000,112000
