Type,Name,Request Count,Failure Count,Median Response Time,Average Response Time,Min Response Time,Max Response Time,Average Content Size,Requests/s,Failures/s,50%,66%,75%,80%,90%,95%,98%,99%,99.9%,99.99%,100%
GET,/productpage?u=normal,17001,10241,1000.0,1813.9864462871979,6.582456058822572,111852.57809108589,2020.8476560202341,145.02294724546044,87.35839084411273,1000,1700,2200,2400,3200,4700,14000,15000,54000,57000,112000
GET,/productpage?u=test,15987,10021,970.0,1592.7475681656808,8.069620002061129,111901.85175393708,1900.5486332645273,136.3732637852583,85.48173368312213,970,1500,2000,2200,2800,3500,6300,15000,54000,56000,112000
,Aggregated,32988,20262,1000.0,1706.767277361266,6.582456058822572,111901.85175393708,1962.5470474111798,281.39621103071875,172.84012452723485,1000,1600,2100,2300,3000,4300,9700,15000,54000,57000,112000
