Type,Name,Request Count,Failure Count,Median Response Time,Average Response Time,Min Response Time,Max Response Time,Average Content Size,Requests/s,Failures/s,50%,66%,75%,80%,90%,95%,98%,99%,99.9%,99.99%,100%
GET,/productpage?u=normal,18396,11816,980.0,1823.017169073156,5.410298006609082,112034.94976996444,1823.8854098717113,156.77068529245744,100.69593484538363,980,1600,2000,2300,3100,4900,9200,17000,55000,112000,112000
GET,/productpage?u=test,17797,11910,890.0,1527.4379449468715,6.8721650168299675,56307.44211107958,1695.4396808450863,151.66600816209314,101.49700270891326,890,1400,1800,2000,2700,3400,6100,14000,54000,56000,56000
,Aggregated,36193,23726,930.0,1677.6734989773963,5.410298006609082,112034.94976996444,1760.7254441466582,308.4366934545506,202.1929375542969,930,1500,1900,2200,2900,4200,7700,15000,55000,59000,112000
