Type,Name,Request Count,Failure Count,Median Response Time,Average Response Time,Min Response Time,Max Response Time,Average Content Size,Requests/s,Failures/s,50%,66%,75%,80%,90%,95%,98%,99%,99.9%,99.99%,100%
GET,/productpage?u=normal,18542,12206,1100.0,1936.1735361310932,7.340661017224193,60903.99113600142,1743.6473951030093,157.78184068105625,103.8660957476525,1100,1600,2100,2400,3300,5300,11000,18000,57000,61000,61000
GET,/productpage?u=test,17543,11736,1000.0,1632.9563599951966,9.398827096447349,57536.5627289284,1696.4260388759049,149.28092067024969,99.86666391073649,1000,1500,1900,2200,2800,3600,6700,14000,55000,57000,58000
,Aggregated,36085,23942,1100.0,1788.7621762599124,7.340661017224193,60903.99113600142,1720.6903699598172,307.06276135130594,203.73275965838897,1100,1600,2000,2300,3100,4500,8500,15000,56000,60000,61000
