Type,Name,Request Count,Failure Count,Median Response Time,Average Response Time,Min Response Time,Max Response Time,Average Content Size,Requests/s,Failures/s,50%,66%,75%,80%,90%,95%,98%,99%,99.9%,99.99%,100%
GET,/productpage?u=normal,18189,11705,990.0,2386.9396101501843,6.943540996871889,111459.54583096318,1819.3725328495245,154.91868300986016,99.69339626314878,990,1600,2000,2300,3100,5100,14000,28000,111000,111000,111000
GET,/productpage?u=test,17406,11322,970.0,1817.0028895958117,10.210831998847425,111458.51841708645,1786.2784097437666,148.24974415688746,96.43132272459381,970,1500,1900,2100,2700,3400,6800,27000,110000,111000,111000
,Aggregated,35595,23027,980.0,2108.2398332722764,6.943540996871889,111459.54583096318,1803.1894648124737,303.1684271667476,196.1247189877426,980,1500,2000,2200,2900,4200,13000,28000,111000,111000,111000
