Type,Name,Request Count,Failure Count,Median Response Time,Average Response Time,Min Response Time,Max Response Time,Average Content Size,Requests/s,Failures/s,50%,66%,75%,80%,90%,95%,98%,99%,99.9%,99.99%,100%
GET,/productpage?u=normal,17556,10862,1100.0,1976.569136928621,5.663768039084971,112328.77648505382,1938.4667350193665,149.48230638484253,92.48557826111642,1100,1600,2000,2300,3200,5300,9000,17000,110000,112000,112000
GET,/productpage?u=test,16486,10446,990.0,1689.8430244449228,6.813612999394536,111731.43828299362,1865.6616523110517,140.371685068382,88.94350492686632,990,1500,1900,2100,2700,3500,5700,15000,110000,112000,112000
,Aggregated,34042,21308,1000.0,1837.7122339732723,5.663768039084971,112328.77648505382,1903.2083896363315,289.8539914532245,181.42908318798274,1000,1600,2000,2200,3000,4300,7900,15000,110000,112000,112000
