Type,Name,Request Count,Failure Count,Median Response Time,Average Response Time,Min Response Time,Max Response Time,Average Content Size,Requests/s,Failures/s,50%,66%,75%,80%,90%,95%,98%,99%,99.9%,99.99%,100%
GET,/productpage?u=normal,18199,11407,1000.0,2403.03288673793,9.117242996580899,110558.7228940567,1899.955217319633,154.98234639724006,97.141800393061,1000,1600,2000,2400,3100,5100,14000,28000,110000,111000,111000
GET,/productpage?u=test,17157,11072,930.0,1694.348424785702,6.053995923139155,110566.1705690436,1807.1214081715918,146.1086937269876,94.2889466075192,930,1400,1800,2100,2700,3400,6300,15000,109000,110000,111000
,Aggregated,35356,22479,970.0,2059.133709406948,6.053995923139155,110566.1705690436,1854.9062959610815,301.0910401242277,191.4307470005802,970,1500,1900,2200,2900,4400,9300,27000,110000,111000,111000
