Type,Name,Request Count,Failure Count,Median Response Time,Average Response Time,Min Response Time,Max Response Time,Average Content Size,Requests/s,Failures/s,50%,66%,75%,80%,90%,95%,98%,99%,99.9%,99.99%,100%
GET,/productpage?u=normal,17831,11298,1100.0,2470.4650852668415,7.43132596835494,112015.90975699946,1863.4367113454098,152.00042722675667,96.30984391273046,1100,1600,2100,2400,3200,5200,15000,28000,112000,112000,112000
GET,/productpage?u=test,16725,10856,960.0,1746.555484187961,6.750796921551228,111905.60740896035,1790.5330941704035,142.5723260258822,92.54201323389998,960,1500,1800,2100,2700,3400,8000,15000,111000,112000,112000
,Aggregated,34556,22154,1000.0,2120.095017028478,6.750796921551228,112015.90975699946,1828.1515800439865,294.57275325263885,188.85185714663044,1000,1500,2000,2300,2900,4300,14000,27000,112000,112000,112000
