Type,Name,Request Count,Failure Count,Median Response Time,Average Response Time,Min Response Time,Max Response Time,Average Content Size,Requests/s,Failures/s,50%,66%,75%,80%,90%,95%,98%,99%,99.9%,99.99%,100%
GET,/productpage?u=normal,19499,12911,960.0,2119.9758992478814,9.586503962054849,112600.55538499728,1725.915841838043,166.30749511878236,110.11826603818652,960,1600,2000,2300,3300,5400,13000,27000,111000,112000,113000
GET,/productpage?u=test,18348,12284,900.0,1640.080039619703,4.8399100778624415,112617.90015397128,1692.1386527141922,156.4905851807487,104.77056618488756,900,1500,1800,2100,2800,3700,6400,15000,55000,113000,113000
,Aggregated,37847,25195,930.0,1887.3252470837028,4.8399100778624415,112617.90015397128,1709.540861891299,322.7980802995311,214.88883222307408,930,1500,1900,2200,3000,4400,8400,17000,111000,113000,113000
