Type,Name,Request Count,Failure Count,Median Response Time,Average Response Time,Min Response Time,Max Response Time,Average Content Size,Requests/s,Failures/s,50%,66%,75%,80%,90%,95%,98%,99%,99.9%,99.99%,100%
GET,/productpage?u=normal,18822,12201,970.0,1795.8884597677627,5.8995450381189585,57955.631883931346,1796.4272128360428,160.4718555330964,104.02279828707414,970,1600,2000,2300,3100,5400,9100,15000,54000,56000,58000
GET,/productpage?u=test,17599,11791,910.0,1577.4904151405317,7.9766769194975495,58137.290680082515,1690.0228990283538,150.04485100026372,100.52723666936244,910,1400,1800,2100,2700,3500,6600,15000,54000,58000,58000
,Aggregated,36421,23992,940.0,1690.356289113612,5.8995450381189585,58137.290680082515,1745.0115592652592,310.51670653336015,204.55003495643658,940,1500,1900,2200,2900,4400,8100,15000,54000,57000,58000
