Type,Name,Request Count,Failure Count,Median Response Time,Average Response Time,Min Response Time,Max Response Time,Average Content Size,Requests/s,Failures/s,50%,66%,75%,80%,90%,95%,98%,99%,99.9%,99.99%,100%
GET,/productpage?u=normal,21278,12453,1200.0,2838.254268514076,5.376514047384262,110411.54489398468,2098.844299276248,177.31842816698716,103.77603092224322,1200,1700,2100,2300,3000,4300,16000,55000,110000,110000,110000
GET,/productpage?u=test,19365,11465,1200.0,2324.4267171982624,6.750073982402682,110331.56070392579,2071.565969532662,161.37660313251746,95.54261579727925,1200,1600,2000,2200,2700,3600,14000,28000,110000,110000,110000
,Aggregated,40643,23918,1200.0,2593.4330070119745,5.376514047384262,110411.54489398468,2085.847107743031,338.69503129950465,199.31864671952246,1200,1700,2100,2300,2900,4000,15000,29000,110000,110000,110000
