Type,Name,Request Count,Failure Count,Median Response Time,Average Response Time,Min Response Time,Max Response Time,Average Content Size,Requests/s,Failures/s,50%,66%,75%,80%,90%,95%,98%,99%,99.9%,99.99%,100%
GET,/productpage?u=normal,54,0,750.0,781.3233966309646,125.7899550255388,1833.405407029204,4940.592592592592,2.722925972212097,0.0,750,810,880,900,1100,1500,1800,1800,1800,1800,1800
GET,/productpage?u=test,3,0,58,71.53167998573433,18.474312964826822,138.49888800177723,4960.666666666667,0.15127366512289428,0.0,58,58,140,140,140,140,140,140,140,140,140
,Aggregated,57,0,720.0,743.9659378601631,18.474312964826822,1833.405407029204,4941.649122807017,2.874199637334991,0.0,720,800,880,900,1100,1500,1800,1800,1800,1800,1800
