Type,Name,Request Count,Failure Count,Median Response Time,Average Response Time,Min Response Time,Max Response Time,Average Content Size,Requests/s,Failures/s,50%,66%,75%,80%,90%,95%,98%,99%,99.9%,99.99%,100%
GET,/productpage?u=normal,62,0,8100.0,7903.325280797998,297.01619409024715,13298.446997068822,4889.612903225807,2.578765537659745,0.0,8300,9200,11000,11000,12000,12000,13000,13000,13000,13000,13000
GET,/productpage?u=test,2,0,63.41223500203341,146.23360201949254,63.41223500203341,229.05496903695166,4794.0,0.08318598508579822,0.0,230,230,230,230,230,230,230,230,230,230,230
,Aggregated,64,0,7500.0,7660.91616583617,63.41223500203341,13298.446997068822,4886.625,2.661951522745543,0.0,8100,9200,11000,11000,12000,12000,13000,13000,13000,13000,13000
