Type,Name,Request Count,Failure Count,Median Response Time,Average Response Time,Min Response Time,Max Response Time,Average Content Size,Requests/s,Failures/s,50%,66%,75%,80%,90%,95%,98%,99%,99.9%,99.99%,100%
GET,/productpage?u=normal,70,0,680.0,667.7683376790291,69.55037103034556,1633.6273819906637,4779.028571428571,3.534617229288958,0.0,680,710,740,750,780,790,1600,1600,1600,1600,1600
,Aggregated,70,0,680.0,667.7683376790291,69.55037103034556,1633.6273819906637,4779.028571428571,3.534617229288958,0.0,680,710,740,750,780,790,1600,1600,1600,1600,1600
