Type,Name,Request Count,Failure Count,Median Response Time,Average Response Time,Min Response Time,Max Response Time,Average Content Size,Requests/s,Failures/s,50%,66%,75%,80%,90%,95%,98%,99%,99.9%,99.99%,100%
GET,/productpage?u=normal,70,0,640.0,623.0403387536561,17.558377934619784,1474.4869860587642,4949.4857142857145,3.5495305143744176,0.0,640,690,710,720,770,1000,1200,1500,1500,1500,1500
GET,/productpage?u=test,6,0,65,126.47814381246765,54.75445999763906,368.2265119859949,4626.0,0.3042454726606644,0.0,95,95,120,120,370,370,370,370,370,370,370
,Aggregated,76,0,630.0,583.8380602056675,17.558377934619784,1474.4869860587642,4923.9473684210525,3.853775987035082,0.0,630,680,710,710,770,1000,1200,1500,1500,1500,1500
