Type,Name,Request Count,Failure Count,Median Response Time,Average Response Time,Min Response Time,Max Response Time,Average Content Size,Requests/s,Failures/s,50%,66%,75%,80%,90%,95%,98%,99%,99.9%,99.99%,100%
GET,/productpage?u=normal,58,0,760.0,859.8430980105306,59.88910607993603,1798.6959910485893,4947.931034482759,2.9167966170047928,0.0,780,1100,1200,1300,1500,1600,1700,1800,1800,1800,1800
GET,/productpage?u=test,3,0,540.0,663.7157507163162,62.24687700159848,1389.0013000927866,4959.333333333333,0.15086879053473068,0.0,540,540,1400,1400,1400,1400,1400,1400,1400,1400,1400
,Aggregated,61,0,760.0,850.1974907665528,59.88910607993603,1798.6959910485893,4948.491803278688,3.0676654075395238,0.0,760,1100,1200,1300,1400,1500,1700,1800,1800,1800,1800
