Type,Name,Request Count,Failure Count,Median Response Time,Average Response Time,Min Response Time,Max Response Time,Average Content Size,Requests/s,Failures/s,50%,66%,75%,80%,90%,95%,98%,99%,99.9%,99.99%,100%
GET,/productpage?u=normal,21179,14460,1300.0,2413.881216423807,9.66102397069335,111840.26842901949,1627.938712875962,176.73013111632127,120.66281202804691,1300,1800,2300,2500,3400,5200,15000,27000,109000,112000,112000
GET,/productpage?u=test,19544,13326,1200.0,1957.9210765734647,11.803809087723494,108171.63970996626,1630.9718583708554,163.0867218724861,111.20004378186398,1200,1700,2100,2400,3100,3900,9100,16000,59000,108000,108000
,Aggregated,40723,27786,1200.0,2195.054387034134,9.66102397069335,111840.26842901949,1629.3943962871106,339.81685298880734,231.86285580991088,1200,1700,2200,2500,3200,4500,15000,27000,108000,111000,112000
