Type,Name,Request Count,Failure Count,Median Response Time,Average Response Time,Min Response Time,Max Response Time,Average Content Size,Requests/s,Failures/s,50%,66%,75%,80%,90%,95%,98%,99%,99.9%,99.99%,100%
GET,/productpage?u=normal,19751,13095,1100.0,2244.76479774462,7.8943700063973665,112604.27890799474,1723.6804718748417,164.66710515639838,109.17501605098661,1100,1800,2300,2500,3400,5600,14000,27000,112000,112000,113000
GET,/productpage?u=test,17775,11759,1100.0,1885.3468412645761,7.151874015107751,112629.29508998059,1729.897552742616,148.19289120322927,98.03657989641479,1100,1600,2100,2400,3200,4200,8800,27000,57000,113000,113000
,Aggregated,37526,24854,1100.0,2074.5187236511083,7.151874015107751,112629.29508998059,1726.6253264403347,312.85999635962764,207.2115959474014,1100,1700,2200,2500,3200,4900,14000,27000,111000,112000,113000
