Type,Name,Request Count,Failure Count,Median Response Time,Average Response Time,Min Response Time,Max Response Time,Average Content Size,Requests/s,Failures/s,50%,66%,75%,80%,90%,95%,98%,99%,99.9%,99.99%,100%
GET,/productpage?u=normal,21916,15345,1100.0,2502.1228272010667,8.464649901725352,111776.49406297132,1542.6446888118269,186.14327287440594,130.3325662647271,1100,1700,2100,2500,3500,5800,15000,28000,112000,112000,112000
GET,/productpage?u=test,19753,13988,1000.0,1918.4018107951729,5.957202985882759,111784.92345497943,1507.741102617324,167.77185933054116,118.80690367618134,1000,1500,1900,2200,2900,4100,14000,27000,55000,112000,112000
,Aggregated,41669,29333,1100.0,2225.412533287965,5.957202985882759,111784.92345497943,1526.098802467062,353.9151322049471,249.1394699409084,1100,1600,2000,2300,3200,5100,15000,27000,111000,112000,112000
