Type,Name,Request Count,Failure Count,Median Response Time,Average Response Time,Min Response Time,Max Response Time,Average Content Size,Requests/s,Failures/s,50%,66%,75%,80%,90%,95%,98%,99%,99.9%,99.99%,100%
GET,/productpage?u=normal,20610,13553,1200.0,2666.0509712908315,7.476689061149955,112052.09326092154,1747.6897137311985,171.0999184262645,112.5141773134965,1200,1800,2200,2500,3300,5000,15000,29000,112000,112000,112000
GET,/productpage?u=test,18404,11881,1100.0,1855.343692390603,8.976368000730872,112169.73568708636,1810.1680612910236,152.78616684701467,98.6335822815356,1100,1700,2100,2300,2900,4000,8400,15000,56000,112000,112000
,Aggregated,39014,25434,1200.0,2283.6175688999074,7.476689061149955,112169.73568708636,1777.1625057671606,323.8860852732792,211.1477595950321,1200,1700,2100,2400,3100,4600,14000,28000,112000,112000,112000
