Type,Name,Request Count,Failure Count,Median Response Time,Average Response Time,Min Response Time,Max Response Time,Average Content Size,Requests/s,Failures/s,50%,66%,75%,80%,90%,95%,98%,99%,99.9%,99.99%,100%
GET,/productpage?u=normal,21892,15529,1200.0,2491.701283148502,11.521473992615938,111208.20666605141,1497.785172665814,185.78899537965583,131.78865837980428,1200,1600,1900,2200,3200,4800,15000,28000,111000,111000,111000
GET,/productpage?u=test,19931,14277,1200.0,1887.1837085063264,8.503281977027655,111081.8674940383,1465.8663890421956,169.14674159107986,121.16341526746511,1200,1500,1700,2000,2800,3800,8500,16000,111000,111000,111000
,Aggregated,41823,29806,1200.0,2203.6148288005847,8.503281977027655,111208.20666605141,1482.5740860292183,354.9357369707357,252.9520736472694,1200,1600,1800,2100,3000,4400,14000,27000,111000,111000,111000
