Type,Name,Request Count,Failure Count,Median Response Time,Average Response Time,Min Response Time,Max Response Time,Average Content Size,Requests/s,Failures/s,50%,66%,75%,80%,90%,95%,98%,99%,99.9%,99.99%,100%
GET,/productpage?u=normal,21134,14651,1200.0,2489.1469122768663,8.671278948895633,112167.8565510083,1578.327765685625,179.6102689147998,124.51358237298817,1200,1700,2100,2500,3400,5300,15000,28000,112000,112000,112000
GET,/productpage?u=test,19206,13520,1200.0,1997.1183754477286,7.414359017275274,111888.24937597383,1523.1188170363428,163.22488997717636,114.90161993603168,1200,1600,1900,2200,3000,4200,14000,27000,109000,112000,112000
,Aggregated,40340,28171,1200.0,2254.8905890656383,7.414359017275274,112167.8565510083,1552.0426127912742,342.83515889197616,239.41520230901986,1200,1600,2000,2400,3200,4800,14000,27000,112000,112000,112000
