Type,Name,Request Count,Failure Count,Median Response Time,Average Response Time,Min Response Time,Max Response Time,Average Content Size,Requests/s,Failures/s,50%,66%,75%,80%,90%,95%,98%,99%,99.9%,99.99%,100%
GET,/productpage?u=normal,20650,14192,1100.0,3003.1606760428563,8.628127980045974,112599.80026003905,1607.0055205811138,171.73130694076892,118.02473162728293,1100,1700,2100,2400,3400,5800,16000,57000,112000,113000,113000
GET,/productpage?u=test,18995,13028,1100.0,1816.4085896697345,10.011794976890087,112393.04639794864,1614.1257172940248,157.96785352735623,108.34457466461683,1100,1500,1900,2200,2900,4000,9000,16000,56000,112000,112000
,Aggregated,39645,27220,1100.0,2434.555407266025,8.628127980045974,112599.80026003905,1610.417000882835,329.69916046812517,226.36930629189976,1100,1600,2000,2300,3100,5000,14000,28000,112000,113000,113000
