Type,Name,Request Count,Failure Count,Median Response Time,Average Response Time,Min Response Time,Max Response Time,Average Content Size,Requests/s,Failures/s,50%,66%,75%,80%,90%,95%,98%,99%,99.9%,99.99%,100%
GET,/productpage?u=normal,21862,15236,1200.0,2358.557394299658,6.075858022086322,111279.45709507912,1560.812551459153,182.42373261218194,127.13420501688793,1200,1700,2200,2500,3500,5100,15000,28000,111000,111000,111000
GET,/productpage?u=test,19792,13696,1000.0,1857.670515576327,10.295492014847696,111233.20531204809,1583.0931689571544,165.150970444621,114.28393751058657,1000,1500,1900,2300,3100,4100,10000,27000,55000,111000,111000
,Aggregated,41654,28932,1100.0,2120.55976853283,6.075858022086322,111279.45709507912,1571.3992413693763,347.57470305680295,241.4181425274745,1100,1600,2100,2400,3300,4600,14000,27000,111000,111000,111000
