Type,Name,Request Count,Failure Count,Median Response Time,Average Response Time,Min Response Time,Max Response Time,Average Content Size,Requests/s,Failures/s,50%,66%,75%,80%,90%,95%,98%,99%,99.9%,99.99%,100%
GET,/productpage?u=normal,20612,14152,1300.0,2762.0003167738337,9.984044008888304,111810.73181994725,1609.7061905686007,174.99885044817404,120.15251948100908,1300,1900,2400,2700,4300,6400,15000,28000,112000,112000,112000
GET,/productpage?u=test,18847,13242,1200.0,1970.0674729409452,9.56382800359279,111660.34689592198,1535.8614103040272,160.01374608949817,112.42648833857562,1200,1700,2000,2300,3100,4300,8900,16000,56000,111000,112000
,Aggregated,39459,27394,1300.0,2383.7454621723878,9.56382800359279,111810.73181994725,1574.435337945716,335.0125965376722,232.5790078195847,1300,1800,2300,2500,3600,5600,15000,27000,112000,112000,112000
