Type,Name,Request Count,Failure Count,Median Response Time,Average Response Time,Min Response Time,Max Response Time,Average Content Size,Requests/s,Failures/s,50%,66%,75%,80%,90%,95%,98%,99%,99.9%,99.99%,100%
GET,/productpage?u=normal,6509,0,330.0,334.8765935778004,117.9834499489516,1224.4425991084427,4940.343524350898,74.77492690157486,0.0,330,340,350,360,380,410,450,480,1100,1200,1200
GET,/productpage?u=test,6575,0,330.0,328.8455900736153,99.90837913937867,553.9463039021939,4939.02813688213,75.53313018556686,0.0,330,340,350,360,380,400,430,450,520,550,550
,Aggregated,13084,0,330.0,331.8458806429168,99.90837913937867,1224.4425991084427,4939.682512992968,150.30805708714172,0.0,330,340,350,360,380,400,440,460,1100,1200,1200
