Type,Name,Request Count,Failure Count,Median Response Time,Average Response Time,Min Response Time,Max Response Time,Average Content Size,Requests/s,Failures/s,50%,66%,75%,80%,90%,95%,98%,99%,99.9%,99.99%,100%
GET,/productpage?u=normal,2,0,820.0,930.6583374855109,819.1327389795333,1042.1839359914884,4791.5,1.8642494517441515,0.0,1000,1000,1000,1000,1000,1000,1000,1000,1000,1000,1000
,Aggregated,2,0,820.0,930.6583374855109,819.1327389795333,1042.1839359914884,4791.5,1.8642494517441515,0.0,1000,1000,1000,1000,1000,1000,1000,1000,1000,1000,1000
