Type,Name,Request Count,Failure Count,Median Response Time,Average Response Time,Min Response Time,Max Response Time,Average Content Size,Requests/s,Failures/s,50%,66%,75%,80%,90%,95%,98%,99%,99.9%,99.99%,100%
GET,/productpage?u=normal,31,0,3200.0,3004.739069841772,554.5328500447795,5778.650176012889,4840.935483870968,2.6697373244355656,0.0,3200,3600,3900,4000,4100,4900,5800,5800,5800,5800,5800
GET,/productpage?u=test,3,0,62,832.8262759993473,14.023158000782132,2422.640973003581,4625.666666666667,0.2583616765582806,0.0,62,62,2400,2400,2400,2400,2400,2400,2400,2400,2400
,Aggregated,34,0,2800.0,2813.0997056792053,14.023158000782132,5778.650176012889,4821.941176470588,2.9280990009938463,0.0,2800,3600,3900,4000,4100,4900,5800,5800,5800,5800,5800
