Type,Name,Request Count,Failure Count,Median Response Time,Average Response Time,Min Response Time,Max Response Time,Average Content Size,Requests/s,Failures/s,50%,66%,75%,80%,90%,95%,98%,99%,99.9%,99.99%,100%
GET,/productpage?u=normal,20176,11453,1400.0,2813.052855119282,9.78978700004518,111081.99320395943,2187.1701526566217,168.30585338984935,95.53959847709875,1400,1900,2200,2500,3200,4400,16000,29000,111000,111000,111000
GET,/productpage?u=test,18291,10544,1400.0,2668.7096479723773,9.258360951207578,111019.4293569075,2150.6720791646167,152.58140188113273,87.95682583973887,1400,1800,2100,2400,3000,4100,16000,29000,111000,111000,111000
,Aggregated,38467,21997,1400.0,2744.417879635782,9.258360951207578,111081.99320395943,2169.815374216861,320.8872552709821,183.49642431683762,1400,1900,2200,2400,3100,4200,16000,29000,111000,111000,111000
