Type,Name,Request Count,Failure Count,Median Response Time,Average Response Time,Min Response Time,Max Response Time,Average Content Size,Requests/s,Failures/s,50%,66%,75%,80%,90%,95%,98%,99%,99.9%,99.99%,100%
GET,/productpage?u=normal,8510,0,340.0,345.2592484461615,34.20171607285738,1466.4951720042154,4932.94535840188,72.69428280056384,0.0,340,350,370,380,410,450,490,560,1300,1500,1500
GET,/productpage?u=test,8554,0,340.0,339.5351513345612,17.067459993995726,779.0794849861413,4928.027940144962,73.07014043196511,0.0,340,350,370,380,410,440,480,500,700,780,780
,Aggregated,17064,0,340.0,342.38982001832346,17.067459993995726,1466.4951720042154,4930.4803094233475,145.76442323252897,0.0,340,350,370,380,410,440,480,520,1200,1400,1500
