Type,Name,Request Count,Failure Count,Median Response Time,Average Response Time,Min Response Time,Max Response Time,Average Content Size,Requests/s,Failures/s,50%,66%,75%,80%,90%,95%,98%,99%,99.9%,99.99%,100%
GET,/productpage?u=normal,21086,12205,1300.0,1994.3743851990896,6.414931965991855,109798.66639699321,2134.173432609314,179.0795654718475,103.65484665578576,1300,1800,2200,2400,3200,4400,9400,16000,55000,56000,110000
GET,/productpage?u=test,19116,11229,1200.0,1919.0657037183273,7.370690000243485,109837.29907893576,2091.382349863988,162.34871353314222,95.36585605062011,1200,1700,2000,2300,3000,4100,9300,15000,55000,110000,110000
,Aggregated,40202,23434,1200.0,1958.5652026910898,6.414931965991855,109837.29907893576,2113.8263270484053,341.4282790049897,199.02070270640587,1200,1700,2100,2400,3100,4300,9300,16000,55000,57000,110000
