Type,Name,Request Count,Failure Count,Median Response Time,Average Response Time,Min Response Time,Max Response Time,Average Content Size,Requests/s,Failures/s,50%,66%,75%,80%,90%,95%,98%,99%,99.9%,99.99%,100%
GET,/productpage?u=normal,2,0,1100.0,1120.5210739863105,1083.351664012298,1157.690483960323,5291.5,1.6933194427146214,0.0,1200,1200,1200,1200,1200,1200,1200,1200,1200,1200,1200
,Aggregated,2,0,1100.0,1120.5210739863105,1083.351664012298,1157.690483960323,5291.5,1.6933194427146214,0.0,1200,1200,1200,1200,1200,1200,1200,1200,1200,1200,1200
