Type,Name,Request Count,Failure Count,Median Response Time,Average Response Time,Min Response Time,Max Response Time,Average Content Size,Requests/s,Failures/s,50%,66%,75%,80%,90%,95%,98%,99%,99.9%,99.99%,100%
GET,/productpage?u=normal,18549,9729,1200.0,1861.00175160178,8.136549964547157,110894.17221094482,2386.395331284705,157.92602754992498,82.8326228925128,1200,1700,2000,2200,3000,4300,8900,16000,55000,111000,111000
GET,/productpage?u=test,17515,9619,1100.0,1775.089981024176,6.955574033781886,56255.71948499419,2277.4107336568654,149.12256038260477,81.89608383215959,1100,1600,1900,2200,2700,3700,8900,16000,55000,56000,56000
,Aggregated,36064,19348,1100.0,1819.2774652867138,6.955574033781886,110894.17221094482,2333.465394853594,307.04858793252976,164.7287067246724,1100,1600,2000,2200,2900,4100,8900,16000,55000,111000,111000
