Type,Name,Request Count,Failure Count,Median Response Time,Average Response Time,Min Response Time,Max Response Time,Average Content Size,Requests/s,Failures/s,50%,66%,75%,80%,90%,95%,98%,99%,99.9%,99.99%,100%
GET,/productpage?u=normal,20921,11921,1400.0,2891.6517260259566,8.180793025530875,110722.99319808371,2179.7502509440274,173.966507198851,99.12789696082896,1400,1900,2200,2400,3000,4500,15000,55000,111000,111000,111000
GET,/productpage?u=test,18947,10903,1300.0,2312.0027376634084,8.845772012136877,110799.5998020051,2154.4782815221406,157.5519053533115,90.66281860279491,1300,1800,2100,2300,2900,4000,15000,28000,110000,111000,111000
,Aggregated,39868,22824,1300.0,2616.1774262741433,8.180793025530875,110799.5998020051,2167.7399167251933,331.5184125521625,189.79071556362388,1300,1800,2100,2300,3000,4400,15000,29000,111000,111000,111000
