Type,Name,Request Count,Failure Count,Median Response Time,Average Response Time,Min Response Time,Max Response Time,Average Content Size,Requests/s,Failures/s,50%,66%,75%,80%,90%,95%,98%,99%,99.9%,99.99%,100%
GET,/productpage?u=normal,6071,0,430.0,483.4117010363383,182.30902700452134,2376.977738982532,4935.4509965409325,51.86394432346026,0.0,430,480,510,540,670,880,1100,1300,2400,2400,2400
GET,/productpage?u=test,6153,0,430.0,472.33703924837306,152.44404299301095,1490.7833120087162,4929.478790833739,52.564462102166196,0.0,430,470,510,540,670,860,1000,1100,1300,1500,1500
,Aggregated,12224,0,430.0,477.8372250889116,152.44404299301095,2376.977738982532,4932.444862565445,104.42840642562646,0.0,430,470,510,540,670,870,1000,1200,2400,2400,2400
