Type,Name,Request Count,Failure Count,Median Response Time,Average Response Time,Min Response Time,Max Response Time,Average Content Size,Requests/s,Failures/s,50%,66%,75%,80%,90%,95%,98%,99%,99.9%,99.99%,100%
GET,/productpage?u=normal,16558,10245,1100.0,2103.2134864731074,5.827227985719219,113014.57643599133,1935.7481579900955,138.15948351479105,85.48399013220403,1100,1700,2200,2400,3200,4900,11000,18000,110000,113000,113000
GET,/productpage?u=test,15737,9835,1000.0,1723.2025324265896,6.853488011984155,112060.24218199309,1907.1762089343586,131.30908274382574,82.06296173257459,1000,1600,2000,2200,2700,3500,6000,14000,108000,112000,112000
,Aggregated,32295,20080,1000.0,1918.0383081535576,5.827227985719219,113014.57643599133,1921.8253599628426,269.4685662586168,167.5469518647786,1000,1600,2100,2300,2900,4300,8000,15000,110000,113000,113000
