Type,Name,Request Count,Failure Count,Median Response Time,Average Response Time,Min Response Time,Max Response Time,Average Content Size,Requests/s,Failures/s,50%,66%,75%,80%,90%,95%,98%,99%,99.9%,99.99%,100%
GET,/productpage?u=normal,6547,0,400.0,456.0833520404006,177.45561499032192,2573.0594499909785,4927.966855048114,55.92433407969759,0.0,400,440,480,520,660,840,980,1100,2200,2600,2600
GET,/productpage?u=test,6445,0,400.0,443.3329284920427,165.68253899458796,1466.3742909906432,4947.141194724592,55.0530522596076,0.0,400,440,470,510,640,820,930,1000,1300,1500,1500
,Aggregated,12992,0,400.0,449.7581919596447,165.68253899458796,2573.0594499909785,4937.478756157636,110.97738633930518,0.0,400,440,480,510,650,830,950,1000,2100,2600,2600
