Type,Name,Request Count,Failure Count,Median Response Time,Average Response Time,Min Response Time,Max Response Time,Average Content Size,Requests/s,Failures/s,50%,66%,75%,80%,90%,95%,98%,99%,99.9%,99.99%,100%
GET,/productpage?u=normal,6382,0,400.0,462.44338316583554,164.97248600353487,1823.4909470193088,4943.89157004074,54.51242046608777,0.0,400,450,500,550,720,840,1000,1200,1800,1800,1800
GET,/productpage?u=test,6390,0,400.0,452.5850218898437,177.1936290024314,1489.044546004152,4936.374178403756,54.580753177421,0.0,400,440,490,540,710,820,950,1100,1300,1500,1500
,Aggregated,12772,0,400.0,457.51111503605284,164.97248600353487,1823.4909470193088,4940.130519887253,109.09317364350878,0.0,400,450,490,540,710,830,980,1100,1700,1800,1800
