Type,Name,Request Count,Failure Count,Median Response Time,Average Response Time,Min Response Time,Max Response Time,Average Content Size,Requests/s,Failures/s,50%,66%,75%,80%,90%,95%,98%,99%,99.9%,99.99%,100%
GET,/productpage?u=normal,18368,11579,950.0,1847.6666862118052,5.894251982681453,112384.42585701705,1882.1172147212544,156.659464588452,98.75652986006564,950,1500,2000,2300,3000,5100,11000,17000,58000,112000,112000
GET,/productpage?u=test,17522,11251,890.0,1528.5107619578268,8.90095200156793,58837.94288500212,1828.6741239584521,149.4439861998506,95.95903942098614,890,1400,1800,2100,2600,3300,5600,14000,56000,59000,59000
,Aggregated,35890,22830,910.0,1691.8502998986667,5.894251982681453,112384.42585701705,1856.0255502925606,306.1034507883026,194.71556928105178,910,1500,1900,2200,2800,4000,8300,15000,58000,59000,112000
