totalTime,avgCost,totalCost
10,2.0,0.3333333333333333
20,2.0,0.6666666666666666
30,2.0,1.0
40,2.0,1.3333333333333333
50,2.0,1.6666666666666665
60,2.0,1.9999999999999998
70,1.9999999999999996,2.333333333333333
80,2.0,2.6666666666666665
90,2.0,3.0
100,2.0,3.3333333333333335
110,2.0,3.666666666666667
120,2.0,4.0
