Type,Name,Request Count,Failure Count,Median Response Time,Average Response Time,Min Response Time,Max Response Time,Average Content Size,Requests/s,Failures/s,50%,66%,75%,80%,90%,95%,98%,99%,99.9%,99.99%,100%
GET,/productpage?u=normal,1,0,1253.1878530280665,1253.1878530280665,1253.1878530280665,1253.1878530280665,5290.0,0.7778954242329318,0.0,1300,1300,1300,1300,1300,1300,1300,1300,1300,1300,1300
,Aggregated,1,0,1253.1878530280665,1253.1878530280665,1253.1878530280665,1253.1878530280665,5290.0,0.7778954242329318,0.0,1300,1300,1300,1300,1300,1300,1300,1300,1300,1300,1300
