Type,Name,Request Count,Failure Count,Median Response Time,Average Response Time,Min Response Time,Max Response Time,Average Content Size,Requests/s,Failures/s,50%,66%,75%,80%,90%,95%,98%,99%,99.9%,99.99%,100%
GET,/productpage?u=normal,31,0,760.0,741.8270521954963,66.98676303494722,1880.4395080078393,4937.870967741936,3.5019557188525576,0.0,760,780,810,840,890,1700,1900,1900,1900,1900,1900
,Aggregated,31,0,760.0,741.8270521954963,66.98676303494722,1880.4395080078393,4937.870967741936,3.5019557188525576,0.0,760,780,810,840,890,1700,1900,1900,1900,1900,1900
