Type,Name,Request Count,Failure Count,Median Response Time,Average Response Time,Min Response Time,Max Response Time,Average Content Size,Requests/s,Failures/s,50%,66%,75%,80%,90%,95%,98%,99%,99.9%,99.99%,100%
GET,/productpage?u=normal,13549,6986,2000.0,7701.749525770828,15.979141928255558,110714.94020300452,2443.5016606391614,113.20446746832947,58.36935639041624,2000,3900,7000,9700,15000,32000,70000,109000,111000,111000,111000
GET,/productpage?u=test,11423,5797,2000.0,7276.414693864801,14.04526294209063,110546.2873870274,2486.7018296419506,95.44133381730958,48.43503564203306,2000,4500,8400,10000,15000,27000,67000,72000,110000,110000,111000
,Aggregated,24972,12783,2000.0,7507.187625047487,14.04526294209063,110714.94020300452,2463.262814352074,208.64580128563904,106.8043920324493,2000,4100,8000,10000,15000,28000,68000,109000,110000,111000,111000
