Type,Name,Request Count,Failure Count,Median Response Time,Average Response Time,Min Response Time,Max Response Time,Average Content Size,Requests/s,Failures/s,50%,66%,75%,80%,90%,95%,98%,99%,99.9%,99.99%,100%
GET,/productpage?u=normal,7051,0,410.0,422.44718300895926,94.62116204667836,1907.695499015972,4931.692809530563,60.2316478949416,0.0,410,440,460,470,510,540,600,680,1700,1900,1900
GET,/productpage?u=test,6838,0,410.0,418.64955255065905,102.41053404752165,898.8572550006211,4917.89178122258,58.41214129990224,0.0,410,440,460,470,510,540,590,620,730,900,900
,Aggregated,13889,0,410.0,420.57748777720343,94.62116204667836,1907.695499015972,4924.8981208150335,118.64378919484385,0.0,410,440,460,470,510,540,600,640,1500,1900,1900
