Type,Name,Request Count,Failure Count,Median Response Time,Average Response Time,Min Response Time,Max Response Time,Average Content Size,Requests/s,Failures/s,50%,66%,75%,80%,90%,95%,98%,99%,99.9%,99.99%,100%
GET,/productpage?u=normal,56,0,700.0,665.9336794857934,33.20141090080142,1704.8227939521894,4864.071428571428,2.826723915278611,0.0,700,750,770,780,820,1000,1000,1700,1700,1700,1700
GET,/productpage?u=test,2,0,69,174.73383946344256,68.53472697548568,280.93295195139945,5292.0,0.10095442554566467,0.0,280,280,280,280,280,280,280,280,280,280,280
,Aggregated,58,0,690.0,648.9957539677813,33.20141090080142,1704.8227939521894,4878.827586206897,2.9276783408242757,0.0,700,750,770,780,820,1000,1000,1700,1700,1700,1700
