Type,Name,Request Count,Failure Count,Median Response Time,Average Response Time,Min Response Time,Max Response Time,Average Content Size,Requests/s,Failures/s,50%,66%,75%,80%,90%,95%,98%,99%,99.9%,99.99%,100%
GET,/productpage?u=normal,2,0,930.0,1008.3158800262026,927.4053260451183,1089.226434007287,4794.0,1.7949532261132644,0.0,1100,1100,1100,1100,1100,1100,1100,1100,1100,1100,1100
,Aggregated,2,0,930.0,1008.3158800262026,927.4053260451183,1089.226434007287,4794.0,1.7949532261132644,0.0,1100,1100,1100,1100,1100,1100,1100,1100,1100,1100,1100
