Type,Name,Request Count,Failure Count,Median Response Time,Average Response Time,Min Response Time,Max Response Time,Average Content Size,Requests/s,Failures/s,50%,66%,75%,80%,90%,95%,98%,99%,99.9%,99.99%,100%
GET,/productpage?u=normal,6565,0,320.0,330.72161857880684,102.0864809397608,2049.448875943199,4918.520335110434,75.41983570571362,0.0,320,340,350,360,380,400,430,490,1900,2000,2000
GET,/productpage?u=test,6713,0,320.0,323.4593061772996,84.02342302724719,982.9428361263126,4914.245493817965,77.12008485795211,0.0,320,340,350,360,380,390,420,430,600,980,980
,Aggregated,13278,0,320.0,327.0499885779544,84.02342302724719,2049.448875943199,4916.359090224431,152.53992056366573,0.0,320,340,350,360,380,390,420,450,1800,2000,2000
