Type,Name,Request Count,Failure Count,Median Response Time,Average Response Time,Min Response Time,Max Response Time,Average Content Size,Requests/s,Failures/s,50%,66%,75%,80%,90%,95%,98%,99%,99.9%,99.99%,100%
GET,/productpage?u=normal,6375,0,340.0,348.7517842839965,124.70362288877368,1713.6273919604719,4925.822431372549,73.23766554952017,0.0,340,360,370,370,390,420,450,500,1700,1700,1700
GET,/productpage?u=test,6226,0,340.0,340.0884815832418,118.8380578532815,595.4194508958608,4931.30934789592,71.52591462138237,0.0,340,360,370,370,390,410,440,460,540,600,600
,Aggregated,12601,0,340.0,344.4713523647124,118.8380578532815,1713.6273919604719,4928.533449726212,144.76358017090254,0.0,340,360,370,370,390,410,440,470,1600,1700,1700
