Type,Name,Request Count,Failure Count,Median Response Time,Average Response Time,Min Response Time,Max Response Time,Average Content Size,Requests/s,Failures/s,50%,66%,75%,80%,90%,95%,98%,99%,99.9%,99.99%,100%
GET,/productpage?u=normal,6496,0,330.0,337.1605999771221,21.390920970588923,1836.7479119915515,4923.276477832513,74.61426167512637,0.0,330,340,350,360,380,400,430,510,1700,1800,1800
GET,/productpage?u=test,6561,0,330.0,328.2049591647016,45.890730107203126,744.1375150810927,4933.773205304069,75.36086373930175,0.0,330,340,350,360,380,400,420,450,590,740,740
,Aggregated,13057,0,330.0,332.6604882079339,21.390920970588923,1836.7479119915515,4928.55096882898,149.9751254144281,0.0,330,340,350,360,380,400,430,470,1700,1800,1800
