Type,Name,Request Count,Failure Count,Median Response Time,Average Response Time,Min Response Time,Max Response Time,Average Content Size,Requests/s,Failures/s,50%,66%,75%,80%,90%,95%,98%,99%,99.9%,99.99%,100%
GET,/productpage?u=normal,4739,0,400.0,467.3382080944994,190.95906615257263,2018.8649450428784,4936.7423507069,54.43920604872707,0.0,400,450,480,520,730,860,1100,1200,1900,2000,2000
GET,/productpage?u=test,4682,0,400.0,454.64664121607575,168.5930099338293,1460.7705778907984,4935.380606578386,53.78441922771474,0.0,400,440,480,510,680,830,1000,1100,1300,1500,1500
,Aggregated,9421,0,400.0,461.0308186321515,168.5930099338293,2018.8649450428784,4936.065598131833,108.22362527644181,0.0,400,440,480,510,710,850,1000,1200,1900,2000,2000
