Type,Name,Request Count,Failure Count,Median Response Time,Average Response Time,Min Response Time,Max Response Time,Average Content Size,Requests/s,Failures/s,50%,66%,75%,80%,90%,95%,98%,99%,99.9%,99.99%,100%
GET,/productpage?u=normal,4717,0,400.0,461.17000316244224,215.28001804836094,2203.995577059686,4930.592749629001,54.184509936058355,0.0,400,440,480,520,670,870,1100,1500,2000,2200,2200
GET,/productpage?u=test,4794,0,400.0,452.14125263890503,180.0666619092226,1838.5391728952527,4939.553608677514,55.06901433823696,0.0,400,440,490,530,660,850,1000,1100,1600,1800,1800
,Aggregated,9511,0,400.0,456.6190800197824,180.0666619092226,2203.995577059686,4935.109452213227,109.25352427429532,0.0,400,440,490,520,660,860,1100,1200,1900,2200,2200
