Type,Name,Request Count,Failure Count,Median Response Time,Average Response Time,Min Response Time,Max Response Time,Average Content Size,Requests/s,Failures/s,50%,66%,75%,80%,90%,95%,98%,99%,99.9%,99.99%,100%
GET,/productpage?u=normal,4678,0,410.0,477.4070068616591,152.7458531782031,2004.5703849755228,4935.182342881573,53.73837198918673,0.0,410,450,500,540,750,920,1100,1400,2000,2000,2000
GET,/productpage?u=test,4559,0,400.0,462.74971527170635,181.33376608602703,1504.6521069016308,4946.89120421145,52.37136338150969,0.0,400,450,490,530,730,870,990,1000,1200,1500,1500
,Aggregated,9237,0,400.0,470.17277579544776,152.7458531782031,2004.5703849755228,4940.961351088015,106.10973537069643,0.0,400,450,490,540,740,890,1000,1100,1900,2000,2000
