Type,Name,Request Count,Failure Count,Median Response Time,Average Response Time,Min Response Time,Max Response Time,Average Content Size,Requests/s,Failures/s,50%,66%,75%,80%,90%,95%,98%,99%,99.9%,99.99%,100%
GET,/productpage?u=normal,6178,0,340.0,347.33448997182893,37.64197998680174,1883.113207994029,4931.277436063451,70.96626426411797,0.0,340,360,370,380,400,420,450,510,1700,1900,1900
GET,/productpage?u=test,6481,0,340.0,338.8167453214585,31.307068187743425,604.6887030825019,4921.356889368924,74.44680458008231,0.0,340,360,370,380,400,420,440,460,550,600,600
,Aggregated,12659,0,340.0,342.9736792380387,31.307068187743425,1883.113207994029,4926.1984358954105,145.4130688442003,0.0,340,360,370,380,400,420,450,480,1700,1800,1900
