Type,Name,Request Count,Failure Count,Median Response Time,Average Response Time,Min Response Time,Max Response Time,Average Content Size,Requests/s,Failures/s,50%,66%,75%,80%,90%,95%,98%,99%,99.9%,99.99%,100%
POST,compose_post,3235,0,290.0,335.3728604839447,46.925327042117715,1840.4817980481312,25.0,18.261021481572843,0.0,290,390,410,490,600,720,900,1100,1800,1800,1800
GET,index,50,0,61,58.61439268337563,36.20072000194341,78.33291601855308,2583.0,0.2822414448465664,0.0,61,67,70,71,74,78,78,78,78,78,78
GET,read_home_timeline,19713,0,210.0,279.13776302073984,6.55705900862813,1923.9906200673431,5485.551209861513,111.27651204520726,0.0,210,300,390,400,510,690,850,990,1700,1900,1900
GET,read_user_timeline,9748,0,200.0,227.38602871063952,3.3912620274350047,1003.0454009538516,45.33524825605252,55.025792087286575,0.0,200,280,300,310,410,500,600,700,910,1000,1000
,Aggregated,32746,0,200.0,268.9508231111859,3.3912620274350047,1923.9906200673431,3322.1958101752884,184.84556705891325,0.0,200,300,330,400,500,610,800,920,1600,1900,1900
