Type,Name,Request Count,Failure Count,Median Response Time,Average Response Time,Min Response Time,Max Response Time,Average Content Size,Requests/s,Failures/s,50%,66%,75%,80%,90%,95%,98%,99%,99.9%,99.99%,100%
POST,compose_post,1785,0,690.0,701.4001861825736,38.78495597746223,2877.6743909111246,25.0,10.091212950461811,0.0,690,800,890,970,1100,1300,1500,1600,2700,2900,2900
GET,index,50,0,50,52.774063176475465,29.661001986823976,72.59514008183032,2583.0,0.28266702942470057,0.0,51,59,64,65,68,69,73,73,73,73,73
GET,read_home_timeline,10795,0,680.0,688.6459802869331,13.029749970883131,2901.7628509318456,3487.9105141269106,61.027811652792856,0.0,680,800,890,930,1100,1300,1500,1600,2600,2900,2900
GET,read_user_timeline,5395,0,13,23.613377667504317,3.1942520290613174,178.0487869400531,21.699721964782206,30.49977247492519,0.0,13,19,25,33,70,83,94,100,160,180,180
,Aggregated,18025,0,510.0,489.0965639505337,3.1942520290613174,2901.7628509318456,2105.011872399445,101.90146410760455,0.0,510,690,790,830,1000,1200,1400,1500,2600,2900,2900
