Type,Name,Request Count,Failure Count,Median Response Time,Average Response Time,Min Response Time,Max Response Time,Average Content Size,Requests/s,Failures/s,50%,66%,75%,80%,90%,95%,98%,99%,99.9%,99.99%,100%
POST,compose_post,3714,0,9100.0,9177.043964925979,66.65309704840183,144791.50017909706,25.0,20.803948424568016,0.0,9100,11000,12000,13000,15000,17000,19000,21000,28000,145000,145000
GET,index,1898,0,370.0,4427.579330374881,49.755603075027466,158156.1583308503,2583.0,10.6316354630668,0.0,370,740,1200,2100,5200,6200,79000,110000,158000,158000,158000
GET,read_home_timeline,22299,0,7600.0,7844.952016794406,14.805268961936235,158575.55927685462,5661.020808107987,124.90771295623107,0.0,7600,9800,11000,12000,13000,15000,16000,18000,34000,152000,159000
GET,read_user_timeline,11150,0,8100.0,7962.1243911774245,5.712695885449648,155582.26557285525,51.43542600896861,62.4566572250763,0.0,8100,10000,11000,12000,14000,16000,17000,18000,25000,38000,156000
,Aggregated,39061,0,7600.0,7839.004604052972,5.712695885449648,158575.55927685462,3374.311768771921,218.79995406894218,0.0,7600,9900,11000,12000,14000,15000,17000,19000,95000,156000,159000
