Type,Name,Request Count,Failure Count,Median Response Time,Average Response Time,Min Response Time,Max Response Time,Average Content Size,Requests/s,Failures/s,50%,66%,75%,80%,90%,95%,98%,99%,99.9%,99.99%,100%
POST,compose_post,5464,17,6800.0,6618.252508184697,37.778303027153015,88579.47477791458,25.217789165446558,30.395847385432475,0.094569803358776,6800,7900,8700,9100,10000,11000,13000,14000,29000,89000,89000
GET,index,2000,19,670.0,1185.1061883962248,46.94259096868336,4873.858991079032,2559.364,11.12585921867953,0.10569566257745552,670,1300,1800,2200,3100,3700,4200,4400,4900,4900,4900
GET,read_home_timeline,33029,112,5700.0,5672.089597961753,17.563399160280824,148680.5767461192,4554.510309122286,183.7380020668831,0.6230481162460536,5700,6800,7500,7900,9100,10000,11000,12000,21000,131000,149000
GET,read_user_timeline,16391,63,6400.0,6125.893618236075,3.299828851595521,152088.79618300125,89.25538405222377,91.18197922668809,0.35046456538840515,6400,7700,8500,9000,10000,11000,12000,13000,23000,143000,152000
,Aggregated,56884,211,5900.0,5735.976965563301,3.299828851595521,152088.79618300125,2762.64721186977,316.44168789768315,1.1737781475706903,5900,7000,7800,8300,9500,11000,12000,13000,21000,135000,152000
