Type,Name,Request Count,Failure Count,Median Response Time,Average Response Time,Min Response Time,Max Response Time,Average Content Size,Requests/s,Failures/s,50%,66%,75%,80%,90%,95%,98%,99%,99.9%,99.99%,100%
POST,compose_post,1927,0,600.0,612.4071410034803,33.551218919456005,2198.689994867891,25.0,10.878200276568517,0.0,600,750,800,880,1000,1100,1300,1400,1700,2200,2200
GET,index,50,0,52,51.2991531426087,23.61825807020068,65.75084407813847,2583.0,0.2822574020905168,0.0,52,55,57,62,65,66,66,66,66,66,66
GET,read_home_timeline,12166,0,610.0,613.9298305428704,9.736232925206423,2500.318485079333,3660.554167351636,68.67887107666455,0.0,610,730,810,880,1000,1200,1400,1500,1800,2300,2500
GET,read_user_timeline,5953,0,14,28.81939936451634,3.1039321329444647,245.76018401421607,18.48261380816395,33.60556629289693,0.0,14,24,37,58,81,92,100,120,180,250,250
,Aggregated,20096,0,480.0,439.05780857744645,3.1039321329444647,2500.318485079333,2230.376890923567,113.44489504822052,0.0,480,610,710,790,910,1100,1300,1400,1700,2200,2500
