Type,Name,Request Count,Failure Count,Median Response Time,Average Response Time,Min Response Time,Max Response Time,Average Content Size,Requests/s,Failures/s,50%,66%,75%,80%,90%,95%,98%,99%,99.9%,99.99%,100%
POST,compose_post,4904,82,7300.0,7425.379837631028,6.364363012835383,100278.15251378343,26.03201468189233,27.27894009020437,0.4561323587676913,7300,8900,10000,11000,13000,14000,16000,18000,60000,100000,100000
GET,index,2000,19,500.0,1515.6704891806003,44.54568214714527,21068.21146304719,2559.364,11.125179482138813,0.10568920508031872,500,920,1400,2000,4600,6600,7300,21000,21000,21000,21000
GET,read_home_timeline,30407,390,6000.0,6152.457138788375,5.578009877353907,129964.52625398524,5065.891143486697,169.14166625669745,2.1694099990170685,6000,7500,8500,9100,11000,12000,14000,15000,62000,114000,130000
GET,read_user_timeline,15121,194,6100.0,6486.374155524182,4.740759963169694,135058.88920719735,76.59810859070167,84.11191947471049,1.079142409767465,6100,8200,9200,10000,12000,14000,15000,17000,29000,127000,135000
,Aggregated,52432,685,6000.0,6190.945062689274,4.740759963169694,135058.88920719735,3060.024050198352,291.65770530375113,3.8103739726325436,6000,7700,8700,9400,11000,13000,15000,16000,54000,114000,135000
