Type,Name,Request Count,Failure Count,Median Response Time,Average Response Time,Min Response Time,Max Response Time,Average Content Size,Requests/s,Failures/s,50%,66%,75%,80%,90%,95%,98%,99%,99.9%,99.99%,100%
POST,compose_post,2058,0,590.0,592.7010652220214,34.11305299960077,2548.8871480338275,25.0,11.616800936399564,0.0,590,690,780,800,970,1100,1300,1400,2400,2500,2500
GET,index,50,0,58,57.360055558383465,31.492447946220636,80.28394891880453,2583.0,0.28223520253643253,0.0,58,65,68,71,75,76,80,80,80,80,80
GET,read_home_timeline,12574,0,600.0,593.273667377932,14.919609995558858,2476.7736201174557,3982.832750119294,70.97650873386206,0.0,600,690,780,810,980,1100,1300,1400,2400,2500,2500
GET,read_user_timeline,6655,0,12,20.806927669402924,3.2276329584419727,205.8919589035213,28.436363636363637,37.56550545759917,0.0,12,17,22,28,48,81,98,110,190,210,210
,Aggregated,21337,0,460.0,413.41050720601925,3.2276329584419727,2548.8871480338275,2364.4365655902893,120.44105033039723,0.0,460,600,680,710,900,1000,1200,1300,2200,2500,2500
