Type,Name,Request Count,Failure Count,Median Response Time,Average Response Time,Min Response Time,Max Response Time,Average Content Size,Requests/s,Failures/s,50%,66%,75%,80%,90%,95%,98%,99%,99.9%,99.99%,100%
POST,compose_post,4212,3,7700.0,8243.5381454169,62.18561599962413,125585.46804310754,25.04985754985755,23.42900952966656,0.016687328724833733,7700,9700,11000,12000,14000,15000,17000,21000,73000,126000,126000
GET,index,1956,0,500.0,4521.522485427768,58.15560882911086,153463.16634700634,2583.0,10.880138328591594,0.0,500,1000,1800,2300,7700,16000,61000,82000,151000,153000,153000
GET,read_home_timeline,25146,22,6600.0,7046.679935013664,18.48409604281187,157072.70683697425,6204.710252127575,139.87318937155632,0.12237374398211404,6600,8600,9800,11000,12000,14000,15000,16000,70000,132000,157000
GET,read_user_timeline,12469,16,7000.0,7480.309011378733,3.9784121327102184,127748.4967301134,68.68144999599005,69.35810062331727,0.08899908653244656,7000,9000,10000,11000,13000,15000,16000,19000,66000,122000,128000
,Aggregated,43783,41,6700.0,7172.5022807648265,3.9784121327102184,157072.70683697425,3700.931662974214,243.54043785313175,0.22806015923939432,6700,8600,10000,11000,13000,14000,16000,18000,73000,144000,157000
