Type,Name,Request Count,Failure Count,Median Response Time,Average Response Time,Min Response Time,Max Response Time,Average Content Size,Requests/s,Failures/s,50%,66%,75%,80%,90%,95%,98%,99%,99.9%,99.99%,100%
POST,compose_post,13870,125,9000.0,9084.761758478542,33.296320820227265,89578.29088787548,25.22480173035328,23.162725736647456,0.20874842949393888,9000,10000,11000,12000,14000,15000,17000,19000,31000,85000,90000
GET,index,2000,0,470.0,1698.5002353521995,56.19747610762715,62291.99832910672,2583.0,3.339974871903022,0.0,470,680,1100,1300,2600,9900,17000,19000,58000,62000,62000
GET,read_home_timeline,83379,104,8200.0,8177.88100372755,1.897257985547185,86427.95782489702,6575.045191235203,139.24188242220103,0.17367869333895714,8200,9600,10000,11000,13000,14000,15000,17000,23000,64000,86000
GET,read_user_timeline,42050,56,8500.0,8448.551743109452,4.359256941825151,89564.99866582453,444.4154577883472,70.22297168176104,0.09351929641328462,8500,9900,11000,11000,13000,15000,16000,18000,26000,76000,90000
,Aggregated,141299,285,8300.0,8255.739864177094,1.897257985547185,89578.29088787548,4051.155570810834,235.96755471251254,0.4759464192461806,8300,9700,11000,11000,13000,14000,16000,17000,26000,71000,90000
