Type,Name,Request Count,Failure Count,Median Response Time,Average Response Time,Min Response Time,Max Response Time,Average Content Size,Requests/s,Failures/s,50%,66%,75%,80%,90%,95%,98%,99%,99.9%,99.99%,100%
POST,compose_post,9190,136,12000.0,12915.343529030988,40.028617018833756,533356.4552760217,26.296409140369967,15.361432554024844,0.22732914334574308,12000,15000,17000,18000,21000,24000,28000,32000,41000,533000,533000
GET,index,2000,0,360.0,15784.155777566837,57.22386995330453,475138.52041913196,2583.0,3.343075637437398,0.0,360,750,1300,1600,3400,99000,327000,402000,467000,475000,475000
GET,read_home_timeline,55946,713,11000.0,12030.30160917444,2.570000011473894,558859.4635420013,8278.73470846888,93.51585480603634,1.1918064647464324,11000,14000,16000,17000,20000,23000,26000,29000,39000,519000,559000
GET,read_user_timeline,28215,259,11000.0,11839.641004188194,7.33703188598156,566158.6662339978,214.07857522594364,47.1624395551481,0.43292829504814306,11000,14000,16000,17000,20000,23000,27000,31000,46000,522000,566000
,Aggregated,95351,1108,11000.0,12137.922448080863,2.570000011473894,566158.6662339978,4977.50399051924,159.38280255264667,1.8520639031403185,11000,14000,16000,17000,20000,23000,27000,31000,240000,519000,566000
