Type,Name,Request Count,Failure Count,Median Response Time,Average Response Time,Min Response Time,Max Response Time,Average Content Size,Requests/s,Failures/s,50%,66%,75%,80%,90%,95%,98%,99%,99.9%,99.99%,100%
POST,compose_post,13947,141,9000.0,9180.799173386851,51.32433492690325,67874.04091982171,25.308310030831002,23.30401548450283,0.23559662890334115,9000,10000,11000,12000,14000,15000,18000,19000,26000,67000,68000
GET,index,2000,0,390.0,883.1779455649666,58.18929197266698,6020.978333894163,2583.0,3.341796154657321,0.0,400,520,720,1200,2700,3900,4900,5400,6000,6000,6000
GET,read_home_timeline,83558,111,7900.0,7980.352860599446,8.587046060711145,84154.74792895839,6330.3276406807245,139.61690154542822,0.18546968658348134,7900,9100,9900,10000,12000,13000,15000,17000,23000,65000,84000
GET,read_user_timeline,41731,48,8900.0,8853.73921147231,23.292848840355873,74967.24020922557,436.56032685533535,69.72824766500234,0.0802031077117757,8900,10000,11000,12000,13000,15000,17000,19000,25000,52000,75000
,Aggregated,141236,300,8300.0,8256.454992510924,8.587046060711145,84154.74792895839,3913.2132813163785,235.99096084959072,0.5012694231985982,8300,9500,10000,11000,13000,14000,16000,18000,24000,60000,84000
