Type,Name,Request Count,Failure Count,Median Response Time,Average Response Time,Min Response Time,Max Response Time,Average Content Size,Requests/s,Failures/s,50%,66%,75%,80%,90%,95%,98%,99%,99.9%,99.99%,100%
POST,compose_post,12585,12,10000.0,10077.776544700448,76.16936787962914,75507.93556310236,25.06674612634088,21.027431480828486,0.02004999426062311,10000,12000,12000,13000,14000,15000,18000,21000,25000,66000,76000
GET,index,2000,0,410.0,3021.767579375999,46.85134603641927,23455.509684979916,2583.0,3.341665710103852,0.0,410,900,1300,1700,17000,18000,20000,20000,23000,23000,23000
GET,read_home_timeline,75003,55,9400.0,8926.82362587034,21.45251794718206,91637.23860308528,7252.427236243883,125.3174766274596,0.09189580702785592,9400,10000,11000,11000,12000,13000,14000,16000,24000,67000,92000
GET,read_user_timeline,37637,35,10000.0,9646.166606998946,4.437541821971536,95933.95808292553,368.8746712012116,62.88513616558934,0.05847914992681741,10000,11000,12000,12000,13000,14000,16000,19000,25000,64000,96000
,Aggregated,127225,102,9700.0,9160.64985633778,4.437541821971536,95933.95808292553,4427.735122813912,212.57170998398126,0.17042495121529644,9700,11000,11000,12000,13000,14000,15000,18000,25000,66000,96000
