Type,Name,Request Count,Failure Count,Median Response Time,Average Response Time,Min Response Time,Max Response Time,Average Content Size,Requests/s,Failures/s,50%,66%,75%,80%,90%,95%,98%,99%,99.9%,99.99%,100%
POST,compose_post,6398,92,14000.0,14844.584457231955,104.30586291477084,545650.2998410724,26.265395436073774,10.696098931774792,0.15380448604615204,14000,18000,20000,22000,26000,31000,37000,41000,65000,546000,546000
GET,index,1689,0,1200.0,41377.10061398472,83.69181910529733,581772.1682840493,2583.0,2.823649749260335,0.0,1200,8500,22000,34000,138000,306000,460000,544000,576000,582000,582000
GET,read_home_timeline,38635,531,13000.0,13847.871999950834,24.727711221203208,524146.0965150036,7345.248867607092,64.58952519992484,0.8877193705489863,13000,17000,20000,21000,24000,28000,33000,37000,57000,406000,524000
GET,read_user_timeline,19237,287,13000.0,13618.055285965163,38.87522593140602,537650.545152137,121.49098092218121,32.160183674672034,0.47980312494832217,13000,17000,19000,21000,24000,28000,33000,38000,54000,470000,538000
,Aggregated,65959,910,13000.0,14582.46241678319,24.727711221203208,581772.1682840493,4406.548689337315,110.26945755563199,1.5213269815434605,13000,17000,20000,21000,25000,29000,35000,41000,373000,565000,582000
