Type,Name,Request Count,Failure Count,Median Response Time,Average Response Time,Min Response Time,Max Response Time,Average Content Size,Requests/s,Failures/s,50%,66%,75%,80%,90%,95%,98%,99%,99.9%,99.99%,100%
POST,compose_post,7347,0,400.0,494.34338552210284,40.46072787605226,2205.656552920118,25.0,12.291542084022234,0.0,400,560,640,700,900,1100,1300,1500,1900,2200,2200
GET,index,50,0,50,51.768788984045386,30.17380414530635,71.45051285624504,2583.0,0.08365007543230049,0.0,50,59,61,61,69,69,71,71,71,71,71
GET,read_home_timeline,43130,0,390.0,436.10075141049936,7.256039883941412,2593.8624560367316,7781.7587062369585,72.1565550679024,0.0,390,500,590,610,810,1000,1300,1500,1900,2200,2600
GET,read_user_timeline,22094,0,290.0,332.4445730480307,3.334925975650549,2198.077467037365,164.80338553453427,36.96329533202494,0.0,290,390,410,500,690,800,1000,1100,1500,2000,2200
,Aggregated,72621,0,310.0,410.1924388005898,3.334925975650549,2593.8624560367316,4676.0750196224235,121.49504255938189,0.0,310,480,510,600,800,990,1200,1400,1900,2200,2600
