Type,Name,Request Count,Failure Count,Median Response Time,Average Response Time,Min Response Time,Max Response Time,Average Content Size,Requests/s,Failures/s,50%,66%,75%,80%,90%,95%,98%,99%,99.9%,99.99%,100%
POST,compose_post,1702,0,680.0,704.1350029767754,66.25968590378761,2069.8077109409496,25.0,9.606257357924386,0.0,680,790,880,900,1100,1200,1300,1600,1900,2100,2100
GET,index,50,0,56,52.183856240008026,31.679191975854337,67.65273993369192,2583.0,0.28220497526217353,0.0,56,59,60,63,65,66,68,68,68,68,68
GET,read_home_timeline,10830,0,680.0,695.8123612464625,16.33477001450956,2081.168650998734,3192.0041551246536,61.12559764178678,0.0,680,780,820,890,1000,1200,1300,1500,1900,2000,2100
GET,read_user_timeline,5477,0,11,16.562442583794084,2.777690999209881,140.1160639943555,22.469782727770678,30.912732990218487,0.0,11,15,17,19,33,61,78,86,100,140,140
,Aggregated,18059,0,520.0,488.80931049388755,2.777690999209881,2081.168650998734,1930.5704634808128,101.92679296519182,0.0,520,680,770,800,970,1100,1300,1400,1900,2100,2100
