Type,Name,Request Count,Failure Count,Median Response Time,Average Response Time,Min Response Time,Max Response Time,Average Content Size,Requests/s,Failures/s,50%,66%,75%,80%,90%,95%,98%,99%,99.9%,99.99%,100%
POST,compose_post,3074,1,9300.0,9250.144823401632,114.72486006096005,134144.01695597917,25.028627195836044,17.097364812419997,0.005561927395061807,9300,11000,13000,14000,15000,17000,19000,23000,36000,134000,134000
GET,index,1684,0,480.0,6691.130524718135,69.72889602184296,162038.72672794387,2583.0,9.366285733284084,0.0,480,830,1600,2600,12000,37000,101000,135000,161000,162000,162000
GET,read_home_timeline,18071,14,8900.0,8703.968031934302,10.155197931453586,155266.0520290956,5251.059321564939,100.50958995616193,0.07786698353086531,8900,11000,12000,13000,14000,16000,18000,19000,28000,128000,155000
GET,read_user_timeline,9152,3,8100.0,7410.245678042667,3.841854864731431,142547.98212298192,47.42548076923077,50.90275951960567,0.016685782185185422,8100,10000,11000,12000,14000,15000,17000,18000,32000,143000,143000
,Aggregated,31981,18,8500.0,8280.253392367173,3.841854864731431,162038.72672794387,3119.122009943404,177.87600002147167,0.10011469311111254,8500,11000,12000,12000,14000,16000,18000,20000,118000,157000,162000
