Type,Name,Request Count,Failure Count,Median Response Time,Average Response Time,Min Response Time,Max Response Time,Average Content Size,Requests/s,Failures/s,50%,66%,75%,80%,90%,95%,98%,99%,99.9%,99.99%,100%
POST,compose_post,1855,0,600.0,661.7740133814915,44.6032949257642,2695.2926518861204,25.0,10.477469088338697,0.0,600,770,800,890,1000,1200,1300,1500,2600,2700,2700
GET,index,50,0,56,54.45565290749073,27.540632989257574,68.54335591197014,2583.0,0.282411565723415,0.0,57,61,64,65,67,67,69,69,69,69,69
GET,read_home_timeline,11452,0,610.0,653.1182634475666,4.215525928884745,2636.5543648134917,3537.172808243102,64.68354501329097,0.0,610,720,800,880,1000,1100,1300,1500,2500,2600,2600
GET,read_user_timeline,5709,0,12,20.694670157492705,2.731714164838195,171.63587198592722,19.055176037834997,32.24575257429952,0.0,12,17,22,27,55,74,89,100,150,170,170
,Aggregated,19066,0,500.0,463.02159878310607,2.731714164838195,2695.2926518861204,2139.516101961607,107.68917824165261,0.0,500,620,710,790,930,1100,1300,1400,2500,2600,2700
