Type,Name,Request Count,Failure Count,Median Response Time,Average Response Time,Min Response Time,Max Response Time,Average Content Size,Requests/s,Failures/s,50%,66%,75%,80%,90%,95%,98%,99%,99.9%,99.99%,100%
POST,compose_post,4710,22,7600.0,7309.032935494718,63.38672596029937,58470.1399281621,25.107855626326963,26.198025017629803,0.12236869434986321,7600,9100,9900,10000,12000,13000,14000,16000,23000,58000,58000
GET,index,1960,0,480.0,4426.833978707413,51.1468299664557,149409.9692190066,2583.0,10.901938223896904,0.0,480,1100,2300,5900,8800,18000,38000,90000,145000,149000,149000
GET,read_home_timeline,28693,0,6500.0,6354.825375759926,27.329998090863228,159798.6655679997,5019.823162443801,159.59658849911932,0.0,6500,7800,8800,9200,10000,11000,12000,13000,18000,77000,160000
GET,read_user_timeline,14384,0,7200.0,6651.70662436296,5.190314957872033,100664.21764204279,73.66087319243604,80.00687725129238,0.0,7200,8500,9600,10000,11000,12000,13000,15000,21000,99000,101000
,Aggregated,49747,22,6700.0,6455.048391178564,5.190314957872033,159798.6655679997,3020.770337909824,276.7034289919384,0.12236869434986321,6700,8100,9000,9600,11000,12000,13000,15000,54000,140000,160000
