Type,Name,Request Count,Failure Count,Median Response Time,Average Response Time,Min Response Time,Max Response Time,Average Content Size,Requests/s,Failures/s,50%,66%,75%,80%,90%,95%,98%,99%,99.9%,99.99%,100%
POST,compose_post,1949,0,600.0,639.8657369506227,37.73169801570475,2093.4848808683455,25.0,10.997570215517277,0.0,600,700,790,870,1000,1200,1400,1500,1900,2100,2100
GET,index,50,0,73,70.20947672892362,39.391170954331756,91.5929100010544,2583.0,0.28213366381522004,0.0,73,78,81,81,91,91,92,92,92,92,92
GET,read_home_timeline,11706,0,610.0,635.4360648054528,15.701249008998275,2016.621356131509,3793.150948231676,66.05313337241931,0.0,610,710,800,850,990,1100,1300,1500,1800,2000,2000
GET,read_user_timeline,5959,0,14,23.8612436265973,3.009604988619685,259.1417049989104,17.03842926665548,33.62469005349792,0.0,14,20,26,33,66,82,96,100,190,260,260
,Aggregated,19664,0,490.0,449.1056001086622,3.009604988619685,2093.4848808683455,2272.2758340113915,110.95752730524973,0.0,490,610,700,780,910,1000,1300,1400,1700,2000,2100
