Type,Name,Request Count,Failure Count,Median Response Time,Average Response Time,Min Response Time,Max Response Time,Average Content Size,Requests/s,Failures/s,50%,66%,75%,80%,90%,95%,98%,99%,99.9%,99.99%,100%
POST,compose_post,4027,10,7800.0,7433.5112358537135,45.03232496790588,82177.69387504086,25.17382666997765,22.670097763429897,0.056295251461211566,7800,9100,9800,10000,12000,13000,14000,16000,35000,82000,82000
GET,index,1876,0,420.0,6170.610507586048,52.86602722480893,158608.53310395032,2583.0,10.56098917412329,0.0,420,1000,2000,6200,14000,17000,90000,126000,156000,159000,159000
GET,read_home_timeline,23985,46,7800.0,7294.641966339835,24.059035116806626,158460.9586999286,6057.960516989785,135.02416062971594,0.2589581567215732,7800,9000,9600,10000,11000,12000,13000,15000,24000,133000,158000
GET,read_user_timeline,12024,24,6500.0,6012.992289728694,3.2881370279937983,134024.48580297641,59.50449101796407,67.68941035696079,0.13510860350690776,6500,8000,9000,9600,11000,12000,14000,15000,20000,124000,134000
,Aggregated,41912,80,7400.0,6889.98429837211,3.2881370279937983,158608.53310395032,3601.897976713113,235.94465792422992,0.45036201168969253,7400,8700,9500,9900,11000,12000,14000,16000,102000,150000,159000
