Type,Name,Request Count,Failure Count,Median Response Time,Average Response Time,Min Response Time,Max Response Time,Average Content Size,Requests/s,Failures/s,50%,66%,75%,80%,90%,95%,98%,99%,99.9%,99.99%,100%
POST,compose_post,6846,60,13000.0,14251.98669167702,213.87687721289694,563859.9499459378,25.77125328659071,11.43829482863687,0.10024798272249666,13000,16000,18000,20000,23000,25000,31000,37000,333000,564000,564000
GET,index,1721,0,600.0,31860.234421918292,37.38154307939112,577409.4996689819,2583.0,2.8754463044236127,0.0,600,810,1500,1800,37000,294000,473000,537000,576000,577000,577000
GET,read_home_timeline,41151,398,13000.0,13717.839777048357,142.99245597794652,561305.099535035,7615.2837598114265,68.75507895022433,0.6649782853925612,13000,16000,18000,19000,22000,24000,27000,31000,240000,480000,561000
GET,read_user_timeline,20512,144,12000.0,12713.234655779783,3.2079569064080715,570201.737137977,137.13172776911077,34.27144369339753,0.240595158533992,12000,15000,18000,19000,21000,24000,26000,32000,230000,501000,570000
,Aggregated,70230,602,13000.0,13921.077292553306,3.2079569064080715,577409.4996689819,4568.007418482131,117.34026377668235,1.00582142664905,13000,16000,18000,19000,22000,24000,28000,35000,426000,567000,577000
