Type,Name,Request Count,Failure Count,Median Response Time,Average Response Time,Min Response Time,Max Response Time,Average Content Size,Requests/s,Failures/s,50%,66%,75%,80%,90%,95%,98%,99%,99.9%,99.99%,100%
POST,compose_post,5707,0,600.0,666.0952643811261,61.686397064477205,2877.070290967822,25.0,9.547280906360914,0.0,600,730,830,900,1100,1300,1500,1600,2400,2900,2900
GET,index,50,0,75,68.29345676582307,27.164228027686477,96.45253093913198,2583.0,0.08364535575925104,0.0,75,81,84,86,89,95,96,96,96,96,96
GET,read_home_timeline,34358,0,600.0,636.5099099511768,8.92369612120092,2894.8154349345714,7002.128936492229,57.477742663526946,0.0,600,710,810,900,1100,1300,1500,1600,2200,2700,2900
GET,read_user_timeline,17225,0,190.0,241.44396431622445,2.9516860377043486,1908.535605063662,99.7400290275762,28.815825059061986,0.0,190,300,390,410,600,710,910,1100,1500,1800,1900
,Aggregated,57340,0,490.0,520.2807833643292,2.9516860377043486,2894.8154349345714,4230.362626438786,95.9244939847091,0.0,490,610,710,800,1000,1200,1400,1600,2100,2600,2900
