Type,Name,Request Count,Failure Count,Median Response Time,Average Response Time,Min Response Time,Max Response Time,Average Content Size,Requests/s,Failures/s,50%,66%,75%,80%,90%,95%,98%,99%,99.9%,99.99%,100%
POST,compose_post,6506,93,15000.0,15772.820129245105,274.5826509781182,495973.050897941,26.257915770058407,10.873017994754445,0.15542432731511888,15000,18000,20000,21000,24000,28000,38000,43000,349000,496000,496000
GET,index,1889,0,360.0,26352.286913572945,53.012769902125,581170.5482569523,2583.0,3.156952196755479,0.0,360,630,1200,1900,8400,211000,461000,522000,575000,581000,581000
GET,read_home_timeline,39210,567,15000.0,15129.333660477885,100.33972491510212,572067.2718330752,7385.990614639123,65.52890187124528,0.9475870278244344,15000,18000,19000,20000,23000,25000,29000,35000,207000,505000,572000
GET,read_user_timeline,19575,222,14000.0,14090.776114123992,3.7802690640091896,547580.5574390106,128.0786717752235,32.714314055843566,0.37101291036512246,14000,17000,19000,20000,23000,25000,29000,35000,264000,529000,548000
,Aggregated,67180,882,14000.0,15204.607814854447,3.7802690640091896,581170.5482569523,4423.369350997321,112.27318611859877,1.4740242655046758,14000,18000,19000,20000,23000,26000,32000,38000,434000,566000,581000
