Type,Name,Request Count,Failure Count,Median Response Time,Average Response Time,Min Response Time,Max Response Time,Average Content Size,Requests/s,Failures/s,50%,66%,75%,80%,90%,95%,98%,99%,99.9%,99.99%,100%
POST,compose_post,6780,231,15000.0,16610.942397734372,39.120483910664916,569581.9979810622,27.971681415929204,11.333233311128353,0.38613228537915184,15000,19000,21000,23000,27000,31000,37000,43000,77000,570000,570000
GET,index,1962,1,300.0,26469.433782394008,48.504072008654475,569664.8238059133,2581.7319062181446,3.2796170732203285,0.0016715683349746832,300,540,730,1200,19000,248000,457000,486000,566000,570000,570000
GET,read_home_timeline,40834,1232,15000.0,16144.501897270995,42.91493003256619,498266.1673419643,7294.88208355782,68.25682139035622,2.0593721886888097,15000,19000,21000,22000,26000,30000,35000,39000,54000,472000,498000
GET,read_user_timeline,20217,392,14000.0,14903.346858105027,6.910411175340414,538874.3456541561,134.2350991739625,33.794097028183174,0.6552547873100758,14000,18000,20000,22000,26000,30000,38000,47000,60000,472000,539000
,Aggregated,69793,1856,15000.0,16120.538914234497,6.910411175340414,569664.8238059133,4382.21672660582,116.66376880288807,3.102430829713012,15000,18000,21000,22000,26000,30000,37000,43000,394000,539000,570000
