Type,Name,Request Count,Failure Count,Median Response Time,Average Response Time,Min Response Time,Max Response Time,Average Content Size,Requests/s,Failures/s,50%,66%,75%,80%,90%,95%,98%,99%,99.9%,99.99%,100%
POST,compose_post,1902,0,600.0,681.4232481662286,43.700352078303695,2143.7051279935986,25.0,10.73396110901335,0.0,600,700,800,890,1100,1200,1400,1600,2100,2100,2100
GET,index,50,0,61,57.97163530252874,37.974813021719456,70.58192498516291,2583.0,0.2821756337805823,0.0,61,63,64,66,68,69,71,71,71,71,71
GET,read_home_timeline,11064,0,610.0,667.991444810989,11.351683991961181,2093.6494360212237,3641.8074837310196,62.439824242967255,0.0,610,710,800,890,1000,1200,1300,1500,2000,2000,2100
GET,read_user_timeline,5402,0,14,25.771937439334017,2.82738299574703,276.1535589816049,20.983709737134394,30.48625547365411,0.0,14,20,24,28,79,92,100,150,250,280,280
,Aggregated,18418,0,500.0,479.359482637277,2.82738299574703,2143.7051279935986,2203.4429362580086,103.94221645941529,0.0,500,610,700,790,980,1100,1300,1400,1900,2100,2100
