Type,Name,Request Count,Failure Count,Median Response Time,Average Response Time,Min Response Time,Max Response Time,Average Content Size,Requests/s,Failures/s,50%,66%,75%,80%,90%,95%,98%,99%,99.9%,99.99%,100%
POST,compose_post,1729,0,690.0,710.8217872206031,33.649816061370075,2090.2320420136675,25.0,9.761342817611693,0.0,690,790,860,900,1000,1200,1300,1500,2000,2100,2100
GET,index,50,0,67,64.08625710289925,36.924888961948454,84.3594609759748,2583.0,0.28228290392168,0.0,67,74,76,77,79,80,84,84,84,84,84
GET,read_home_timeline,10443,0,690.0,714.7264651362276,16.026720055378973,2220.305257011205,3185.1678636407164,58.95760731308208,0.0,690,790,840,900,1100,1200,1300,1400,2000,2200,2200
GET,read_user_timeline,5186,0,12,25.235749595576586,2.6837949408218265,281.3834520056844,18.560933281912842,29.278382794756645,0.0,12,17,21,26,81,93,110,170,200,280,280
,Aggregated,17408,0,580.0,507.0643529285319,2.6837949408218265,2220.305257011205,1926.2028952205883,98.27961582937209,0.0,580,690,780,800,990,1100,1300,1400,1900,2200,2200
