Type,Name,Request Count,Failure Count,Median Response Time,Average Response Time,Min Response Time,Max Response Time,Average Content Size,Requests/s,Failures/s,50%,66%,75%,80%,90%,95%,98%,99%,99.9%,99.99%,100%
POST,compose_post,3002,13,12000.0,11356.755994568373,291.53100587427616,40359.40108005889,25.381079280479682,16.696485965306238,0.07230323702497704,12000,14000,15000,16000,18000,20000,25000,27000,39000,40000,40000
GET,index,1981,0,400.0,6164.3718321205215,55.07879704236984,157404.26161605865,2583.0,11.017900965113808,0.0,400,760,1200,2200,24000,29000,68000,111000,157000,157000,157000
GET,read_home_timeline,18387,64,11000.0,10145.066480819965,22.884217090904713,101722.89401711896,5008.888562571382,102.26458609063484,0.3559543976614254,11000,13000,15000,15000,17000,19000,21000,24000,38000,91000,102000
GET,read_user_timeline,9162,17,9900.0,9554.401128531408,9.082021890208125,106300.64831511118,38.64330932110893,50.95709674021843,0.09455038687881613,9900,13000,14000,15000,17000,18000,21000,26000,35000,106000,106000
,Aggregated,32532,94,10000.0,9848.129921848204,9.082021890208125,157404.26161605865,3001.5246833886636,180.9360697612733,0.5228080215652186,10000,13000,14000,15000,17000,19000,23000,29000,91000,150000,157000
