Type,Name,Request Count,Failure Count,Median Response Time,Average Response Time,Min Response Time,Max Response Time,Average Content Size,Requests/s,Failures/s,50%,66%,75%,80%,90%,95%,98%,99%,99.9%,99.99%,100%
POST,compose_post,4178,8,8100.0,7744.122355944169,35.217867931351066,58663.61497994512,25.134035423647678,23.51259231476848,0.04502171817093055,8100,9500,10000,11000,12000,13000,14000,15000,23000,59000,59000
GET,index,1961,0,340.0,4113.260676252263,50.15167687088251,159410.91746208258,2583.0,11.03594866664935,0.0,340,720,1700,2800,7600,10000,70000,108000,158000,159000,159000
GET,read_home_timeline,25020,62,7400.0,7039.263954343778,18.874017987400293,159161.48179699667,6203.583613109512,140.8054235795853,0.3489183158247118,7400,8800,9600,10000,11000,12000,13000,14000,38000,154000,159000
GET,read_user_timeline,12596,31,7000.0,6757.531945718395,3.4717421513050795,158176.3325619977,64.83931406795809,70.88669526013015,0.1744591579123559,7000,8700,9600,10000,11000,13000,14000,15000,31000,156000,158000
,Aggregated,43755,101,7200.0,6894.327594908375,3.4717421513050795,159410.91746208258,3684.1652611130157,246.24065982113328,0.5683991919079981,7200,8700,9600,10000,11000,13000,14000,15000,84000,157000,159000
