Type,Name,Request Count,Failure Count,Median Response Time,Average Response Time,Min Response Time,Max Response Time,Average Content Size,Requests/s,Failures/s,50%,66%,75%,80%,90%,95%,98%,99%,99.9%,99.99%,100%
POST,compose_post,1680,0,700.0,755.9075069703838,53.101130994036794,2387.6983001828194,25.0,9.48104478187638,0.0,700,810,900,980,1100,1300,1400,1600,2300,2400,2400
GET,index,50,0,58,55.78681225888431,24.860515957698226,73.2690270524472,2583.0,0.2821739518415589,0.0,58,62,64,66,71,72,73,73,73,73,73
GET,read_home_timeline,9947,0,710.0,750.2040823929426,12.850170023739338,2307.698149001226,3133.8639790891725,56.13568597935973,0.0,710,820,900,980,1100,1200,1400,1500,2100,2300,2300
GET,read_user_timeline,5214,0,13,19.467235470001665,2.8038080781698227,229.37787091359496,11.948599923283467,29.425099698037762,0.0,13,18,22,26,40,61,83,95,220,230,230
,Aggregated,16891,0,590.0,523.1481928616647,2.8038080781698227,2387.6983001828194,1859.3330767864543,95.32400441111544,0.0,590,710,800,890,1000,1200,1300,1400,2100,2300,2400
