Type,Name,Request Count,Failure Count,Median Response Time,Average Response Time,Min Response Time,Max Response Time,Average Content Size,Requests/s,Failures/s,50%,66%,75%,80%,90%,95%,98%,99%,99.9%,99.99%,100%
POST,compose_post,2234,0,640.0,675.5006864330095,44.26336893811822,2095.968870911747,25.0,12.606060852627161,0.0,640,770,810,890,1000,1200,1400,1500,2100,2100,2100
GET,index,50,0,64,62.13071592152119,39.46098196320236,86.98068698868155,2583.0,0.28214102176873684,0.0,64,69,71,74,81,82,87,87,87,87,87
GET,read_home_timeline,13283,0,11,18.806799902382746,2.3401889484375715,219.85422889702022,3942.7828803734096,74.95358384308263,0.0,11,16,20,25,43,70,89,98,190,210,220
GET,read_user_timeline,6729,0,1100.0,1047.4975973934872,24.46147915907204,3351.4796551316977,27.986625055728936,37.9705387096366,0.0,1100,1300,1400,1500,1700,1900,2100,2300,2800,3400,3400
,Aggregated,22296,0,29,395.1649230916552,2.3401889484375715,3351.4796551316977,2365.6847416576966,125.81232442711513,0.0,29,480,710,890,1300,1600,1800,2000,2500,3000,3400
