Type,Name,Request Count,Failure Count,Median Response Time,Average Response Time,Min Response Time,Max Response Time,Average Content Size,Requests/s,Failures/s,50%,66%,75%,80%,90%,95%,98%,99%,99.9%,99.99%,100%
POST,compose_post,5674,0,680.0,723.370727553731,47.35580994747579,2883.8364521507174,25.0,9.494009796614813,0.0,680,800,900,980,1200,1400,1600,1800,2600,2900,2900
GET,index,50,0,66,62.16276696417481,39.5183889195323,80.97153808921576,2583.0,0.08366240568042663,0.0,67,71,73,75,78,79,81,81,81,81,81
GET,read_home_timeline,33999,0,690.0,729.4475255255275,5.226081004366279,2978.642682079226,7080.5231330333245,56.88876261457649,0.0,690,810,900,980,1200,1400,1600,1800,2400,2900,3000
GET,read_user_timeline,16950,0,23,54.73197875838386,2.9720638412982225,691.7571879457682,107.43592920353983,28.361555525664624,0.0,23,51,80,92,130,200,300,340,580,610,690
,Aggregated,56673,0,520.0,526.4536394188577,2.9720638412982225,2978.642682079226,4284.628394473559,94.82799034253637,0.0,520,690,800,870,1100,1300,1500,1700,2300,2800,3000
