Type,Name,Request Count,Failure Count,Median Response Time,Average Response Time,Min Response Time,Max Response Time,Average Content Size,Requests/s,Failures/s,50%,66%,75%,80%,90%,95%,98%,99%,99.9%,99.99%,100%
POST,compose_post,2118,0,590.0,592.6605107601753,35.03608796745539,2195.708177983761,25.0,11.950944224301486,0.0,590,700,790,850,980,1100,1300,1600,2100,2200,2200
GET,index,50,0,65,65.74441759381443,43.797251069918275,83.45998800359666,2583.0,0.28212805062090385,0.0,65,74,77,79,81,82,83,83,83,83,83
GET,read_home_timeline,12810,0,600.0,577.9439220949063,7.600496057420969,2329.648090992123,4233.2364558938325,72.28120656907556,0.0,600,700,790,820,970,1100,1300,1500,2100,2300,2300
GET,read_user_timeline,6538,0,18,25.83770598514241,3.2569989562034607,255.9373809490353,22.33037626185378,36.89106389918938,0.0,18,26,32,37,56,81,100,110,210,260,260
,Aggregated,21516,0,430.0,410.43552456015766,3.2569989562034607,2329.648090992123,2535.594673731177,121.40534274318733,0.0,430,600,690,750,900,1000,1200,1400,2100,2300,2300
