Type,Name,Request Count,Failure Count,Median Response Time,Average Response Time,Min Response Time,Max Response Time,Average Content Size,Requests/s,Failures/s,50%,66%,75%,80%,90%,95%,98%,99%,99.9%,99.99%,100%
POST,compose_post,1890,0,660.0,678.6816080970561,43.52042800746858,1964.9295180570334,25.0,10.672346640917368,0.0,660,790,880,900,1100,1300,1500,1600,1900,2000,2000
GET,index,50,0,66,63.42309908941388,36.511111073195934,79.8565421719104,2583.0,0.2823372127226817,0.0,66,71,74,75,78,79,80,80,80,80,80
GET,read_home_timeline,11344,0,610.0,650.1486121863595,5.217135883867741,2306.3853019848466,3666.1415726375176,64.05666682252203,0.0,610,760,860,900,1100,1200,1500,1600,1900,2100,2300
GET,read_user_timeline,5557,0,19,29.375570279162122,2.7640240732580423,311.651204014197,23.721972287205325,31.378957821998846,0.0,19,28,37,44,68,88,100,120,280,310,310
,Aggregated,18841,0,490.0,468.3618329675321,2.7640240732580423,2306.3853019848466,2223.710684146277,106.39030849816092,0.0,490,630,730,810,1000,1200,1400,1500,1800,2100,2300
