Type,Name,Request Count,Failure Count,Median Response Time,Average Response Time,Min Response Time,Max Response Time,Average Content Size,Requests/s,Failures/s,50%,66%,75%,80%,90%,95%,98%,99%,99.9%,99.99%,100%
POST,compose_post,4137,28,6300.0,8430.0705978629,55.84712699055672,131548.01484686323,25.525985013294658,23.282615659833546,0.15758115505809506,6300,9300,12000,13000,17000,19000,21000,22000,81000,132000,132000
GET,index,2000,0,650.0,1827.5989861270646,63.474012073129416,8167.309371987358,2583.0,11.255796789863933,0.0,650,1600,3200,3900,6000,6200,7100,7300,8200,8200,8200
GET,read_home_timeline,25165,119,5200.0,7216.276242193092,3.476811805739999,132539.16864702478,6014.645738128353,141.62606310846294,0.669719908996904,5200,8300,10000,12000,15000,17000,19000,20000,56000,125000,133000
GET,read_user_timeline,12741,80,6000.0,7800.592048974519,3.3590798266232014,125857.58036491461,61.39047170551762,71.70505344982818,0.4502318715945573,6000,8900,11000,13000,16000,19000,21000,23000,70000,125000,126000
,Aggregated,44043,227,5400.0,7254.622413695489,3.3590798266232014,132539.16864702478,3574.060281997139,247.8695290079886,1.2775329356495564,5400,8300,11000,12000,15000,18000,20000,21000,64000,126000,133000
