Type,Name,Request Count,Failure Count,Median Response Time,Average Response Time,Min Response Time,Max Response Time,Average Content Size,Requests/s,Failures/s,50%,66%,75%,80%,90%,95%,98%,99%,99.9%,99.99%,100%
POST,compose_post,4091,7,7800.0,7705.746958258465,249.9846511054784,29776.065945858136,25.132974822781716,23.027661437709234,0.03940201174870805,7800,9600,10000,11000,13000,15000,16000,18000,21000,30000,30000
GET,index,1906,0,400.0,6781.66997681945,58.2951360847801,160964.79064994492,2583.0,10.728604913291077,0.0,400,1200,2600,9100,18000,23000,76000,116000,159000,161000,161000
GET,read_home_timeline,25188,39,6800.0,6794.486518414312,50.56263296864927,156782.16792200692,5926.662815626489,141.77969598949406,0.2195254940285163,6800,8800,9600,10000,12000,13000,15000,16000,26000,145000,157000
GET,read_user_timeline,12506,13,6700.0,6766.965684587917,3.133447142317891,106143.82313704118,61.397489205181515,70.39450841847756,0.07317516467617209,6700,8600,9600,10000,12000,14000,16000,17000,24000,99000,106000
,Aggregated,43691,59,6700.0,6871.375639361183,3.133447142317891,160964.79064994492,3549.349683001076,245.93047075897192,0.3321026704533964,6700,8700,9700,10000,12000,14000,16000,18000,85000,155000,161000
