Type,Name,Request Count,Failure Count,Median Response Time,Average Response Time,Min Response Time,Max Response Time,Average Content Size,Requests/s,Failures/s,50%,66%,75%,80%,90%,95%,98%,99%,99.9%,99.99%,100%
POST,compose_post,1635,0,690.0,747.2632399039622,34.88165303133428,2108.094146940857,25.0,9.229319678815031,0.0,690,800,890,920,1100,1300,1400,1600,2000,2100,2100
GET,index,50,0,60,61.465204460546374,31.672745943069458,81.17128885351121,2583.0,0.2822421920126921,0.0,60,71,74,76,78,80,81,81,81,81,81
GET,read_home_timeline,10041,0,700.0,751.0680797925703,16.376561019569635,2335.005570901558,3308.9893436908674,56.67987699998882,0.0,700,810,900,960,1100,1200,1500,1600,2000,2300,2300
GET,read_user_timeline,5024,0,10,14.295981752491189,2.990479115396738,191.7907919269055,15.034036624203821,28.3596954534353,0.0,10,13,15,16,22,38,89,98,170,190,190
,Aggregated,16750,0,590.0,527.65052292464,2.990479115396738,2335.005570901558,1998.2757014925373,94.55113432425185,0.0,590,700,800,880,1000,1200,1400,1500,1900,2300,2300
