Type,Name,Request Count,Failure Count,Median Response Time,Average Response Time,Min Response Time,Max Response Time,Average Content Size,Requests/s,Failures/s,50%,66%,75%,80%,90%,95%,98%,99%,99.9%,99.99%,100%
POST,compose_post,2102,0,590.0,597.2511171062896,30.723918927833438,1996.8734260182828,25.0,11.863621934111407,0.0,590,700,790,870,1000,1200,1400,1500,1800,2000,2000
GET,index,50,0,52,52.74447426199913,29.73395399749279,70.38408005610108,2583.0,0.28219842849931986,0.0,54,61,63,65,68,69,70,70,70,70,70
GET,read_home_timeline,12330,0,610.0,598.8345256840224,9.224149864166975,2319.3520409986377,4014.7886455798866,69.59013246793228,0.0,610,710,800,890,1000,1200,1400,1500,1900,2200,2300
GET,read_user_timeline,6061,0,14,28.890522622406998,3.094614017754793,470.95738304778934,25.458340207886486,34.208093502687554,0.0,14,21,31,45,85,98,110,180,280,470,470
,Aggregated,20543,0,480.0,429.18727698821624,3.094614017754793,2319.3520409986377,2426.0500900550064,115.94404633323057,0.0,480,610,700,780,980,1100,1300,1400,1900,2200,2300
