Type,Name,Request Count,Failure Count,Median Response Time,Average Response Time,Min Response Time,Max Response Time,Average Content Size,Requests/s,Failures/s,50%,66%,75%,80%,90%,95%,98%,99%,99.9%,99.99%,100%
POST,compose_post,1732,0,690.0,716.3358390339065,37.36477787606418,1942.3031150363386,25.0,9.787278402543222,0.0,690,790,890,900,1100,1200,1300,1400,1900,1900,1900
GET,index,50,0,64,61.31416663527489,40.539330104365945,79.96462285518646,2583.0,0.2825426790572524,0.0,65,71,74,75,78,79,80,80,80,80,80
GET,read_home_timeline,10363,0,700.0,723.0923481439115,18.42690398916602,1951.7718760762364,3512.7326063881114,58.55979566140613,0.0,700,800,890,910,1100,1200,1300,1500,1900,1900,2000
GET,read_user_timeline,5134,0,10,16.94045100218889,2.767641097307205,259.43683297373354,16.733735878457342,29.011482285598674,0.0,10,14,16,18,34,75,90,100,190,260,260
,Aggregated,17279,0,590.0,510.685668198338,2.767641097307205,1951.7718760762364,2121.697378320505,97.64109902860528,0.0,590,700,800,830,1000,1100,1300,1400,1900,1900,2000
