Type,Name,Request Count,Failure Count,Median Response Time,Average Response Time,Min Response Time,Max Response Time,Average Content Size,Requests/s,Failures/s,50%,66%,75%,80%,90%,95%,98%,99%,99.9%,99.99%,100%
POST,compose_post,1762,0,670.0,707.0582202658434,64.38149185851216,2188.097958918661,25.0,9.945864681867269,0.0,670,780,860,900,1100,1200,1400,1700,2100,2200,2200
GET,index,50,0,63,58.964415923692286,37.33062697574496,81.16628183051944,2583.0,0.28223225544458763,0.0,64,67,69,69,72,73,81,81,81,81,81
GET,read_home_timeline,10685,0,650.0,700.461819416516,8.656196063384414,2785.904547199607,3315.8946186242397,60.313032988508375,0.0,650,780,830,900,1000,1200,1500,1700,2000,2600,2800
GET,read_user_timeline,5340,0,12,19.015320497198722,2.9683979228138924,308.540872996673,18.239513108614233,30.14240488148196,0.0,13,17,21,23,38,62,84,96,280,310,310
,Aggregated,17837,0,520.0,495.3053291935368,2.9683979228138924,2785.904547199607,2001.5099512249817,100.6835348073022,0.0,520,670,750,800,990,1100,1400,1600,2000,2600,2800
