Type,Name,Request Count,Failure Count,Median Response Time,Average Response Time,Min Response Time,Max Response Time,Average Content Size,Requests/s,Failures/s,50%,66%,75%,80%,90%,95%,98%,99%,99.9%,99.99%,100%
POST,compose_post,1782,0,610.0,685.4794091081475,96.47867595776916,2502.9455029871315,25.0,10.057828790835472,0.0,610,780,830,900,1100,1300,1400,1700,2500,2500,2500
GET,index,50,0,69,69.68081214930862,41.75915406085551,91.48678299970925,2583.0,0.28220619502905364,0.0,72,78,81,84,87,88,91,91,91,91,91
GET,read_home_timeline,10467,0,610.0,675.3703036300252,13.832954922690988,2565.980591112748,3656.379096207127,59.07704486738209,0.0,610,780,860,900,1100,1200,1400,1600,2300,2500,2600
GET,read_user_timeline,5235,0,18,98.25939651358065,2.9106091242283583,1101.7636889591813,20.035530085959884,29.546988619541917,0.0,18,85,100,190,300,410,600,700,900,1100,1100
,Aggregated,17534,0,500.0,502.36667369010223,2.9106091242283583,2565.980591112748,2198.5802440971825,98.96406847278854,0.0,500,640,720,800,1000,1200,1300,1500,2300,2500,2600
