Type,Name,Request Count,Failure Count,Median Response Time,Average Response Time,Min Response Time,Max Response Time,Average Content Size,Requests/s,Failures/s,50%,66%,75%,80%,90%,95%,98%,99%,99.9%,99.99%,100%
POST,compose_post,4123,19,8900.0,8819.953693194428,42.0178382191807,36863.1158049684,25.3446519524618,22.92424372114881,0.10564167613432632,8900,11000,11000,12000,14000,16000,18000,20000,29000,37000,37000
GET,index,2000,6,300.0,1482.0434151710942,55.657309014350176,133928.130190121,2575.536,11.120176435192244,0.03336052930557673,300,520,700,870,1400,2400,5400,5800,128000,134000,134000
GET,read_home_timeline,24464,99,7900.0,7738.787797057013,24.498016107827425,157381.93983607925,6002.186518966645,136.02199815527152,0.5504487335420161,7900,9400,10000,11000,12000,14000,17000,18000,27000,68000,157000
GET,read_user_timeline,12160,41,8000.0,7622.152173092154,3.5161939449608326,67181.32859887555,58.68059210526316,67.61067272596884,0.227963616921441,8000,9600,11000,11000,13000,15000,17000,19000,30000,61000,67000
,Aggregated,42747,165,7800.0,7517.155145375985,3.5161939449608326,157381.93983607925,3574.674597047746,237.67709103758142,0.9174145559033601,7800,9400,10000,11000,13000,14000,17000,18000,33000,124000,157000
