Type,Name,Request Count,Failure Count,Median Response Time,Average Response Time,Min Response Time,Max Response Time,Average Content Size,Requests/s,Failures/s,50%,66%,75%,80%,90%,95%,98%,99%,99.9%,99.99%,100%
POST,compose_post,1761,0,690.0,716.0203110422433,48.79877204075456,2675.8254040032625,25.0,9.95331698697288,0.0,690,790,880,900,1100,1300,1500,1800,2300,2700,2700
GET,index,50,0,54,51.460072277113795,29.570890124887228,66.90544099546969,2583.0,0.2826041166091107,0.0,55,58,60,61,64,66,67,67,67,67,67
GET,read_home_timeline,10660,0,690.0,698.302527069897,5.240005906671286,2590.2269422076643,3325.920262664165,60.251197661062406,0.0,690,800,880,910,1100,1200,1400,1600,2000,2400,2600
GET,read_user_timeline,5339,0,14,21.34511055517959,3.0779121443629265,367.12138378061354,18.68308672035962,30.176467571520842,0.0,14,19,23,27,39,58,100,140,320,370,370
,Aggregated,17810,0,560.0,495.3032709252359,3.0779121443629265,2675.8254040032625,2006.0209994385177,100.66358633616524,0.0,560,700,790,820,990,1100,1400,1500,2000,2600,2700
