Type,Name,Request Count,Failure Count,Median Response Time,Average Response Time,Min Response Time,Max Response Time,Average Content Size,Requests/s,Failures/s,50%,66%,75%,80%,90%,95%,98%,99%,99.9%,99.99%,100%
POST,compose_post,1760,0,690.0,712.6223702855482,48.95532596856356,2334.7297001164407,25.0,9.944809220705247,0.0,690,790,870,900,1000,1100,1300,1500,2100,2300,2300
GET,index,50,0,64,61.95068453904241,31.22555511072278,83.7508060503751,2583.0,0.2825229892245809,0.0,65,72,73,74,78,82,84,84,84,84,84
GET,read_home_timeline,10622,0,690.0,702.0556601036856,24.997574044391513,2005.3286161273718,3399.5084729806063,60.01918383086997,0.0,690,790,840,900,1000,1100,1200,1300,1600,1900,2000
GET,read_user_timeline,5359,0,15,21.13513528301764,3.1140309292823076,355.3994579706341,22.870311625303227,30.28081398509058,0.0,15,20,24,27,41,54,95,110,330,360,360
,Aggregated,17791,0,560.0,496.195341326095,3.1140309292823076,2334.7297001164407,2046.2757011972346,100.52733002589038,0.0,560,690,780,810,960,1100,1200,1300,1700,2100,2300
