Type,Name,Request Count,Failure Count,Median Response Time,Average Response Time,Min Response Time,Max Response Time,Average Content Size,Requests/s,Failures/s,50%,66%,75%,80%,90%,95%,98%,99%,99.9%,99.99%,100%
POST,compose_post,4311,9,7100.0,7576.867834503303,56.96979211643338,91538.54305204004,25.175597309209,23.972478904721964,0.05004692881987884,7100,8900,10000,11000,14000,15000,17000,20000,29000,92000,92000
GET,index,1971,1,650.0,8393.22277450618,58.86212992481887,146226.79281816818,2581.7376966007105,10.960277411553466,0.005560769868875427,650,1400,4500,7200,23000,74000,77000,79000,141000,146000,146000
GET,read_home_timeline,25809,67,6100.0,7011.826491694826,43.37936104275286,156603.7915351335,6217.996939052268,143.51790954580588,0.3725715812146536,6100,7900,9100,10000,13000,15000,16000,18000,85000,149000,157000
GET,read_user_timeline,12810,38,6100.0,6590.675025662364,3.3349848818033934,161216.7096999474,62.38985167837627,71.23346202029421,0.21130925501726622,6100,8200,9500,11000,13000,15000,16000,17000,85000,132000,161000
,Aggregated,44901,115,6000.0,7006.5632463861175,3.3349848818033934,161216.7096999474,3707.6375581835596,249.68412788237555,0.639488534920674,6000,8000,9300,10000,13000,15000,17000,22000,87000,146000,161000
