Type,Name,Request Count,Failure Count,Median Response Time,Average Response Time,Min Response Time,Max Response Time,Average Content Size,Requests/s,Failures/s,50%,66%,75%,80%,90%,95%,98%,99%,99.9%,99.99%,100%
POST,compose_post,3788,22,9300.0,9296.074800530016,65.76909706927836,99975.44882190414,25.463569165786694,21.32795838077392,0.12386881847334379,9300,11000,13000,13000,16000,17000,19000,21000,69000,100000,100000
GET,index,2000,11,350.0,1583.8679557220312,36.42513998784125,9373.503199080005,2569.316,11.26080167939489,0.06193440923667189,360,660,1400,3300,6300,7200,7900,8400,9300,9400,9400
GET,read_home_timeline,22589,97,8500.0,8528.596963943173,14.172099996358156,117386.44258491695,5709.101243968304,127.18512456792557,0.5461488814506521,8500,11000,12000,13000,15000,16000,18000,19000,62000,106000,117000
GET,read_user_timeline,11285,37,8200.0,8122.67499415259,2.960843965411186,100976.15109290928,50.64767390341161,63.53907347598566,0.20832483106880545,8200,11000,12000,13000,15000,16000,18000,19000,62000,98000,101000
,Aggregated,39662,167,8200.0,8136.204210160338,2.960843965411186,117386.44258491695,3397.9510614694163,223.31295810408005,0.9402769402294733,8200,10000,12000,13000,15000,16000,18000,19000,62000,101000,117000
