Type,Name,Request Count,Failure Count,Median Response Time,Average Response Time,Min Response Time,Max Response Time,Average Content Size,Requests/s,Failures/s,50%,66%,75%,80%,90%,95%,98%,99%,99.9%,99.99%,100%
POST,compose_post,3980,7,8000.0,7911.165279130652,80.2492368966341,46400.08500101976,25.123115577889447,22.402341780965145,0.03940110363486332,8000,9500,10000,11000,13000,14000,16000,17000,27000,46000,46000
GET,index,1887,0,230.0,3764.6475359095407,61.81146390736103,159414.55584508367,2583.0,10.621411794141013,0.0,230,420,940,1200,3700,15000,66000,101000,153000,159000,159000
GET,read_home_timeline,24398,61,7000.0,6951.92427000043,8.999760961160064,159226.28196398728,6019.281006639889,137.32973235477075,0.3433524745323804,7000,8400,9200,9700,11000,13000,14000,15000,28000,145000,159000
GET,read_user_timeline,12085,16,7400.0,7024.336601661943,3.158865962177515,135555.66156096756,60.97302441042615,68.02319106104618,0.09005966545111616,7400,9000,10000,11000,12000,14000,15000,16000,26000,57000,136000
,Aggregated,42350,84,7000.0,6920.719808305937,3.158865962177515,159414.55584508367,3602.582951593861,238.37667699092307,0.47281324361835986,7000,8600,9500,10000,12000,13000,15000,16000,71000,150000,159000
