Type,Name,Request Count,Failure Count,Median Response Time,Average Response Time,Min Response Time,Max Response Time,Average Content Size,Requests/s,Failures/s,50%,66%,75%,80%,90%,95%,98%,99%,99.9%,99.99%,100%
POST,compose_post,4340,171,7300.0,8376.978255424594,15.358346048742533,68868.0644100532,27.99447004608295,24.35954210512545,0.959788410132823,7400,9800,11000,13000,16000,19000,21000,23000,50000,69000,69000
GET,index,2000,28,350.0,1199.5894208690152,53.622204111889005,7271.097484044731,2548.168,11.225595440149977,0.15715833616209968,350,880,1800,2200,4100,5000,5600,6500,6600,7300,7300
GET,read_home_timeline,25286,862,6400.0,7671.902452849312,2.105297986418009,112182.22507298924,5977.878351657044,141.92520314981616,4.83823163470464,6500,8800,11000,12000,15000,18000,20000,23000,68000,102000,112000
GET,read_user_timeline,12948,511,5100.0,6690.683041224488,3.2659859862178564,93249.75887988694,73.7359437751004,72.67450487953096,2.868139634958319,5100,7600,9600,11000,15000,18000,21000,24000,63000,90000,93000
,Aggregated,44574,1572,5800.0,7165.117645057732,2.105297986418009,112182.22507298924,3529.6180957508864,250.18484557462253,8.823318015957883,5800,8200,10000,12000,15000,18000,21000,23000,66000,99000,112000
