Type,Name,Request Count,Failure Count,Median Response Time,Average Response Time,Min Response Time,Max Response Time,Average Content Size,Requests/s,Failures/s,50%,66%,75%,80%,90%,95%,98%,99%,99.9%,99.99%,100%
POST,compose_post,3138,11,9500.0,9660.50916138782,59.51542896218598,124686.60416197963,25.303059273422562,17.456581191212457,0.061192604558106135,9500,12000,13000,14000,16000,17000,22000,24000,38000,125000,125000
GET,index,1861,20,560.0,5847.225428937971,53.27383195981383,162232.29946987703,2556.2616872649114,10.35267609842141,0.11125928101473842,560,1400,2300,3000,5200,28000,94000,126000,160000,162000,162000
GET,read_home_timeline,18878,72,9100.0,9014.319528116772,49.93981099687517,149052.3389079608,5068.427587668185,105.0176353498116,0.40053341165305834,9100,11000,12000,13000,14000,16000,18000,20000,49000,145000,149000
GET,read_user_timeline,9462,26,8000.0,7996.302638980261,5.220759892836213,131773.5671501141,43.237898964278166,52.63676584807275,0.14463706531915996,8000,10000,11000,12000,15000,17000,20000,22000,55000,132000,132000
,Aggregated,33339,129,8500.0,8609.427514127876,5.220759892836213,162232.29946987703,3027.3102672545665,185.46365848751822,0.7176223625450628,8500,11000,12000,13000,15000,17000,20000,23000,113000,157000,162000
