Type,Name,Request Count,Failure Count,Median Response Time,Average Response Time,Min Response Time,Max Response Time,Average Content Size,Requests/s,Failures/s,50%,66%,75%,80%,90%,95%,98%,99%,99.9%,99.99%,100%
POST,compose_post,3112,23,9800.0,9808.48556361549,25.681848172098398,78055.9651630465,25.633033419023135,17.30851088649511,0.1279227989683122,9800,12000,13000,14000,16000,19000,22000,27000,36000,78000,78000
GET,index,1885,1,620.0,5637.925680177237,59.113499941304326,160016.67278283276,2581.680106100796,10.484107654576892,0.005561860824709226,620,1600,2900,4100,11000,18000,80000,119000,159000,160000,160000
GET,read_home_timeline,18606,84,9800.0,9691.222951611653,5.740986904129386,105400.61392309144,5112.3806836504355,103.48398250453987,0.467196309275575,9800,11000,13000,14000,16000,19000,22000,24000,31000,42000,105000
GET,read_user_timeline,9163,16,8400.0,7752.828573143595,4.206337966024876,67983.37581194937,41.5457819491433,50.96333073681064,0.08898977319534762,8400,11000,12000,13000,15000,17000,20000,21000,31000,68000,68000
,Aggregated,32766,124,9200.0,8927.106129356842,4.206337966024876,160016.67278283276,3065.613013489593,182.2399317824225,0.6896707422639441,9200,11000,12000,13000,16000,18000,21000,24000,89000,152000,160000
