Type,Name,Request Count,Failure Count,Median Response Time,Average Response Time,Min Response Time,Max Response Time,Average Content Size,Requests/s,Failures/s,50%,66%,75%,80%,90%,95%,98%,99%,99.9%,99.99%,100%
POST,compose_post,2637,12,8300.0,8865.148703852074,71.91596296615899,125077.240152983,25.400455062571105,14.668498703688735,0.06675084734329345,8300,10000,11000,13000,15000,18000,20000,21000,30000,125000,125000
GET,index,1407,0,250.0,8370.332940021734,62.71048495545983,165238.18807909265,2583.0,7.8265368510011575,0.0,250,480,820,1500,12000,75000,108000,136000,163000,165000,165000
GET,read_home_timeline,16170,32,7100.0,8057.45781017784,24.16351600550115,135576.53414597735,4665.788002473717,89.94676679508792,0.17800225958211588,7100,8700,10000,12000,15000,18000,20000,22000,31000,131000,136000
GET,read_user_timeline,8036,8,7400.0,7563.614335481297,3.8768721278756857,143170.6050799694,32.927824788451964,44.70081743755885,0.04450056489552897,7400,9100,10000,11000,14000,16000,18000,20000,32000,143000,143000
,Aggregated,28250,52,7100.0,8007.955864395452,3.8768721278756857,165238.18807909265,2811.0322831858407,157.14261978733666,0.2892536718209383,7100,8900,10000,11000,15000,17000,20000,22000,118000,162000,165000
