Type,Name,Request Count,Failure Count,Median Response Time,Average Response Time,Min Response Time,Max Response Time,Average Content Size,Requests/s,Failures/s,50%,66%,75%,80%,90%,95%,98%,99%,99.9%,99.99%,100%
POST,compose_post,2943,4,8300.0,9160.915654665117,90.32494598068297,154450.1330270432,25.119605844376487,16.371107118645458,0.02225091011708523,8300,12000,13000,14000,17000,20000,24000,26000,43000,154000,154000
GET,index,1768,1,470.0,5050.09297599091,81.90778689458966,160928.19711286575,2581.5927601809954,9.834902271751671,0.005562727529271307,470,1300,1800,2200,9200,13000,88000,119000,149000,161000,161000
GET,read_home_timeline,17781,79,7300.0,8563.96947299917,37.27392596192658,163432.75722581893,4953.170181654575,98.91085819797311,0.4394554748124333,7300,11000,12000,13000,17000,19000,23000,25000,42000,148000,163000
GET,read_user_timeline,8878,35,8000.0,8222.019385992131,4.799633054062724,159082.03408308327,41.100473079522416,49.38589500487067,0.19469546352449577,8000,11000,13000,14000,16000,19000,22000,24000,130000,159000,159000
,Aggregated,31370,119,7300.0,8325.156788698407,4.799633054062724,163432.75722581893,2967.0191903092127,174.5027625932409,0.6619645759832856,7300,10000,12000,13000,16000,19000,23000,26000,121000,154000,163000
