Type,Name,Request Count,Failure Count,Median Response Time,Average Response Time,Min Response Time,Max Response Time,Average Content Size,Requests/s,Failures/s,50%,66%,75%,80%,90%,95%,98%,99%,99.9%,99.99%,100%
POST,compose_post,4890,1430,9300.0,7749.017298594425,1.4102950226515532,80477.28000301868,48.28282208588957,27.195254338715916,7.952804438520197,9400,10000,11000,11000,13000,14000,15000,17000,64000,80000,80000
GET,index,2000,0,230.0,335.0741030337522,31.76702605560422,2187.3744539916515,2583.0,11.122803410517758,0.0,230,320,370,410,860,960,1100,2100,2200,2200,2200
GET,read_home_timeline,29663,8021,8700.0,7195.330384500479,1.2578789610415697,98765.75779006816,4391.956073222533,164.96785878309413,44.60800307788147,8700,10000,10000,11000,12000,14000,15000,17000,57000,92000,99000
GET,read_user_timeline,14983,2771,2300.0,4904.079552315575,1.4214660041034222,89777.34834118746,67.29787092037643,83.32648174989379,15.410644125272354,2300,7400,9000,9900,12000,13000,15000,18000,55000,89000,90000
,Aggregated,51536,12222,7400.0,6315.502792688148,1.2578789610415697,98765.75779006816,2652.3016920211116,286.6123982822216,67.97145164167402,7400,9600,10000,11000,12000,13000,15000,17000,55000,89000,99000
