Type,Name,Request Count,Failure Count,Median Response Time,Average Response Time,Min Response Time,Max Response Time,Average Content Size,Requests/s,Failures/s,50%,66%,75%,80%,90%,95%,98%,99%,99.9%,99.99%,100%
POST,compose_post,4138,61,8900.0,8534.461979406731,3.125813091173768,130453.6593798548,26.093281778637024,23.01136964674111,0.3392202872042551,8900,11000,11000,12000,13000,15000,17000,21000,57000,130000,130000
GET,index,2000,2,490.0,2980.0498905975837,61.65067804977298,23580.196594120935,2580.512,11.121976629647708,0.01112197662964771,490,720,1100,1600,14000,16000,21000,23000,24000,24000,24000
GET,read_home_timeline,25264,389,8300.0,7678.2020615517995,2.2301829885691404,135161.3221480511,6020.105208993034,140.49280878570985,2.1632244544664796,8300,9700,10000,11000,12000,13000,15000,16000,54000,113000,135000
GET,read_user_timeline,12693,144,6200.0,6880.544193695381,3.8910589646548033,122357.25926514715,51.73434176317655,70.58562468005918,0.800782317334635,6200,9300,11000,11000,13000,14000,17000,18000,50000,86000,122000
,Aggregated,44095,596,7700.0,7315.853221127039,2.2301829885691404,135161.3221480511,3583.571833541218,245.21177974215786,3.314349035635017,7700,9600,11000,11000,13000,14000,16000,18000,53000,116000,135000
