Type,Name,Request Count,Failure Count,Median Response Time,Average Response Time,Min Response Time,Max Response Time,Average Content Size,Requests/s,Failures/s,50%,66%,75%,80%,90%,95%,98%,99%,99.9%,99.99%,100%
POST,compose_post,1902,0,620.0,656.6453768034905,36.25179291702807,1940.0153160095215,25.0,10.73492079939398,0.0,620,770,810,890,1100,1200,1400,1600,1900,1900,1900
GET,index,50,0,74,69.21511073596776,41.05841903947294,92.04818098805845,2583.0,0.2822008622343317,0.0,74,80,82,83,86,89,92,92,92,92,92
GET,read_home_timeline,11281,0,630.0,656.3484113174989,10.217730887234211,1989.6996112074703,3711.776260969772,63.67015853730992,0.0,630,780,860,900,1100,1200,1400,1500,1800,2000,2000
GET,read_user_timeline,5551,0,14,29.21209781435863,3.1899719033390284,313.0425279960036,21.947757160871916,31.32993972525551,0.0,14,20,29,40,89,100,120,190,300,310,310
,Aggregated,18784,0,500.0,469.48589465807316,3.1899719033390284,1989.6996112074703,2245.053236797274,106.01721992419375,0.0,500,660,770,800,990,1100,1300,1500,1800,2000,2000
