Type,Name,Request Count,Failure Count,Median Response Time,Average Response Time,Min Response Time,Max Response Time,Average Content Size,Requests/s,Failures/s,50%,66%,75%,80%,90%,95%,98%,99%,99.9%,99.99%,100%
POST,compose_post,1670,0,700.0,749.4226009727171,34.35481386259198,1885.936525883153,25.0,9.4393959754862,0.0,700,870,900,990,1200,1300,1500,1600,1800,1900,1900
GET,index,50,0,60,61.0736489482224,37.049568025395274,80.62858297489583,2583.0,0.2826166459726407,0.0,61,72,75,77,78,79,81,81,81,81,81
GET,read_home_timeline,10017,0,710.0,746.3632635367791,14.42305208183825,2104.6927869319916,3186.234501347709,56.61941885415884,0.0,710,870,910,990,1100,1300,1500,1600,1900,2000,2100
GET,read_user_timeline,5054,0,10,17.11553819932716,2.9727951623499393,200.18657902255654,17.505342303126238,28.56689057491452,0.0,10,14,17,20,36,72,88,93,170,200,200
,Aggregated,16791,0,590.0,525.1272805061737,2.9727951623499393,2104.6927869319916,1916.2576975760824,94.90832205053219,0.0,590,710,810,900,1100,1200,1400,1500,1900,2000,2100
