Type,Name,Request Count,Failure Count,Median Response Time,Average Response Time,Min Response Time,Max Response Time,Average Content Size,Requests/s,Failures/s,50%,66%,75%,80%,90%,95%,98%,99%,99.9%,99.99%,100%
POST,compose_post,10655,137,12000.0,11659.704027653357,19.958393881097436,228377.06344900653,26.057250117315814,17.800799018687812,0.22887934918444208,12000,13000,14000,15000,16000,17000,20000,23000,93000,201000,228000
GET,index,2000,0,190.0,413.5145173978526,47.302029095590115,3032.695374917239,2583.0,3.3413043676560887,0.0,190,290,380,580,930,1500,2900,3000,3000,3000,3000
GET,read_home_timeline,64076,616,11000.0,10950.565520459932,5.020756972953677,259377.89964699186,8583.724467819464,107.04870933096578,1.0291217452380754,11000,13000,13000,14000,15000,16000,18000,20000,119000,225000,259000
GET,read_user_timeline,32506,168,11000.0,10344.47490649249,16.59545605070889,253784.5090557821,303.2399249369347,54.30621988751441,0.28066956688311145,11000,12000,13000,14000,15000,16000,19000,22000,145000,234000,254000
,Aggregated,109237,921,11000.0,10646.457821515369,5.020756972953677,259377.89964699186,5175.091644772376,182.49703260482408,1.538670661305629,11000,13000,13000,14000,15000,16000,18000,21000,124000,230000,259000
