Type,Name,Request Count,Failure Count,Median Response Time,Average Response Time,Min Response Time,Max Response Time,Average Content Size,Requests/s,Failures/s,50%,66%,75%,80%,90%,95%,98%,99%,99.9%,99.99%,100%
POST,compose_post,5361,0,750.0,804.5927123521882,54.62902085855603,3569.6397970896214,25.0,8.969720578402736,0.0,750,880,980,1000,1300,1400,1700,2000,3200,3600,3600
GET,index,50,0,55,55.3310885746032,27.42420695722103,75.34645008854568,2583.0,0.08365715891067652,0.0,55,63,64,68,70,72,75,75,75,75,75
GET,read_home_timeline,31488,0,740.0,794.8387114433516,4.950494971126318,3485.3016219567508,6968.144181910569,52.68393239558764,0.0,740,880,960,1000,1200,1400,1700,1900,3100,3300,3500
GET,read_user_timeline,16087,0,17,31.161805284188418,3.062264062464237,392.3891468439251,87.46640144215826,26.91585430792106,0.0,17,25,33,41,91,110,170,190,290,300,390
,Aggregated,52986,0,590.0,563.2689652527806,3.062264062464237,3569.6397970896214,4172.4827501604195,88.65316444082211,0.0,590,750,850,910,1100,1300,1600,1800,3100,3400,3600
