Type,Name,Request Count,Failure Count,Median Response Time,Average Response Time,Min Response Time,Max Response Time,Average Content Size,Requests/s,Failures/s,50%,66%,75%,80%,90%,95%,98%,99%,99.9%,99.99%,100%
POST,compose_post,9547,159,13000.0,12899.98210969294,1.7769639380276203,199365.91936508194,26.35634230648371,15.953135486097155,0.26569064023142847,13000,15000,16000,16000,18000,20000,23000,25000,39000,199000,199000
GET,index,2000,0,260.0,1358.95032923494,48.72937616892159,8841.074055060744,2583.0,3.3420206318418675,0.0,260,710,1200,2000,5200,6900,7500,7700,8800,8800,8800
GET,read_home_timeline,57048,914,13000.0,12324.961520716013,2.1722738165408373,214656.77464799955,8321.631152713504,95.32779650265743,1.5273034287517335,13000,14000,15000,16000,18000,19000,22000,24000,54000,169000,215000
GET,read_user_timeline,28607,390,12000.0,11558.28917334039,5.560128949582577,217961.62098809145,234.69552906631245,47.802592107550154,0.6516940232091641,12000,14000,15000,15000,17000,19000,23000,25000,96000,196000,218000
,Aggregated,97202,1463,12000.0,11930.170295624268,1.7769639380276203,217961.62098809145,5008.785549680048,162.4255447281466,2.444688092192326,12000,14000,15000,16000,17000,19000,22000,25000,67000,189000,218000
