Type,Name,Request Count,Failure Count,Median Response Time,Average Response Time,Min Response Time,Max Response Time,Average Content Size,Requests/s,Failures/s,50%,66%,75%,80%,90%,95%,98%,99%,99.9%,99.99%,100%
POST,compose_post,6554,0,640.0,688.689952355866,69.7906669229269,2136.669378960505,25.0,10.964519062330387,0.0,640,770,820,900,1100,1200,1400,1500,1900,2100,2100
GET,index,50,0,69,67.72736082784832,41.03334085084498,88.52021698839962,2583.0,0.08364753633147992,0.0,70,75,76,77,80,82,89,89,89,89,89
GET,read_home_timeline,39305,0,22,34.413656332923296,2.4161108303815126,316.4982951711863,7608.764253911716,65.75532831017637,0.0,22,34,48,59,84,96,110,130,200,280,320
GET,read_user_timeline,19764,0,1200.0,1212.6378131180923,21.022699074819684,3296.941695967689,139.19985832827362,33.064198161107385,0.0,1200,1400,1500,1600,1800,2000,2200,2400,2900,3300,3300
,Aggregated,65673,0,68,454.3155149972366,2.4161108303815126,3296.941695967689,4600.164831818251,109.86769306994562,0.0,68,580,900,1100,1400,1600,1900,2100,2600,3100,3300
