Type,Name,Request Count,Failure Count,Median Response Time,Average Response Time,Min Response Time,Max Response Time,Average Content Size,Requests/s,Failures/s,50%,66%,75%,80%,90%,95%,98%,99%,99.9%,99.99%,100%
POST,compose_post,9721,445,13000.0,12803.115221487516,2.515006810426712,232481.4697909169,28.61084250591503,16.24161736861563,0.7434954972774359,13000,15000,15000,16000,18000,20000,25000,28000,71000,232000,232000
GET,index,2000,6,200.0,309.01289258431643,49.118766793981194,1454.0998069569468,2575.536,3.341552796752521,0.010024658390257563,200,350,400,430,670,820,1200,1200,1400,1500,1500
GET,read_home_timeline,58825,2697,12000.0,12005.196282507204,1.461439998820424,310724.0809071809,7923.0190395240115,98.28342163448353,4.506083946420775,12000,14000,15000,15000,17000,19000,22000,25000,119000,305000,311000
GET,read_user_timeline,29662,957,12000.0,11016.415921461938,3.0152550898492336,314195.1385741122,233.00246106129055,49.55856952863664,1.5989330132460813,12000,13000,14000,15000,17000,19000,23000,25000,71000,297000,314000
,Aggregated,100208,4105,12000.0,11556.479614742613,1.461439998820424,314195.1385741122,4774.190803129491,167.42516132848831,6.85853711533455,12000,14000,15000,15000,17000,19000,22000,25000,100000,302000,314000
