Type,Name,Request Count,Failure Count,Median Response Time,Average Response Time,Min Response Time,Max Response Time,Average Content Size,Requests/s,Failures/s,50%,66%,75%,80%,90%,95%,98%,99%,99.9%,99.99%,100%
POST,compose_post,10458,196,12000.0,12168.723791984354,9.267251007258892,189082.40515808575,26.572193536048957,17.461404520272893,0.32725523866642636,12000,13000,15000,16000,18000,20000,22000,25000,99000,137000,189000
GET,index,2000,13,220.0,768.2139423190383,52.94402991421521,10563.843857962638,2566.828,3.3393391700655752,0.02170570460542624,220,420,570,860,1700,3500,7300,8200,11000,11000,11000
GET,read_home_timeline,61196,1582,11000.0,11397.942563463233,1.4629638753831387,220169.17333682068,8383.435714752599,102.17709992566647,2.64141728352187,11000,13000,14000,15000,17000,18000,21000,23000,60000,195000,220000
GET,read_user_timeline,30733,363,11000.0,10547.975305055454,4.224484087899327,184864.54598396085,275.29717242052516,51.31395535681266,0.606090059366902,11000,12000,14000,14000,17000,19000,21000,23000,69000,161000,185000
,Aggregated,104387,2154,11000.0,11021.26087985263,1.4629638753831387,220169.17333682068,5047.611177637062,174.29179897281762,3.5964682861606247,11000,13000,14000,15000,17000,18000,21000,23000,68000,179000,220000
