Type,Name,Request Count,Failure Count,Median Response Time,Average Response Time,Min Response Time,Max Response Time,Average Content Size,Requests/s,Failures/s,50%,66%,75%,80%,90%,95%,98%,99%,99.9%,99.99%,100%
POST,compose_post,5739,0,690.0,739.6678174025551,46.04297806508839,2200.2638108097017,25.0,9.604603105718228,0.0,690,830,920,990,1200,1400,1600,1700,2000,2200,2200
GET,index,50,0,67,64.31877073831856,34.20594613999128,91.06174390763044,2583.0,0.08367836823242925,0.0,67,69,72,76,82,89,91,91,91,91,91
GET,read_home_timeline,33971,0,690.0,729.3187284952692,12.269231956452131,2738.123955903575,7138.3047305054315,56.85275694447708,0.0,690,810,900,970,1100,1300,1600,1700,2100,2300,2700
GET,read_user_timeline,16933,0,18,48.06999257018639,3.1727508176118135,798.9550589118153,107.40937813736491,28.33851618559449,0.0,18,29,42,60,120,200,300,390,600,800,800
,Aggregated,56693,0,540.0,526.3052802376609,3.1727508176118135,2738.123955903575,4314.231704090452,94.87955460402222,0.0,540,700,800,870,1100,1200,1500,1700,2000,2300,2700
