Type,Name,Request Count,Failure Count,Median Response Time,Average Response Time,Min Response Time,Max Response Time,Average Content Size,Requests/s,Failures/s,50%,66%,75%,80%,90%,95%,98%,99%,99.9%,99.99%,100%
POST,compose_post,10700,101,11000.0,11487.423633568913,55.86657207459211,279078.61393503845,25.798691588785047,17.87312492192365,0.16870893617890548,11000,13000,14000,15000,17000,19000,21000,23000,39000,221000,279000
GET,index,2000,0,500.0,4074.395422944217,54.81054098345339,129703.05134705268,2583.0,3.340771013443673,0.0,500,1100,2100,2900,9900,17000,44000,83000,123000,130000,130000
GET,read_home_timeline,64827,522,11000.0,10734.529807458724,10.826926911249757,330991.36789818294,8594.62708439385,108.2860812442565,0.8719412345087987,11000,12000,13000,14000,16000,17000,20000,22000,79000,293000,331000
GET,read_user_timeline,32017,175,11000.0,10492.237418411036,6.4508188515901566,312502.4268270936,292.64153418496426,53.48073276871304,0.2923174636763214,11000,12000,13000,14000,16000,18000,20000,22000,51000,269000,313000
,Aggregated,109544,798,11000.0,10615.657206040287,6.4508188515901566,330991.36789818294,5221.421894398598,182.98070994833685,1.3329676343640255,11000,12000,13000,14000,16000,18000,20000,22000,87000,281000,331000
