Type,Name,Request Count,Failure Count,Median Response Time,Average Response Time,Min Response Time,Max Response Time,Average Content Size,Requests/s,Failures/s,50%,66%,75%,80%,90%,95%,98%,99%,99.9%,99.99%,100%
POST,compose_post,1864,0,690.0,669.4884074949549,34.26952403970063,2297.9744549375027,25.0,10.53909250089076,0.0,690,800,890,900,1100,1300,1500,1600,2200,2300,2300
GET,index,50,0,55,57.05114669166505,33.71654590591788,78.80411995574832,2583.0,0.282700979101147,0.0,56,63,66,69,75,76,79,79,79,79,79
GET,read_home_timeline,11449,0,680.0,650.9635192485676,2.6194830425083637,2396.9172870274633,3552.522578391126,64.73287019458064,0.0,680,800,890,910,1100,1200,1400,1500,1900,2300,2400
GET,read_user_timeline,5867,0,12,17.73667850995791,3.2572480849921703,186.3978060428053,21.32333390148287,33.17213288772859,0.0,12,17,21,24,38,49,71,88,150,190,190
,Aggregated,19230,0,490.0,458.0198322204864,2.6194830425083637,2396.9172870274633,2130.716848673947,108.72679656230113,0.0,490,680,790,830,1000,1200,1400,1500,1800,2300,2400
