Type,Name,Request Count,Failure Count,Median Response Time,Average Response Time,Min Response Time,Max Response Time,Average Content Size,Requests/s,Failures/s,50%,66%,75%,80%,90%,95%,98%,99%,99.9%,99.99%,100%
POST,compose_post,1776,0,690.0,742.346194525158,53.80274006165564,3098.0963881593198,25.0,10.025886042806974,0.0,690,810,900,980,1200,1300,1400,1500,2100,3100,3100
GET,index,50,0,72,66.3599321898073,33.47282996401191,87.53090794198215,2583.0,0.28226030525920537,0.0,73,76,77,79,81,84,88,88,88,88,88
GET,read_home_timeline,10400,0,690.0,715.6648232778892,15.41397999972105,2046.5346539858729,3490.3775,58.710143493914714,0.0,690,800,890,920,1100,1200,1400,1500,1900,2000,2000
GET,read_user_timeline,5133,0,10,13.42688811666786,2.8627889696508646,110.49856501631439,21.201831287745957,28.97684293791002,0.0,10,14,17,19,25,31,40,51,110,110,110
,Aggregated,17359,0,550.0,508.87489007886836,2.8627889696508646,3098.0963881593198,2107.3970274785415,97.99513277989092,0.0,550,700,790,870,1000,1200,1300,1500,2000,2100,3100
