Type,Name,Request Count,Failure Count,Median Response Time,Average Response Time,Min Response Time,Max Response Time,Average Content Size,Requests/s,Failures/s,50%,66%,75%,80%,90%,95%,98%,99%,99.9%,99.99%,100%
POST,compose_post,1712,0,700.0,731.9048534907133,36.89593588933349,2696.6544720344245,25.0,9.659917592200733,0.0,700,860,910,1000,1200,1300,1500,1700,2600,2700,2700
GET,index,50,0,69,64.7569089056924,40.076642064377666,85.85239318199456,2583.0,0.28212376145446066,0.0,69,71,73,78,84,85,86,86,86,86,86
GET,read_home_timeline,10127,0,700.0,722.6870489615104,11.262173997238278,2589.3830959685147,3332.866594252987,57.14134664498646,0.0,700,810,910,990,1200,1400,1500,1700,2200,2500,2600
GET,read_user_timeline,5125,0,18,49.430341198086374,3.062996082007885,461.7437720298767,15.309853658536586,28.917685549082215,0.0,18,73,86,91,100,180,200,280,390,460,460
,Aggregated,17014,0,510.0,518.8809920121544,3.062996082007885,2696.6544720344245,1998.492594334078,96.00107354772386,0.0,510,700,800,890,1100,1300,1500,1600,2200,2600,2700
