Type,Name,Request Count,Failure Count,Median Response Time,Average Response Time,Min Response Time,Max Response Time,Average Content Size,Requests/s,Failures/s,50%,66%,75%,80%,90%,95%,98%,99%,99.9%,99.99%,100%
POST,compose_post,1900,0,590.0,628.6314102824729,71.28917099907994,2889.1355330124497,25.0,10.724067692348601,0.0,590,700,800,890,1100,1300,1600,1800,2800,2900,2900
GET,index,50,0,81,77.87944294977933,46.80605907924473,102.54026600159705,2583.0,0.28221230769338423,0.0,81,85,89,90,96,100,100,100,100,100,100
GET,read_home_timeline,11408,0,540.0,599.8208693253644,12.18672702088952,3000.928333029151,3854.507100280505,64.38956012332255,0.0,540,700,800,890,1100,1300,1500,1800,2600,2800,3000
GET,read_user_timeline,5703,0,82,136.6514743692528,2.6701290626078844,1383.3659200463444,22.129756268630544,32.189135815507406,0.0,82,120,200,210,390,500,700,810,1100,1400,1400
,Aggregated,19061,0,390.0,462.74453004961924,2.6701290626078844,3000.928333029151,2322.8095587849534,107.58497593887195,0.0,390,590,700,790,990,1200,1400,1700,2600,2900,3000
