Type,Name,Request Count,Failure Count,Median Response Time,Average Response Time,Min Response Time,Max Response Time,Average Content Size,Requests/s,Failures/s,50%,66%,75%,80%,90%,95%,98%,99%,99.9%,99.99%,100%
GET,/productpage?u=normal,924,0,2000.0,2009.0534402905698,137.8765820991248,4066.8681210372597,4957.491341991342,102.82666759494124,0.0,2000,2400,2800,2900,3400,3600,3800,3900,4100,4100,4100
GET,/productpage?u=test,373,0,2000.0,2111.4876063074917,369.16199792176485,4103.075159946457,4924.906166219839,41.50903356375875,0.0,2000,2500,2800,3100,3500,3700,3900,3900,4100,4100,4100
,Aggregated,1297,0,2000.0,2038.5121480194146,137.8765820991248,4103.075159946457,4948.120277563608,144.33570115869998,0.0,2000,2500,2800,3000,3500,3600,3800,3900,4100,4100,4100
